Version,Platform,Released,VirusTotal
[`7.12.1` {octicon}`link-external`](https://github.com/kdeldycke/repomatic/releases/tag/v7.12.1),[{octicon}`download` `linux-arm64`](https://github.com/kdeldycke/repomatic/releases/download/v7.12.1/repomatic-7.12.1-linux-arm64.bin),2026-08-15,[{octicon}`shield-check;1em;sd-text-success`](https://www.virustotal.com/gui/file/41918fc5f5d6a862840bcacf50a58fd623869e980227bf4e8c3305c11be1a5ef)
[`7.12.1` {octicon}`link-external`](https://github.com/kdeldycke/repomatic/releases/tag/v7.12.1),[{octicon}`download` `linux-x64`](https://github.com/kdeldycke/repomatic/releases/download/v7.12.1/repomatic-7.12.1-linux-x64.bin),2026-08-15,[{octicon}`shield-check;1em;sd-text-success`](https://www.virustotal.com/gui/file/aca0f9e6d27d55e0b1391e5e1e3283f0eda4b0e197f4d8560862911085f7dae8)
[`7.12.1` {octicon}`link-external`](https://github.com/kdeldycke/repomatic/releases/tag/v7.12.1),[{octicon}`download` `macos-arm64`](https://github.com/kdeldycke/repomatic/releases/download/v7.12.1/repomatic-7.12.1-macos-arm64.bin),2026-08-15,[{octicon}`shield;1em;sd-text-warning` 1.7%](https://www.virustotal.com/gui/file/980c4e0bf9287e4e3adde6be3eca1882e7f6fa56ac95820e64ec789c4133b60b)
[`7.12.1` {octicon}`link-external`](https://github.com/kdeldycke/repomatic/releases/tag/v7.12.1),[{octicon}`download` `macos-x64`](https://github.com/kdeldycke/repomatic/releases/download/v7.12.1/repomatic-7.12.1-macos-x64.bin),2026-08-15,[{octicon}`shield-check;1em;sd-text-success`](https://www.virustotal.com/gui/file/36cb8418ec6c6d4505b01126e841e9125062d205415ecc34417c4349d0b17796)
[`7.12.1` {octicon}`link-external`](https://github.com/kdeldycke/repomatic/releases/tag/v7.12.1),[{octicon}`download` `windows-arm64`](https://github.com/kdeldycke/repomatic/releases/download/v7.12.1/repomatic-7.12.1-windows-arm64.exe),2026-08-15,[{octicon}`shield;1em;sd-text-warning` 2.9%](https://www.virustotal.com/gui/file/94f68b927a4733b8bce527334bbd83d455d8bebe3851fe85a4377ac88f49aa35)
[`7.12.1` {octicon}`link-external`](https://github.com/kdeldycke/repomatic/releases/tag/v7.12.1),[{octicon}`download` `windows-x64`](https://github.com/kdeldycke/repomatic/releases/download/v7.12.1/repomatic-7.12.1-windows-x64.exe),2026-08-15,[{octicon}`shield;1em;sd-text-danger` 21.4%](https://www.virustotal.com/gui/file/7031b56e8c33df1ab16abed630f8a1c0c70b45f235a093758ab3d8086d4e9264)
[`7.12.0` {octicon}`link-external`](https://github.com/kdeldycke/repomatic/releases/tag/v7.12.0),[{octicon}`download` `linux-arm64`](https://github.com/kdeldycke/repomatic/releases/download/v7.12.0/repomatic-7.12.0-linux-arm64.bin),2026-08-14,[{octicon}`shield;1em;sd-text-warning` 1.9%](https://www.virustotal.com/gui/file/966dadf69e08ea890b3ce8df88d1ccc8e63559747e0d0884e341269d785f3024)
[`7.12.0` {octicon}`link-external`](https://github.com/kdeldycke/repomatic/releases/tag/v7.12.0),[{octicon}`download` `linux-x64`](https://github.com/kdeldycke/repomatic/releases/download/v7.12.0/repomatic-7.12.0-linux-x64.bin),2026-08-14,[{octicon}`shield;1em;sd-text-warning` 1.6%](https://www.virustotal.com/gui/file/6407a72ea1c12eb60f6a71804b614d3cfb7b8e59ab56cea24c1459d0f0c9bcf7)
[`7.12.0` {octicon}`link-external`](https://github.com/kdeldycke/repomatic/releases/tag/v7.12.0),[{octicon}`download` `macos-arm64`](https://github.com/kdeldycke/repomatic/releases/download/v7.12.0/repomatic-7.12.0-macos-arm64.bin),2026-08-14,[{octicon}`shield-check;1em;sd-text-success`](https://www.virustotal.com/gui/file/4afba33641af1261f95ffd6ce3c463bd450ec0b993215c561bd06f7de0ae9746)
[`7.12.0` {octicon}`link-external`](https://github.com/kdeldycke/repomatic/releases/tag/v7.12.0),[{octicon}`download` `macos-x64`](https://github.com/kdeldycke/repomatic/releases/download/v7.12.0/repomatic-7.12.0-macos-x64.bin),2026-08-14,[{octicon}`shield-check;1em;sd-text-success`](https://www.virustotal.com/gui/file/55329fc479ee2e08f7612093e22d325914bfb944c47bf4f2e2aea33d82d71fe9)
[`7.12.0` {octicon}`link-external`](https://github.com/kdeldycke/repomatic/releases/tag/v7.12.0),[{octicon}`download` `windows-arm64`](https://github.com/kdeldycke/repomatic/releases/download/v7.12.0/repomatic-7.12.0-windows-arm64.exe),2026-08-14,[{octicon}`shield;1em;sd-text-warning` 2.9%](https://www.virustotal.com/gui/file/299ccc227460634d016b9e52c24980d3eca4f58a77e8bdb4208d8c193a046981)
[`7.12.0` {octicon}`link-external`](https://github.com/kdeldycke/repomatic/releases/tag/v7.12.0),[{octicon}`download` `windows-x64`](https://github.com/kdeldycke/repomatic/releases/download/v7.12.0/repomatic-7.12.0-windows-x64.exe),2026-08-14,[{octicon}`shield;1em;sd-text-danger` 21.4%](https://www.virustotal.com/gui/file/7db28a017ff93caaad8e58bfd77220ca2ad7f15ae395de87eed70108f66346d1)
[`7.11.0` {octicon}`link-external`](https://github.com/kdeldycke/repomatic/releases/tag/v7.11.0),[{octicon}`download` `linux-arm64`](https://github.com/kdeldycke/repomatic/releases/download/v7.11.0/repomatic-7.11.0-linux-arm64.bin),2026-08-13,[{octicon}`shield-check;1em;sd-text-success`](https://www.virustotal.com/gui/file/86b8e114c3a017ae8a0d623a73dace467e0fdab9d7eb23a2f6ed123493b65155)
[`7.11.0` {octicon}`link-external`](https://github.com/kdeldycke/repomatic/releases/tag/v7.11.0),[{octicon}`download` `linux-x64`](https://github.com/kdeldycke/repomatic/releases/download/v7.11.0/repomatic-7.11.0-linux-x64.bin),2026-08-13,[{octicon}`shield;1em;sd-text-warning` 1.6%](https://www.virustotal.com/gui/file/329b2e6794a3d7dbb6d512c86659ce1515b4f3d6aeaacf2fac8a1b1a9fb3687a)
[`7.11.0` {octicon}`link-external`](https://github.com/kdeldycke/repomatic/releases/tag/v7.11.0),[{octicon}`download` `macos-arm64`](https://github.com/kdeldycke/repomatic/releases/download/v7.11.0/repomatic-7.11.0-macos-arm64.bin),2026-08-13,[{octicon}`shield;1em;sd-text-warning` 1.6%](https://www.virustotal.com/gui/file/b5c054312b4500edc27888f9bc47b51e984c8d0bc3ab2487b4e1b3977b52ea48)
[`7.11.0` {octicon}`link-external`](https://github.com/kdeldycke/repomatic/releases/tag/v7.11.0),[{octicon}`download` `macos-x64`](https://github.com/kdeldycke/repomatic/releases/download/v7.11.0/repomatic-7.11.0-macos-x64.bin),2026-08-13,[{octicon}`shield;1em;sd-text-warning` 1.6%](https://www.virustotal.com/gui/file/f3f37d5450653625337db0fc4aad35a1072e40cf2a9f8f63f5ade1723868344f)
[`7.11.0` {octicon}`link-external`](https://github.com/kdeldycke/repomatic/releases/tag/v7.11.0),[{octicon}`download` `windows-arm64`](https://github.com/kdeldycke/repomatic/releases/download/v7.11.0/repomatic-7.11.0-windows-arm64.exe),2026-08-13,[{octicon}`shield;1em;sd-text-warning` 4.4%](https://www.virustotal.com/gui/file/6f8f8fb25fde920298081d9f0d06eab6176ce40141b85d172a73579dbf2b293a)
[`7.11.0` {octicon}`link-external`](https://github.com/kdeldycke/repomatic/releases/tag/v7.11.0),[{octicon}`download` `windows-x64`](https://github.com/kdeldycke/repomatic/releases/download/v7.11.0/repomatic-7.11.0-windows-x64.exe),2026-08-13,[{octicon}`shield;1em;sd-text-danger` 23.2%](https://www.virustotal.com/gui/file/1e7740f01b879ccbdaf5073357cb7b3e3076515d429d69edfb9b3ce92089b324)
[`7.10.0` {octicon}`link-external`](https://github.com/kdeldycke/repomatic/releases/tag/v7.10.0),[{octicon}`download` `linux-arm64`](https://github.com/kdeldycke/repomatic/releases/download/v7.10.0/repomatic-7.10.0-linux-arm64.bin),2026-08-12,[{octicon}`shield;1em;sd-text-warning` 1.6%](https://www.virustotal.com/gui/file/06982107113460e5fc68533f60301ed91ad08044236ba5ce28a4a09e97853ba1)
[`7.10.0` {octicon}`link-external`](https://github.com/kdeldycke/repomatic/releases/tag/v7.10.0),[{octicon}`download` `linux-x64`](https://github.com/kdeldycke/repomatic/releases/download/v7.10.0/repomatic-7.10.0-linux-x64.bin),2026-08-12,[{octicon}`shield;1em;sd-text-warning` 1.6%](https://www.virustotal.com/gui/file/a9cfb0512ea2c8e4ed8aa583b90c317612bc14058293b3d967eb8059922458c3)
[`7.10.0` {octicon}`link-external`](https://github.com/kdeldycke/repomatic/releases/tag/v7.10.0),[{octicon}`download` `macos-arm64`](https://github.com/kdeldycke/repomatic/releases/download/v7.10.0/repomatic-7.10.0-macos-arm64.bin),2026-08-12,[{octicon}`shield;1em;sd-text-warning` 1.7%](https://www.virustotal.com/gui/file/2c7350a0e80e54fd9262634116e538fb1bf9badd8c4739e97cd05bc51918ed01)
[`7.10.0` {octicon}`link-external`](https://github.com/kdeldycke/repomatic/releases/tag/v7.10.0),[{octicon}`download` `macos-x64`](https://github.com/kdeldycke/repomatic/releases/download/v7.10.0/repomatic-7.10.0-macos-x64.bin),2026-08-12,[{octicon}`shield-check;1em;sd-text-success`](https://www.virustotal.com/gui/file/6944837376d3ecf0abe157c67e7bf7e61f26006a4da838f853c914d980d92478)
[`7.10.0` {octicon}`link-external`](https://github.com/kdeldycke/repomatic/releases/tag/v7.10.0),[{octicon}`download` `windows-arm64`](https://github.com/kdeldycke/repomatic/releases/download/v7.10.0/repomatic-7.10.0-windows-arm64.exe),2026-08-12,[{octicon}`shield;1em;sd-text-warning` 4.4%](https://www.virustotal.com/gui/file/9138ae8dd680915a433624f499fbe015cd6670a3b2149b7bfeb8f8863f88ad35)
[`7.10.0` {octicon}`link-external`](https://github.com/kdeldycke/repomatic/releases/tag/v7.10.0),[{octicon}`download` `windows-x64`](https://github.com/kdeldycke/repomatic/releases/download/v7.10.0/repomatic-7.10.0-windows-x64.exe),2026-08-12,[{octicon}`shield;1em;sd-text-danger` 21.4%](https://www.virustotal.com/gui/file/3f93fe6078af1fea483856b1b64471036db8e7b37e98a2b517b12dc7dc01405b)
[`7.9.0` {octicon}`link-external`](https://github.com/kdeldycke/repomatic/releases/tag/v7.9.0),[{octicon}`download` `linux-arm64`](https://github.com/kdeldycke/repomatic/releases/download/v7.9.0/repomatic-7.9.0-linux-arm64.bin),2026-08-10,[{octicon}`shield-check;1em;sd-text-success`](https://www.virustotal.com/gui/file/1a0543feb74619727a293705e127abd3e6ac1e34495ff35b48b9aefe2a657f1a)
[`7.9.0` {octicon}`link-external`](https://github.com/kdeldycke/repomatic/releases/tag/v7.9.0),[{octicon}`download` `linux-x64`](https://github.com/kdeldycke/repomatic/releases/download/v7.9.0/repomatic-7.9.0-linux-x64.bin),2026-08-10,[{octicon}`shield-check;1em;sd-text-success`](https://www.virustotal.com/gui/file/abd78dc1a7c3a81a6231c52a0f3b57d0b8b9342b2552e2e9dd71a99b23c4bb78)
[`7.9.0` {octicon}`link-external`](https://github.com/kdeldycke/repomatic/releases/tag/v7.9.0),[{octicon}`download` `macos-arm64`](https://github.com/kdeldycke/repomatic/releases/download/v7.9.0/repomatic-7.9.0-macos-arm64.bin),2026-08-10,[{octicon}`shield;1em;sd-text-warning` 1.6%](https://www.virustotal.com/gui/file/63fd00da061ef9b19a410132e55db3a3ccd0229815965e6117371fe162edf537)
[`7.9.0` {octicon}`link-external`](https://github.com/kdeldycke/repomatic/releases/tag/v7.9.0),[{octicon}`download` `macos-x64`](https://github.com/kdeldycke/repomatic/releases/download/v7.9.0/repomatic-7.9.0-macos-x64.bin),2026-08-10,[{octicon}`shield;1em;sd-text-warning` 1.6%](https://www.virustotal.com/gui/file/16dbd33f900b89007ba78dcb4ac167110b3f1f65ad3726893cc7f810a41a46f1)
[`7.9.0` {octicon}`link-external`](https://github.com/kdeldycke/repomatic/releases/tag/v7.9.0),[{octicon}`download` `windows-arm64`](https://github.com/kdeldycke/repomatic/releases/download/v7.9.0/repomatic-7.9.0-windows-arm64.exe),2026-08-10,[{octicon}`shield;1em;sd-text-warning` 2.9%](https://www.virustotal.com/gui/file/2377a693f47edaac3f1af0d6fee3aecaeadf11893c69d5da986813c533568f9c)
[`7.9.0` {octicon}`link-external`](https://github.com/kdeldycke/repomatic/releases/tag/v7.9.0),[{octicon}`download` `windows-x64`](https://github.com/kdeldycke/repomatic/releases/download/v7.9.0/repomatic-7.9.0-windows-x64.exe),2026-08-10,[{octicon}`shield;1em;sd-text-danger` 24.3%](https://www.virustotal.com/gui/file/c73dbc1c733cb23ed4b0c8ef94343ccf1983e9510b16c638d6ea102928686b03)
[`7.8.0` {octicon}`link-external`](https://github.com/kdeldycke/repomatic/releases/tag/v7.8.0),[{octicon}`download` `linux-arm64`](https://github.com/kdeldycke/repomatic/releases/download/v7.8.0/repomatic-7.8.0-linux-arm64.bin),2026-08-09,[{octicon}`shield-check;1em;sd-text-success`](https://www.virustotal.com/gui/file/461b7b94eea8f152df9b1d80a38a6684076ba74acd1a02976a48bf562c95faf0)
[`7.8.0` {octicon}`link-external`](https://github.com/kdeldycke/repomatic/releases/tag/v7.8.0),[{octicon}`download` `linux-x64`](https://github.com/kdeldycke/repomatic/releases/download/v7.8.0/repomatic-7.8.0-linux-x64.bin),2026-08-09,[{octicon}`shield;1em;sd-text-warning` 1.6%](https://www.virustotal.com/gui/file/62a3dfc7d40164076d5e265431218aaf4c376eb528befd7e61e9126c2ede40a2)
[`7.8.0` {octicon}`link-external`](https://github.com/kdeldycke/repomatic/releases/tag/v7.8.0),[{octicon}`download` `macos-arm64`](https://github.com/kdeldycke/repomatic/releases/download/v7.8.0/repomatic-7.8.0-macos-arm64.bin),2026-08-09,[{octicon}`shield-check;1em;sd-text-success`](https://www.virustotal.com/gui/file/3bb59f67a8614ed742a7b71cfdd58df43161c190c8ae7c1c2c510636c06567a7)
[`7.8.0` {octicon}`link-external`](https://github.com/kdeldycke/repomatic/releases/tag/v7.8.0),[{octicon}`download` `macos-x64`](https://github.com/kdeldycke/repomatic/releases/download/v7.8.0/repomatic-7.8.0-macos-x64.bin),2026-08-09,[{octicon}`shield;1em;sd-text-warning` 1.6%](https://www.virustotal.com/gui/file/65a62a9da0e2b91d4dc5900797cea727e6fb4e5b77e65c3611fa69a01ac9ad61)
[`7.8.0` {octicon}`link-external`](https://github.com/kdeldycke/repomatic/releases/tag/v7.8.0),[{octicon}`download` `windows-arm64`](https://github.com/kdeldycke/repomatic/releases/download/v7.8.0/repomatic-7.8.0-windows-arm64.exe),2026-08-09,[{octicon}`shield;1em;sd-text-warning` 2.9%](https://www.virustotal.com/gui/file/d7d67f58cd89aaf9632018512c33b93187dec03ff8ef9ebbdfbb93328c492d2b)
[`7.8.0` {octicon}`link-external`](https://github.com/kdeldycke/repomatic/releases/tag/v7.8.0),[{octicon}`download` `windows-x64`](https://github.com/kdeldycke/repomatic/releases/download/v7.8.0/repomatic-7.8.0-windows-x64.exe),2026-08-09,[{octicon}`shield;1em;sd-text-danger` 27.9%](https://www.virustotal.com/gui/file/fcee5f3ac8100261cb6f475ad7df3146774f163b2080cb8e916dadfd7ad039cd)
[`7.6.0` {octicon}`link-external`](https://github.com/kdeldycke/repomatic/releases/tag/v7.6.0),[{octicon}`download` `linux-arm64`](https://github.com/kdeldycke/repomatic/releases/download/v7.6.0/repomatic-7.6.0-linux-arm64.bin),2026-08-08,[{octicon}`shield-check;1em;sd-text-success`](https://www.virustotal.com/gui/file/0d1e5f6e888489449c2741930157fecf031659db09af906e774a284f9c0fb195)
[`7.6.0` {octicon}`link-external`](https://github.com/kdeldycke/repomatic/releases/tag/v7.6.0),[{octicon}`download` `linux-x64`](https://github.com/kdeldycke/repomatic/releases/download/v7.6.0/repomatic-7.6.0-linux-x64.bin),2026-08-08,[{octicon}`shield-check;1em;sd-text-success`](https://www.virustotal.com/gui/file/811c52a27a722fcbb8c5f6f777a46fbf29c257a92f2c08d404f805d557ae10df)
[`7.6.0` {octicon}`link-external`](https://github.com/kdeldycke/repomatic/releases/tag/v7.6.0),[{octicon}`download` `macos-arm64`](https://github.com/kdeldycke/repomatic/releases/download/v7.6.0/repomatic-7.6.0-macos-arm64.bin),2026-08-08,[{octicon}`shield;1em;sd-text-warning` 1.6%](https://www.virustotal.com/gui/file/2272c76b9caa331b909311839e1a19cc69b73cef4f16a355cd8ebdcc193a392a)
[`7.6.0` {octicon}`link-external`](https://github.com/kdeldycke/repomatic/releases/tag/v7.6.0),[{octicon}`download` `macos-x64`](https://github.com/kdeldycke/repomatic/releases/download/v7.6.0/repomatic-7.6.0-macos-x64.bin),2026-08-08,[{octicon}`shield;1em;sd-text-warning` 1.7%](https://www.virustotal.com/gui/file/c403cdd854e8bf33e2d57c44317b85030ebb455b1eb4bc02e82d435536595e16)
[`7.6.0` {octicon}`link-external`](https://github.com/kdeldycke/repomatic/releases/tag/v7.6.0),[{octicon}`download` `windows-arm64`](https://github.com/kdeldycke/repomatic/releases/download/v7.6.0/repomatic-7.6.0-windows-arm64.exe),2026-08-08,[{octicon}`shield;1em;sd-text-warning` 2.9%](https://www.virustotal.com/gui/file/01e5fd18b5c8d5c87ff5ab929d7fe3630bd65b3e9943914873dd2786e8b2f8e8)
[`7.6.0` {octicon}`link-external`](https://github.com/kdeldycke/repomatic/releases/tag/v7.6.0),[{octicon}`download` `windows-x64`](https://github.com/kdeldycke/repomatic/releases/download/v7.6.0/repomatic-7.6.0-windows-x64.exe),2026-08-08,[{octicon}`shield;1em;sd-text-danger` 30.0%](https://www.virustotal.com/gui/file/41a3c3be8fb8126a5a0e8164e568f7414ca84a3cfa646b4711e5b65d5a02260a)
[`7.5.0` {octicon}`link-external`](https://github.com/kdeldycke/repomatic/releases/tag/v7.5.0),[{octicon}`download` `linux-arm64`](https://github.com/kdeldycke/repomatic/releases/download/v7.5.0/repomatic-7.5.0-linux-arm64.bin),2026-08-07,[{octicon}`shield-check;1em;sd-text-success`](https://www.virustotal.com/gui/file/999cc3d9b3e82b77c9845efd1c45cc1c5ef18d2645b363e9df3a92249e53d4df)
[`7.5.0` {octicon}`link-external`](https://github.com/kdeldycke/repomatic/releases/tag/v7.5.0),[{octicon}`download` `linux-x64`](https://github.com/kdeldycke/repomatic/releases/download/v7.5.0/repomatic-7.5.0-linux-x64.bin),2026-08-07,[{octicon}`shield;1em;sd-text-warning` 1.6%](https://www.virustotal.com/gui/file/59920f51df5aef4eec6674b83967d0c3e71ec5013336066df89b292a2c946ae9)
[`7.5.0` {octicon}`link-external`](https://github.com/kdeldycke/repomatic/releases/tag/v7.5.0),[{octicon}`download` `macos-arm64`](https://github.com/kdeldycke/repomatic/releases/download/v7.5.0/repomatic-7.5.0-macos-arm64.bin),2026-08-07,[{octicon}`shield-check;1em;sd-text-success`](https://www.virustotal.com/gui/file/70605003c9778d9aed4acb385e9327560bec554ef05cd3b893847d97878cc7bb)
[`7.5.0` {octicon}`link-external`](https://github.com/kdeldycke/repomatic/releases/tag/v7.5.0),[{octicon}`download` `macos-x64`](https://github.com/kdeldycke/repomatic/releases/download/v7.5.0/repomatic-7.5.0-macos-x64.bin),2026-08-07,[{octicon}`shield;1em;sd-text-warning` 1.7%](https://www.virustotal.com/gui/file/6659aa8aad958f3912aa29f3b6b9a70ab6bfeb15c6d2e78577b2cfa2bf28240c)
[`7.4.1` {octicon}`link-external`](https://github.com/kdeldycke/repomatic/releases/tag/v7.4.1),[{octicon}`download` `linux-arm64`](https://github.com/kdeldycke/repomatic/releases/download/v7.4.1/repomatic-7.4.1-linux-arm64.bin),2026-08-01,[{octicon}`shield-check;1em;sd-text-success`](https://www.virustotal.com/gui/file/a15888ade440cb2b70839bd0a9f823b1907a8d94648520ce39daaa124ff7bfa2)
[`7.4.1` {octicon}`link-external`](https://github.com/kdeldycke/repomatic/releases/tag/v7.4.1),[{octicon}`download` `linux-x64`](https://github.com/kdeldycke/repomatic/releases/download/v7.4.1/repomatic-7.4.1-linux-x64.bin),2026-08-01,[{octicon}`shield;1em;sd-text-warning` 1.6%](https://www.virustotal.com/gui/file/4c2b95f68498bcf4d4cf8ca3227918591a313c3fe4bdf02947b1bcef29517ec5)
[`7.4.1` {octicon}`link-external`](https://github.com/kdeldycke/repomatic/releases/tag/v7.4.1),[{octicon}`download` `macos-arm64`](https://github.com/kdeldycke/repomatic/releases/download/v7.4.1/repomatic-7.4.1-macos-arm64.bin),2026-08-01,[{octicon}`shield-check;1em;sd-text-success`](https://www.virustotal.com/gui/file/08d12d30e09067141bc03beb9d7b74aba2710c6b6449350a777031199ecbb876)
[`7.4.1` {octicon}`link-external`](https://github.com/kdeldycke/repomatic/releases/tag/v7.4.1),[{octicon}`download` `macos-x64`](https://github.com/kdeldycke/repomatic/releases/download/v7.4.1/repomatic-7.4.1-macos-x64.bin),2026-08-01,[{octicon}`shield-check;1em;sd-text-success`](https://www.virustotal.com/gui/file/c959d7a911e152b6ab0f9030ac1c1175fc71ad3cc0620dcd6077971728961402)
[`7.4.1` {octicon}`link-external`](https://github.com/kdeldycke/repomatic/releases/tag/v7.4.1),[{octicon}`download` `windows-arm64`](https://github.com/kdeldycke/repomatic/releases/download/v7.4.1/repomatic-7.4.1-windows-arm64.exe),2026-08-01,[{octicon}`shield;1em;sd-text-warning` 4.4%](https://www.virustotal.com/gui/file/88eaa42b6d312d80b97dc254294f142394f17fd0f1ea72b1c79a502fc3b70d30)
[`7.4.1` {octicon}`link-external`](https://github.com/kdeldycke/repomatic/releases/tag/v7.4.1),[{octicon}`download` `windows-x64`](https://github.com/kdeldycke/repomatic/releases/download/v7.4.1/repomatic-7.4.1-windows-x64.exe),2026-08-01,[{octicon}`shield;1em;sd-text-danger` 30.0%](https://www.virustotal.com/gui/file/d83afc14e6015c0f984ca322def23114eba965396aa0ca8f1cab02c2bffc29ce)
[`7.4.0` {octicon}`link-external`](https://github.com/kdeldycke/repomatic/releases/tag/v7.4.0),[{octicon}`download` `linux-arm64`](https://github.com/kdeldycke/repomatic/releases/download/v7.4.0/repomatic-7.4.0-linux-arm64.bin),2026-07-31,[{octicon}`shield` analysis](https://www.virustotal.com/gui/file/40b78fa7d8745080130a5ca51e41b66a030c7ee47db2473f19f0e70e6814a73a)
[`7.4.0` {octicon}`link-external`](https://github.com/kdeldycke/repomatic/releases/tag/v7.4.0),[{octicon}`download` `linux-x64`](https://github.com/kdeldycke/repomatic/releases/download/v7.4.0/repomatic-7.4.0-linux-x64.bin),2026-07-31,[{octicon}`shield-check;1em;sd-text-success`](https://www.virustotal.com/gui/file/d40ace95c0289756355a7c2cf5bbe04d3d9e4d3f0cb7126d81ad37f1a2443db9)
[`7.4.0` {octicon}`link-external`](https://github.com/kdeldycke/repomatic/releases/tag/v7.4.0),[{octicon}`download` `macos-arm64`](https://github.com/kdeldycke/repomatic/releases/download/v7.4.0/repomatic-7.4.0-macos-arm64.bin),2026-07-31,[{octicon}`shield;1em;sd-text-warning` 1.6%](https://www.virustotal.com/gui/file/3ad58cb3b30a403685ddfaa2ba698e63f3af5dc922c7dd61e8ed4c3d8908814d)
[`7.4.0` {octicon}`link-external`](https://github.com/kdeldycke/repomatic/releases/tag/v7.4.0),[{octicon}`download` `macos-x64`](https://github.com/kdeldycke/repomatic/releases/download/v7.4.0/repomatic-7.4.0-macos-x64.bin),2026-07-31,[{octicon}`shield;1em;sd-text-warning` 1.8%](https://www.virustotal.com/gui/file/6d318b25815f0e01b04b2d396961c8fc3738a554e2fb5f088477688950f99cb8)
[`7.4.0` {octicon}`link-external`](https://github.com/kdeldycke/repomatic/releases/tag/v7.4.0),[{octicon}`download` `windows-arm64`](https://github.com/kdeldycke/repomatic/releases/download/v7.4.0/repomatic-7.4.0-windows-arm64.exe),2026-07-31,[{octicon}`shield;1em;sd-text-warning` 4.7%](https://www.virustotal.com/gui/file/b4300b197512c6ddeae0d7a4daa1a539eaff496f5461b801210210a06b7350d0)
[`7.4.0` {octicon}`link-external`](https://github.com/kdeldycke/repomatic/releases/tag/v7.4.0),[{octicon}`download` `windows-x64`](https://github.com/kdeldycke/repomatic/releases/download/v7.4.0/repomatic-7.4.0-windows-x64.exe),2026-07-31,[{octicon}`shield` analysis](https://www.virustotal.com/gui/file/3f63b1e7b4c730d2d88b12c26732ed737d7ded13fc518df8f3c7ad5c7ae6b4e3)
[`7.3.1` {octicon}`link-external`](https://github.com/kdeldycke/repomatic/releases/tag/v7.3.1),[{octicon}`download` `linux-arm64`](https://github.com/kdeldycke/repomatic/releases/download/v7.3.1/repomatic-7.3.1-linux-arm64.bin),2026-07-28,[{octicon}`shield-check;1em;sd-text-success`](https://www.virustotal.com/gui/file/1e03884470ff9ae454273f1cb33cd78f8086d91953ccfd27fc1190f9d009ae1e)
[`7.3.1` {octicon}`link-external`](https://github.com/kdeldycke/repomatic/releases/tag/v7.3.1),[{octicon}`download` `linux-x64`](https://github.com/kdeldycke/repomatic/releases/download/v7.3.1/repomatic-7.3.1-linux-x64.bin),2026-07-28,[{octicon}`shield-check;1em;sd-text-success`](https://www.virustotal.com/gui/file/1047e4489e374224e90308b907a2b7c03b0cc19e3d071f7fe359ac292f2c5f84)
[`7.3.1` {octicon}`link-external`](https://github.com/kdeldycke/repomatic/releases/tag/v7.3.1),[{octicon}`download` `macos-arm64`](https://github.com/kdeldycke/repomatic/releases/download/v7.3.1/repomatic-7.3.1-macos-arm64.bin),2026-07-28,[{octicon}`shield;1em;sd-text-warning` 1.6%](https://www.virustotal.com/gui/file/02b99e89d92a276053c1ae34cd334664bf1f1f939b3e581d35e9c13a38597e97)
[`7.3.1` {octicon}`link-external`](https://github.com/kdeldycke/repomatic/releases/tag/v7.3.1),[{octicon}`download` `macos-x64`](https://github.com/kdeldycke/repomatic/releases/download/v7.3.1/repomatic-7.3.1-macos-x64.bin),2026-07-28,[{octicon}`shield;1em;sd-text-warning` 1.6%](https://www.virustotal.com/gui/file/0e3b20a021c856fffcdb60271077d4d1583824d2deaf8d7cacbe0b1c4e9943b5)
[`7.3.1` {octicon}`link-external`](https://github.com/kdeldycke/repomatic/releases/tag/v7.3.1),[{octicon}`download` `windows-arm64`](https://github.com/kdeldycke/repomatic/releases/download/v7.3.1/repomatic-7.3.1-windows-arm64.exe),2026-07-28,[{octicon}`shield;1em;sd-text-warning` 3.0%](https://www.virustotal.com/gui/file/b76ca73cf5f0da847b0fd78f9a5c95f6fa26429f4c32265a6bd83d9bdc09086f)
[`7.3.1` {octicon}`link-external`](https://github.com/kdeldycke/repomatic/releases/tag/v7.3.1),[{octicon}`download` `windows-x64`](https://github.com/kdeldycke/repomatic/releases/download/v7.3.1/repomatic-7.3.1-windows-x64.exe),2026-07-28,[{octicon}`shield;1em;sd-text-danger` 32.4%](https://www.virustotal.com/gui/file/c22336a704f6f470f89b237f1c590e4a7725233eac126520bead39c5c94a86f9)
[`7.3.0` {octicon}`link-external`](https://github.com/kdeldycke/repomatic/releases/tag/v7.3.0),[{octicon}`download` `linux-arm64`](https://github.com/kdeldycke/repomatic/releases/download/v7.3.0/repomatic-7.3.0-linux-arm64.bin),2026-07-23,[{octicon}`shield-check;1em;sd-text-success`](https://www.virustotal.com/gui/file/4f790257e18b31cb20c7be39884e209ee782dd63f59ffbb616b86b712a8a76cd)
[`7.3.0` {octicon}`link-external`](https://github.com/kdeldycke/repomatic/releases/tag/v7.3.0),[{octicon}`download` `linux-x64`](https://github.com/kdeldycke/repomatic/releases/download/v7.3.0/repomatic-7.3.0-linux-x64.bin),2026-07-23,[{octicon}`shield-check;1em;sd-text-success`](https://www.virustotal.com/gui/file/030a5df40d62cba86c8d7ec0212404bd0e374fcdb76f4b6e0da95fe33cfc4b1c)
[`7.3.0` {octicon}`link-external`](https://github.com/kdeldycke/repomatic/releases/tag/v7.3.0),[{octicon}`download` `macos-arm64`](https://github.com/kdeldycke/repomatic/releases/download/v7.3.0/repomatic-7.3.0-macos-arm64.bin),2026-07-23,[{octicon}`shield-check;1em;sd-text-success`](https://www.virustotal.com/gui/file/fd74df4124860be6d0846fddc91678d798a37b11cb51ae79d259703335d551e8)
[`7.3.0` {octicon}`link-external`](https://github.com/kdeldycke/repomatic/releases/tag/v7.3.0),[{octicon}`download` `macos-x64`](https://github.com/kdeldycke/repomatic/releases/download/v7.3.0/repomatic-7.3.0-macos-x64.bin),2026-07-23,[{octicon}`shield-check;1em;sd-text-success`](https://www.virustotal.com/gui/file/cea7255ee2120c0d75ea37c8a112ed3e4489028d22994a8281cee2841e73fc67)
[`7.3.0` {octicon}`link-external`](https://github.com/kdeldycke/repomatic/releases/tag/v7.3.0),[{octicon}`download` `windows-arm64`](https://github.com/kdeldycke/repomatic/releases/download/v7.3.0/repomatic-7.3.0-windows-arm64.exe),2026-07-23,[{octicon}`shield;1em;sd-text-warning` 4.5%](https://www.virustotal.com/gui/file/bbb1de1e89d9aa0cf5860c34d55aa2417fd605ded9acaa615896a5d6f373d2c6)
[`7.3.0` {octicon}`link-external`](https://github.com/kdeldycke/repomatic/releases/tag/v7.3.0),[{octicon}`download` `windows-x64`](https://github.com/kdeldycke/repomatic/releases/download/v7.3.0/repomatic-7.3.0-windows-x64.exe),2026-07-23,[{octicon}`shield;1em;sd-text-danger` 21.7%](https://www.virustotal.com/gui/file/59a1a4478d69cfcdc63d012bf804136e4824fa85164568bd7febacdf5bf2af73)
[`7.2.0` {octicon}`link-external`](https://github.com/kdeldycke/repomatic/releases/tag/v7.2.0),[{octicon}`download` `linux-arm64`](https://github.com/kdeldycke/repomatic/releases/download/v7.2.0/repomatic-7.2.0-linux-arm64.bin),2026-07-16,[{octicon}`shield-check;1em;sd-text-success`](https://www.virustotal.com/gui/file/a168275bc89f4faab2dd13720571925c034f56fe113bf0054622d0a27752f87c)
[`7.2.0` {octicon}`link-external`](https://github.com/kdeldycke/repomatic/releases/tag/v7.2.0),[{octicon}`download` `linux-x64`](https://github.com/kdeldycke/repomatic/releases/download/v7.2.0/repomatic-7.2.0-linux-x64.bin),2026-07-16,[{octicon}`shield-check;1em;sd-text-success`](https://www.virustotal.com/gui/file/9417746f4389c47301e9529678b1eebdb4b6f65224994db0a13c083468a97884)
[`7.2.0` {octicon}`link-external`](https://github.com/kdeldycke/repomatic/releases/tag/v7.2.0),[{octicon}`download` `macos-arm64`](https://github.com/kdeldycke/repomatic/releases/download/v7.2.0/repomatic-7.2.0-macos-arm64.bin),2026-07-16,[{octicon}`shield-check;1em;sd-text-success`](https://www.virustotal.com/gui/file/59c9d6b23290346705c0de445883e53dfcb6c2f9cf11288dd1b620b35abb34a0)
[`7.2.0` {octicon}`link-external`](https://github.com/kdeldycke/repomatic/releases/tag/v7.2.0),[{octicon}`download` `macos-x64`](https://github.com/kdeldycke/repomatic/releases/download/v7.2.0/repomatic-7.2.0-macos-x64.bin),2026-07-16,[{octicon}`shield-check;1em;sd-text-success`](https://www.virustotal.com/gui/file/c7d65e854fc880ae10ec936e93a10b148920e91e56fe5e12afa9f97b9a794e15)
[`7.2.0` {octicon}`link-external`](https://github.com/kdeldycke/repomatic/releases/tag/v7.2.0),[{octicon}`download` `windows-arm64`](https://github.com/kdeldycke/repomatic/releases/download/v7.2.0/repomatic-7.2.0-windows-arm64.exe),2026-07-16,[{octicon}`shield;1em;sd-text-warning` 3.3%](https://www.virustotal.com/gui/file/fd5d8fa083865b05355c0e7ea3fc5a05662ffaeff91aa254f7282e26703eb531)
[`7.2.0` {octicon}`link-external`](https://github.com/kdeldycke/repomatic/releases/tag/v7.2.0),[{octicon}`download` `windows-x64`](https://github.com/kdeldycke/repomatic/releases/download/v7.2.0/repomatic-7.2.0-windows-x64.exe),2026-07-16,[{octicon}`shield;1em;sd-text-danger` 29.4%](https://www.virustotal.com/gui/file/a68b9c2bb86c3c91bc3db27454c9a4972038276159df430dc6cc84152522fcb1)
[`7.1.0` {octicon}`link-external`](https://github.com/kdeldycke/repomatic/releases/tag/v7.1.0),[{octicon}`download` `linux-arm64`](https://github.com/kdeldycke/repomatic/releases/download/v7.1.0/repomatic-7.1.0-linux-arm64.bin),2026-07-08,[{octicon}`shield;1em;sd-text-warning` 1.7%](https://www.virustotal.com/gui/file/68aa82e3607550386ff4f2508b89a01e2cd1d6af4eba1fda12e07e7e80094b42)
[`7.1.0` {octicon}`link-external`](https://github.com/kdeldycke/repomatic/releases/tag/v7.1.0),[{octicon}`download` `linux-x64`](https://github.com/kdeldycke/repomatic/releases/download/v7.1.0/repomatic-7.1.0-linux-x64.bin),2026-07-08,[{octicon}`shield-check;1em;sd-text-success`](https://www.virustotal.com/gui/file/655a35c6c1a6b5ddacc79f7335649c57775d7f698888b38fc6cbf97390868577)
[`7.1.0` {octicon}`link-external`](https://github.com/kdeldycke/repomatic/releases/tag/v7.1.0),[{octicon}`download` `macos-arm64`](https://github.com/kdeldycke/repomatic/releases/download/v7.1.0/repomatic-7.1.0-macos-arm64.bin),2026-07-08,[{octicon}`shield;1em;sd-text-warning` 3.3%](https://www.virustotal.com/gui/file/e8426c7d402446d216af619e979e97a3a0468723d0535e1b869c576bd5795743)
[`7.1.0` {octicon}`link-external`](https://github.com/kdeldycke/repomatic/releases/tag/v7.1.0),[{octicon}`download` `macos-x64`](https://github.com/kdeldycke/repomatic/releases/download/v7.1.0/repomatic-7.1.0-macos-x64.bin),2026-07-08,[{octicon}`shield;1em;sd-text-warning` 1.9%](https://www.virustotal.com/gui/file/bd7f3276b6ec7bd7ef1c9917dc09b3e4121aba1d4d3b735f73206d9df8108e64)
[`7.1.0` {octicon}`link-external`](https://github.com/kdeldycke/repomatic/releases/tag/v7.1.0),[{octicon}`download` `windows-arm64`](https://github.com/kdeldycke/repomatic/releases/download/v7.1.0/repomatic-7.1.0-windows-arm64.exe),2026-07-08,[{octicon}`shield;1em;sd-text-warning` 3.0%](https://www.virustotal.com/gui/file/1d0733e96d308c097f527c9ef63e045e8fb0d3725d2d001815a7784d80de80aa)
[`7.1.0` {octicon}`link-external`](https://github.com/kdeldycke/repomatic/releases/tag/v7.1.0),[{octicon}`download` `windows-x64`](https://github.com/kdeldycke/repomatic/releases/download/v7.1.0/repomatic-7.1.0-windows-x64.exe),2026-07-08,[{octicon}`shield;1em;sd-text-danger` 26.5%](https://www.virustotal.com/gui/file/8db7485245db555ebcf93aedcd52392bd6099a857b701bacc4398072d78b05dd)
[`7.0.0` {octicon}`link-external`](https://github.com/kdeldycke/repomatic/releases/tag/v7.0.0),[{octicon}`download` `linux-arm64`](https://github.com/kdeldycke/repomatic/releases/download/v7.0.0/repomatic-7.0.0-linux-arm64.bin),2026-07-02,[{octicon}`shield;1em;sd-text-warning` 1.6%](https://www.virustotal.com/gui/file/75826ccdb464c890b2c9045a805d6d2635c74abcfb04677cb115812ef8a69767)
[`7.0.0` {octicon}`link-external`](https://github.com/kdeldycke/repomatic/releases/tag/v7.0.0),[{octicon}`download` `linux-x64`](https://github.com/kdeldycke/repomatic/releases/download/v7.0.0/repomatic-7.0.0-linux-x64.bin),2026-07-02,[{octicon}`shield-check;1em;sd-text-success`](https://www.virustotal.com/gui/file/fd2dcb6a362c6960da0122721a334e81ef2042f00b0401e76d30153146d88aff)
[`7.0.0` {octicon}`link-external`](https://github.com/kdeldycke/repomatic/releases/tag/v7.0.0),[{octicon}`download` `macos-arm64`](https://github.com/kdeldycke/repomatic/releases/download/v7.0.0/repomatic-7.0.0-macos-arm64.bin),2026-07-02,[{octicon}`shield;1em;sd-text-warning` 1.7%](https://www.virustotal.com/gui/file/63c763ba49ee4b29c8e2b6cf059eee3dde32a66501d08ea3643e0691344f7c42)
[`7.0.0` {octicon}`link-external`](https://github.com/kdeldycke/repomatic/releases/tag/v7.0.0),[{octicon}`download` `macos-x64`](https://github.com/kdeldycke/repomatic/releases/download/v7.0.0/repomatic-7.0.0-macos-x64.bin),2026-07-02,[{octicon}`shield;1em;sd-text-warning` 1.6%](https://www.virustotal.com/gui/file/cd945b36ec836be399373ce30ce3427a42d37e6d78a5b62ba205508256b49524)
[`7.0.0` {octicon}`link-external`](https://github.com/kdeldycke/repomatic/releases/tag/v7.0.0),[{octicon}`download` `windows-arm64`](https://github.com/kdeldycke/repomatic/releases/download/v7.0.0/repomatic-7.0.0-windows-arm64.exe),2026-07-02,[{octicon}`shield;1em;sd-text-warning` 3.0%](https://www.virustotal.com/gui/file/db40ae96d71ac86a7b3351f95c3dee2c9c186255f0e38122f920a9d22c1be165)
[`7.0.0` {octicon}`link-external`](https://github.com/kdeldycke/repomatic/releases/tag/v7.0.0),[{octicon}`download` `windows-x64`](https://github.com/kdeldycke/repomatic/releases/download/v7.0.0/repomatic-7.0.0-windows-x64.exe),2026-07-02,[{octicon}`shield;1em;sd-text-danger` 21.4%](https://www.virustotal.com/gui/file/ed131a06c56e445e085950bba1ca157b2fc047650608393775e6000f7a8167e4)
[`6.31.0` {octicon}`link-external`](https://github.com/kdeldycke/repomatic/releases/tag/v6.31.0),[{octicon}`download` `linux-arm64`](https://github.com/kdeldycke/repomatic/releases/download/v6.31.0/repomatic-6.31.0-linux-arm64.bin),2026-06-27,[{octicon}`shield-check;1em;sd-text-success`](https://www.virustotal.com/gui/file/4a8cd1c91a410ce3cd782563a994bb7a1942bcff452e5faf09ca9a0800a26fd6)
[`6.31.0` {octicon}`link-external`](https://github.com/kdeldycke/repomatic/releases/tag/v6.31.0),[{octicon}`download` `linux-x64`](https://github.com/kdeldycke/repomatic/releases/download/v6.31.0/repomatic-6.31.0-linux-x64.bin),2026-06-27,[{octicon}`shield-check;1em;sd-text-success`](https://www.virustotal.com/gui/file/ce237f030021e8679ce7a3aa089cfc8ba609d313578df876da6964db0761de33)
[`6.31.0` {octicon}`link-external`](https://github.com/kdeldycke/repomatic/releases/tag/v6.31.0),[{octicon}`download` `macos-arm64`](https://github.com/kdeldycke/repomatic/releases/download/v6.31.0/repomatic-6.31.0-macos-arm64.bin),2026-06-27,[{octicon}`shield;1em;sd-text-warning` 1.6%](https://www.virustotal.com/gui/file/d0b8a64fbb9fd50ff63310ac95c5e092a8d96b1c0f3af404b3da80b9d47153cb)
[`6.31.0` {octicon}`link-external`](https://github.com/kdeldycke/repomatic/releases/tag/v6.31.0),[{octicon}`download` `macos-x64`](https://github.com/kdeldycke/repomatic/releases/download/v6.31.0/repomatic-6.31.0-macos-x64.bin),2026-06-27,[{octicon}`shield-check;1em;sd-text-success`](https://www.virustotal.com/gui/file/6eb700d55ba4f3a0d88626e95f5ca947ecba1cdf21ff51eb06ac28bda36e624f)
[`6.31.0` {octicon}`link-external`](https://github.com/kdeldycke/repomatic/releases/tag/v6.31.0),[{octicon}`download` `windows-arm64`](https://github.com/kdeldycke/repomatic/releases/download/v6.31.0/repomatic-6.31.0-windows-arm64.exe),2026-06-27,[{octicon}`shield;1em;sd-text-warning` 4.4%](https://www.virustotal.com/gui/file/8a2be191e442f38138c4121038dc26e63f6703c14a6a65a4f2f7901566a57e32)
[`6.31.0` {octicon}`link-external`](https://github.com/kdeldycke/repomatic/releases/tag/v6.31.0),[{octicon}`download` `windows-x64`](https://github.com/kdeldycke/repomatic/releases/download/v6.31.0/repomatic-6.31.0-windows-x64.exe),2026-06-27,[{octicon}`shield;1em;sd-text-danger` 20.0%](https://www.virustotal.com/gui/file/c31f288789f754fd118f631bddf7aebb3e6b490a8854bc88839f98e9ee8d37d2)
[`6.30.0` {octicon}`link-external`](https://github.com/kdeldycke/repomatic/releases/tag/v6.30.0),[{octicon}`download` `linux-arm64`](https://github.com/kdeldycke/repomatic/releases/download/v6.30.0/repomatic-6.30.0-linux-arm64.bin),2026-06-24,[{octicon}`shield-check;1em;sd-text-success`](https://www.virustotal.com/gui/file/8b3d82a295491b0cfa9e8f1141794288f705fd9bc5b98f9e8ddde94359d30e81)
[`6.30.0` {octicon}`link-external`](https://github.com/kdeldycke/repomatic/releases/tag/v6.30.0),[{octicon}`download` `linux-x64`](https://github.com/kdeldycke/repomatic/releases/download/v6.30.0/repomatic-6.30.0-linux-x64.bin),2026-06-24,[{octicon}`shield-check;1em;sd-text-success`](https://www.virustotal.com/gui/file/661418f811b644ab183ef214aeb7d0733d3c565f2da465d8dd19533b5a83946e)
[`6.30.0` {octicon}`link-external`](https://github.com/kdeldycke/repomatic/releases/tag/v6.30.0),[{octicon}`download` `macos-arm64`](https://github.com/kdeldycke/repomatic/releases/download/v6.30.0/repomatic-6.30.0-macos-arm64.bin),2026-06-24,[{octicon}`shield;1em;sd-text-warning` 1.7%](https://www.virustotal.com/gui/file/ed96a49453fad606f5ad44d079cce98d7ca9606637820dae0bfbac6b42039276)
[`6.30.0` {octicon}`link-external`](https://github.com/kdeldycke/repomatic/releases/tag/v6.30.0),[{octicon}`download` `macos-x64`](https://github.com/kdeldycke/repomatic/releases/download/v6.30.0/repomatic-6.30.0-macos-x64.bin),2026-06-24,[{octicon}`shield-check;1em;sd-text-success`](https://www.virustotal.com/gui/file/145c703aebca1942fdedea63d51658a0f83bc28e64f174f529017a5d58521968)
[`6.30.0` {octicon}`link-external`](https://github.com/kdeldycke/repomatic/releases/tag/v6.30.0),[{octicon}`download` `windows-x64`](https://github.com/kdeldycke/repomatic/releases/download/v6.30.0/repomatic-6.30.0-windows-x64.exe),2026-06-24,[{octicon}`shield;1em;sd-text-danger` 18.8%](https://www.virustotal.com/gui/file/cd4d1fcad43a5f8f9b33deb4b884c1f2d19fbd7657111056e397d3a005ffdb26)
[`6.29.0` {octicon}`link-external`](https://github.com/kdeldycke/repomatic/releases/tag/v6.29.0),[{octicon}`download` `linux-arm64`](https://github.com/kdeldycke/repomatic/releases/download/v6.29.0/repomatic-6.29.0-linux-arm64.bin),2026-06-22,[{octicon}`shield-check;1em;sd-text-success`](https://www.virustotal.com/gui/file/ed377bfbc059d6439b78302f7f7c7a19834ad772e217a19cdb10a7df121f42da)
[`6.29.0` {octicon}`link-external`](https://github.com/kdeldycke/repomatic/releases/tag/v6.29.0),[{octicon}`download` `linux-x64`](https://github.com/kdeldycke/repomatic/releases/download/v6.29.0/repomatic-6.29.0-linux-x64.bin),2026-06-22,[{octicon}`shield-check;1em;sd-text-success`](https://www.virustotal.com/gui/file/13e5894f5d9c5db9fd82e1acbb39ccff0d6048dd6e336097ce02fafa9fe6b983)
[`6.29.0` {octicon}`link-external`](https://github.com/kdeldycke/repomatic/releases/tag/v6.29.0),[{octicon}`download` `macos-arm64`](https://github.com/kdeldycke/repomatic/releases/download/v6.29.0/repomatic-6.29.0-macos-arm64.bin),2026-06-22,[{octicon}`shield;1em;sd-text-warning` 1.7%](https://www.virustotal.com/gui/file/f66d9eb6a354b99d86da0e4c097b098fb536929854542d0fbf2d3bb6f1c86f6e)
[`6.29.0` {octicon}`link-external`](https://github.com/kdeldycke/repomatic/releases/tag/v6.29.0),[{octicon}`download` `macos-x64`](https://github.com/kdeldycke/repomatic/releases/download/v6.29.0/repomatic-6.29.0-macos-x64.bin),2026-06-22,[{octicon}`shield;1em;sd-text-warning` 1.7%](https://www.virustotal.com/gui/file/562aeb6975228124de5cd3a3d11a61797f0f989dc8500df28710e8c19e619d21)
[`6.29.0` {octicon}`link-external`](https://github.com/kdeldycke/repomatic/releases/tag/v6.29.0),[{octicon}`download` `windows-arm64`](https://github.com/kdeldycke/repomatic/releases/download/v6.29.0/repomatic-6.29.0-windows-arm64.exe),2026-06-22,[{octicon}`shield;1em;sd-text-warning` 4.5%](https://www.virustotal.com/gui/file/1d0d06245920501a7e85e36342346b642c8634a28dfb8e5555883436a285ea50)
[`6.29.0` {octicon}`link-external`](https://github.com/kdeldycke/repomatic/releases/tag/v6.29.0),[{octicon}`download` `windows-x64`](https://github.com/kdeldycke/repomatic/releases/download/v6.29.0/repomatic-6.29.0-windows-x64.exe),2026-06-22,[{octicon}`shield;1em;sd-text-danger` 25.0%](https://www.virustotal.com/gui/file/8d47575aa2002b6b0399bfa9fa46366bfbaba02178029f451ed90c16f6f141d3)
[`6.28.1` {octicon}`link-external`](https://github.com/kdeldycke/repomatic/releases/tag/v6.28.1),[{octicon}`download` `linux-arm64`](https://github.com/kdeldycke/repomatic/releases/download/v6.28.1/repomatic-6.28.1-linux-arm64.bin),2026-06-19,[{octicon}`shield-check;1em;sd-text-success`](https://www.virustotal.com/gui/file/6299fa802b0ac43aed658a8a34b8ba68b8784b1f640915b1a6b8279b41bcc615)
[`6.28.1` {octicon}`link-external`](https://github.com/kdeldycke/repomatic/releases/tag/v6.28.1),[{octicon}`download` `linux-x64`](https://github.com/kdeldycke/repomatic/releases/download/v6.28.1/repomatic-6.28.1-linux-x64.bin),2026-06-19,[{octicon}`shield-check;1em;sd-text-success`](https://www.virustotal.com/gui/file/a2fe92cc5a4142b7bd1ed623d05738d29232b6d23af6487b20c6fadb35088657)
[`6.28.1` {octicon}`link-external`](https://github.com/kdeldycke/repomatic/releases/tag/v6.28.1),[{octicon}`download` `macos-arm64`](https://github.com/kdeldycke/repomatic/releases/download/v6.28.1/repomatic-6.28.1-macos-arm64.bin),2026-06-19,[{octicon}`shield;1em;sd-text-warning` 1.7%](https://www.virustotal.com/gui/file/7a6533f64a94c6233865e35b2a0cb1e1481442a83342d171d22ba0df7658b5ba)
[`6.28.1` {octicon}`link-external`](https://github.com/kdeldycke/repomatic/releases/tag/v6.28.1),[{octicon}`download` `macos-x64`](https://github.com/kdeldycke/repomatic/releases/download/v6.28.1/repomatic-6.28.1-macos-x64.bin),2026-06-19,[{octicon}`shield;1em;sd-text-warning` 1.7%](https://www.virustotal.com/gui/file/2fae5f2732161e046a82971a32427216a423c0446bb41268b39898335550ebf2)
[`6.28.1` {octicon}`link-external`](https://github.com/kdeldycke/repomatic/releases/tag/v6.28.1),[{octicon}`download` `windows-arm64`](https://github.com/kdeldycke/repomatic/releases/download/v6.28.1/repomatic-6.28.1-windows-arm64.exe),2026-06-19,[{octicon}`shield;1em;sd-text-warning` 4.6%](https://www.virustotal.com/gui/file/0845a34280ae03b6e3dcb5becbf70165f0c67f2a2deab53b62764354b5fb5316)
[`6.28.1` {octicon}`link-external`](https://github.com/kdeldycke/repomatic/releases/tag/v6.28.1),[{octicon}`download` `windows-x64`](https://github.com/kdeldycke/repomatic/releases/download/v6.28.1/repomatic-6.28.1-windows-x64.exe),2026-06-19,[{octicon}`shield;1em;sd-text-danger` 17.4%](https://www.virustotal.com/gui/file/c7dff27444ec6569e91d47b6885800dbd6ea8759ad10a7a482f803aeef12ff14)
[`6.28.0` {octicon}`link-external`](https://github.com/kdeldycke/repomatic/releases/tag/v6.28.0),[{octicon}`download` `linux-arm64`](https://github.com/kdeldycke/repomatic/releases/download/v6.28.0/repomatic-6.28.0-linux-arm64.bin),2026-06-19,[{octicon}`shield-check;1em;sd-text-success`](https://www.virustotal.com/gui/file/22875eb52255d22c8471dbe7a06f3d2ed8a0fc09092e1b5759646943d69311c5)
[`6.28.0` {octicon}`link-external`](https://github.com/kdeldycke/repomatic/releases/tag/v6.28.0),[{octicon}`download` `linux-x64`](https://github.com/kdeldycke/repomatic/releases/download/v6.28.0/repomatic-6.28.0-linux-x64.bin),2026-06-19,[{octicon}`shield-check;1em;sd-text-success`](https://www.virustotal.com/gui/file/b2ff2d13369240470d68e44582e9602ec121e77c6426103be90f516d6afe3878)
[`6.28.0` {octicon}`link-external`](https://github.com/kdeldycke/repomatic/releases/tag/v6.28.0),[{octicon}`download` `macos-arm64`](https://github.com/kdeldycke/repomatic/releases/download/v6.28.0/repomatic-6.28.0-macos-arm64.bin),2026-06-19,[{octicon}`shield;1em;sd-text-warning` 2.4%](https://www.virustotal.com/gui/file/d275f8ffb61900e5236a825e0070498fba5f8173e3ea786287ed0de791a73c79)
[`6.28.0` {octicon}`link-external`](https://github.com/kdeldycke/repomatic/releases/tag/v6.28.0),[{octicon}`download` `macos-x64`](https://github.com/kdeldycke/repomatic/releases/download/v6.28.0/repomatic-6.28.0-macos-x64.bin),2026-06-19,[{octicon}`shield-check;1em;sd-text-success`](https://www.virustotal.com/gui/file/6eb21635a747a3f06eb7010bbf256039c88ddb4ec90ee2fb04e21089ad054416)
[`6.28.0` {octicon}`link-external`](https://github.com/kdeldycke/repomatic/releases/tag/v6.28.0),[{octicon}`download` `windows-arm64`](https://github.com/kdeldycke/repomatic/releases/download/v6.28.0/repomatic-6.28.0-windows-arm64.exe),2026-06-19,[{octicon}`shield;1em;sd-text-warning` 4.5%](https://www.virustotal.com/gui/file/a4262828965c5f05da780fd343d3ab874a349c617f9efcc3adf6a386f1acf3a7)
[`6.28.0` {octicon}`link-external`](https://github.com/kdeldycke/repomatic/releases/tag/v6.28.0),[{octicon}`download` `windows-x64`](https://github.com/kdeldycke/repomatic/releases/download/v6.28.0/repomatic-6.28.0-windows-x64.exe),2026-06-19,[{octicon}`shield;1em;sd-text-danger` 17.1%](https://www.virustotal.com/gui/file/7a542fef36155e09aad1bd263af27c991a621d124eab7e63fbe96a749898690f)
[`6.27.0` {octicon}`link-external`](https://github.com/kdeldycke/repomatic/releases/tag/v6.27.0),[{octicon}`download` `linux-arm64`](https://github.com/kdeldycke/repomatic/releases/download/v6.27.0/repomatic-6.27.0-linux-arm64.bin),2026-06-18,[{octicon}`shield-check;1em;sd-text-success`](https://www.virustotal.com/gui/file/3477386b21c0df0a5968c52e8559639d792e8eb726ff7c14f2cb88786e235bb8)
[`6.27.0` {octicon}`link-external`](https://github.com/kdeldycke/repomatic/releases/tag/v6.27.0),[{octicon}`download` `linux-x64`](https://github.com/kdeldycke/repomatic/releases/download/v6.27.0/repomatic-6.27.0-linux-x64.bin),2026-06-18,[{octicon}`shield-check;1em;sd-text-success`](https://www.virustotal.com/gui/file/618247eb4c29962e8673a41e0553f2004c30a0ba56cb5194ea68f9b2b3ca1bcf)
[`6.27.0` {octicon}`link-external`](https://github.com/kdeldycke/repomatic/releases/tag/v6.27.0),[{octicon}`download` `macos-arm64`](https://github.com/kdeldycke/repomatic/releases/download/v6.27.0/repomatic-6.27.0-macos-arm64.bin),2026-06-18,[{octicon}`shield;1em;sd-text-warning` 3.3%](https://www.virustotal.com/gui/file/2bfdcb3d90da5805826e4b4b0bc07c215d150978f4d53a40860d4c71849cbf9c)
[`6.27.0` {octicon}`link-external`](https://github.com/kdeldycke/repomatic/releases/tag/v6.27.0),[{octicon}`download` `macos-x64`](https://github.com/kdeldycke/repomatic/releases/download/v6.27.0/repomatic-6.27.0-macos-x64.bin),2026-06-18,[{octicon}`shield;1em;sd-text-warning` 1.7%](https://www.virustotal.com/gui/file/3464057cba4cabbf8b75f5b37183a949ff8be567392d647e8469ba2a17583612)
[`6.27.0` {octicon}`link-external`](https://github.com/kdeldycke/repomatic/releases/tag/v6.27.0),[{octicon}`download` `windows-arm64`](https://github.com/kdeldycke/repomatic/releases/download/v6.27.0/repomatic-6.27.0-windows-arm64.exe),2026-06-18,[{octicon}`shield;1em;sd-text-warning` 3.0%](https://www.virustotal.com/gui/file/2937b532fa190b30ea8dc8501cb63e5777fbcbd5f0fc22a1b20f49357ec8528a)
[`6.27.0` {octicon}`link-external`](https://github.com/kdeldycke/repomatic/releases/tag/v6.27.0),[{octicon}`download` `windows-x64`](https://github.com/kdeldycke/repomatic/releases/download/v6.27.0/repomatic-6.27.0-windows-x64.exe),2026-06-18,[{octicon}`shield;1em;sd-text-danger` 21.4%](https://www.virustotal.com/gui/file/b52a082124108e6e6e7668f21270167137b8badea728c303c6c52ab3ea608482)
[`6.26.0` {octicon}`link-external`](https://github.com/kdeldycke/repomatic/releases/tag/v6.26.0),[{octicon}`download` `linux-arm64`](https://github.com/kdeldycke/repomatic/releases/download/v6.26.0/repomatic-6.26.0-linux-arm64.bin),2026-06-17,[{octicon}`shield-check;1em;sd-text-success`](https://www.virustotal.com/gui/file/20214ab30e43588cee152268526a6ef1ff12b19792dc57d657ed20f0d8a27579)
[`6.26.0` {octicon}`link-external`](https://github.com/kdeldycke/repomatic/releases/tag/v6.26.0),[{octicon}`download` `linux-x64`](https://github.com/kdeldycke/repomatic/releases/download/v6.26.0/repomatic-6.26.0-linux-x64.bin),2026-06-17,[{octicon}`shield-check;1em;sd-text-success`](https://www.virustotal.com/gui/file/6c8f538917f3343c05e15e2c50fdf067e9be90f78b059f2309016076f8b94340)
[`6.26.0` {octicon}`link-external`](https://github.com/kdeldycke/repomatic/releases/tag/v6.26.0),[{octicon}`download` `macos-arm64`](https://github.com/kdeldycke/repomatic/releases/download/v6.26.0/repomatic-6.26.0-macos-arm64.bin),2026-06-17,[{octicon}`shield;1em;sd-text-warning` 1.7%](https://www.virustotal.com/gui/file/7fe4599f6e6fa06f35e33e7e2d82b41462b18ab67b30af747b09ea3cd66a4b7c)
[`6.26.0` {octicon}`link-external`](https://github.com/kdeldycke/repomatic/releases/tag/v6.26.0),[{octicon}`download` `macos-x64`](https://github.com/kdeldycke/repomatic/releases/download/v6.26.0/repomatic-6.26.0-macos-x64.bin),2026-06-17,[{octicon}`shield;1em;sd-text-warning` 1.7%](https://www.virustotal.com/gui/file/8820c266365499cbe2c9623befe37cf879ee5479620fb85db8d8882aa331a0b2)
[`6.26.0` {octicon}`link-external`](https://github.com/kdeldycke/repomatic/releases/tag/v6.26.0),[{octicon}`download` `windows-arm64`](https://github.com/kdeldycke/repomatic/releases/download/v6.26.0/repomatic-6.26.0-windows-arm64.exe),2026-06-17,[{octicon}`shield;1em;sd-text-warning` 3.0%](https://www.virustotal.com/gui/file/2cef812a2231cec3af27ac3e879449db01c084759008298c4cb2aebbecfb3fce)
[`6.26.0` {octicon}`link-external`](https://github.com/kdeldycke/repomatic/releases/tag/v6.26.0),[{octicon}`download` `windows-x64`](https://github.com/kdeldycke/repomatic/releases/download/v6.26.0/repomatic-6.26.0-windows-x64.exe),2026-06-17,[{octicon}`shield;1em;sd-text-danger` 26.9%](https://www.virustotal.com/gui/file/3dc0faacfe1b498450f0898537731790234d481dfe74e8a2d38225c21b383d95)
[`6.25.1` {octicon}`link-external`](https://github.com/kdeldycke/repomatic/releases/tag/v6.25.1),[{octicon}`download` `linux-arm64`](https://github.com/kdeldycke/repomatic/releases/download/v6.25.1/repomatic-6.25.1-linux-arm64.bin),2026-06-13,[{octicon}`shield-check;1em;sd-text-success`](https://www.virustotal.com/gui/file/9cc3215e2df57837878f583a8203db39cd833671c9be546ae9bd466c1ec06f88)
[`6.25.1` {octicon}`link-external`](https://github.com/kdeldycke/repomatic/releases/tag/v6.25.1),[{octicon}`download` `linux-x64`](https://github.com/kdeldycke/repomatic/releases/download/v6.25.1/repomatic-6.25.1-linux-x64.bin),2026-06-13,[{octicon}`shield-check;1em;sd-text-success`](https://www.virustotal.com/gui/file/e0f9e322dc8f3cb8503d0effb4113d2bcf2efd5f0f1f2bf1ffdfa04a8505206a)
[`6.25.1` {octicon}`link-external`](https://github.com/kdeldycke/repomatic/releases/tag/v6.25.1),[{octicon}`download` `macos-arm64`](https://github.com/kdeldycke/repomatic/releases/download/v6.25.1/repomatic-6.25.1-macos-arm64.bin),2026-06-13,[{octicon}`shield;1em;sd-text-warning` 3.3%](https://www.virustotal.com/gui/file/01c000fabd48b0c879a3255bed53d007dc6b647b71dfda56fd56f60436a01302)
[`6.25.1` {octicon}`link-external`](https://github.com/kdeldycke/repomatic/releases/tag/v6.25.1),[{octicon}`download` `macos-x64`](https://github.com/kdeldycke/repomatic/releases/download/v6.25.1/repomatic-6.25.1-macos-x64.bin),2026-06-13,[{octicon}`shield-check;1em;sd-text-success`](https://www.virustotal.com/gui/file/0f2ce9f18045d309a5cbcbfc7cff976559b6661dc7c0d1eb827f6f521b75ab24)
[`6.25.1` {octicon}`link-external`](https://github.com/kdeldycke/repomatic/releases/tag/v6.25.1),[{octicon}`download` `windows-arm64`](https://github.com/kdeldycke/repomatic/releases/download/v6.25.1/repomatic-6.25.1-windows-arm64.exe),2026-06-13,[{octicon}`shield;1em;sd-text-warning` 3.2%](https://www.virustotal.com/gui/file/b1d7b6d287505e9e5c0a070a75ffbc06497c72b12742cd34df7b4e38f7ac7af3)
[`6.25.1` {octicon}`link-external`](https://github.com/kdeldycke/repomatic/releases/tag/v6.25.1),[{octicon}`download` `windows-x64`](https://github.com/kdeldycke/repomatic/releases/download/v6.25.1/repomatic-6.25.1-windows-x64.exe),2026-06-13,[{octicon}`shield;1em;sd-text-danger` 25.7%](https://www.virustotal.com/gui/file/0acd3e495a5d617ce0fe40ef30b2e28a0a51007e815cfbda0f89f4e5f6b596a1)
[`6.25.0` {octicon}`link-external`](https://github.com/kdeldycke/repomatic/releases/tag/v6.25.0),[{octicon}`download` `linux-arm64`](https://github.com/kdeldycke/repomatic/releases/download/v6.25.0/repomatic-6.25.0-linux-arm64.bin),2026-06-13,[{octicon}`shield-check;1em;sd-text-success`](https://www.virustotal.com/gui/file/6cfd654180a73b821bc638a3872cbc69c6c7adc2dd2c88a78130221a8f6f0182)
[`6.25.0` {octicon}`link-external`](https://github.com/kdeldycke/repomatic/releases/tag/v6.25.0),[{octicon}`download` `linux-x64`](https://github.com/kdeldycke/repomatic/releases/download/v6.25.0/repomatic-6.25.0-linux-x64.bin),2026-06-13,[{octicon}`shield-check;1em;sd-text-success`](https://www.virustotal.com/gui/file/24ea3ec87098e8f8f2ac1a84d471db790e410d2b2cf7ed61f160badd4d00138d)
[`6.25.0` {octicon}`link-external`](https://github.com/kdeldycke/repomatic/releases/tag/v6.25.0),[{octicon}`download` `macos-arm64`](https://github.com/kdeldycke/repomatic/releases/download/v6.25.0/repomatic-6.25.0-macos-arm64.bin),2026-06-13,[{octicon}`shield;1em;sd-text-warning` 1.6%](https://www.virustotal.com/gui/file/f123700791b8557680a940f8cdd541d3fd622e9e3fe27aec7b40ad70ca361f28)
[`6.25.0` {octicon}`link-external`](https://github.com/kdeldycke/repomatic/releases/tag/v6.25.0),[{octicon}`download` `macos-x64`](https://github.com/kdeldycke/repomatic/releases/download/v6.25.0/repomatic-6.25.0-macos-x64.bin),2026-06-13,[{octicon}`shield;1em;sd-text-warning` 1.7%](https://www.virustotal.com/gui/file/aefc8b53cc8b8773ace9ba5e0f535241b8a975c72db9a12b1fc26dba1fc197b8)
[`6.25.0` {octicon}`link-external`](https://github.com/kdeldycke/repomatic/releases/tag/v6.25.0),[{octicon}`download` `windows-arm64`](https://github.com/kdeldycke/repomatic/releases/download/v6.25.0/repomatic-6.25.0-windows-arm64.exe),2026-06-13,[{octicon}`shield;1em;sd-text-warning` 2.9%](https://www.virustotal.com/gui/file/91d32c214c80b75bcae7da2c2be2f67206ecc26d3cb2aba2db7e4373a2e2d676)
[`6.25.0` {octicon}`link-external`](https://github.com/kdeldycke/repomatic/releases/tag/v6.25.0),[{octicon}`download` `windows-x64`](https://github.com/kdeldycke/repomatic/releases/download/v6.25.0/repomatic-6.25.0-windows-x64.exe),2026-06-13,[{octicon}`shield;1em;sd-text-danger` 27.1%](https://www.virustotal.com/gui/file/23042a0d8f8a6493f127887e01cdc2aca708386d6c47c0be0e3f5e527df0555c)
[`6.24.0` {octicon}`link-external`](https://github.com/kdeldycke/repomatic/releases/tag/v6.24.0),[{octicon}`download` `linux-arm64`](https://github.com/kdeldycke/repomatic/releases/download/v6.24.0/repomatic-6.24.0-linux-arm64.bin),2026-05-28,[{octicon}`shield-check;1em;sd-text-success`](https://www.virustotal.com/gui/file/25bf6f4141e9c0ddf92c20c676037a3ff90b04269234ec665bf3b99dd1274104)
[`6.24.0` {octicon}`link-external`](https://github.com/kdeldycke/repomatic/releases/tag/v6.24.0),[{octicon}`download` `linux-x64`](https://github.com/kdeldycke/repomatic/releases/download/v6.24.0/repomatic-6.24.0-linux-x64.bin),2026-05-28,[{octicon}`shield;1em;sd-text-warning` 1.6%](https://www.virustotal.com/gui/file/f4d3cb332cae0fafca3428cf114e32ce1da734c9ee7459b482e16a9aea1c981f)
[`6.24.0` {octicon}`link-external`](https://github.com/kdeldycke/repomatic/releases/tag/v6.24.0),[{octicon}`download` `macos-arm64`](https://github.com/kdeldycke/repomatic/releases/download/v6.24.0/repomatic-6.24.0-macos-arm64.bin),2026-05-28,[{octicon}`shield;1em;sd-text-warning` 1.6%](https://www.virustotal.com/gui/file/d370c0439ab0a943de83bdce971461bc0786a0deb5c171c947113d733bb0b910)
[`6.24.0` {octicon}`link-external`](https://github.com/kdeldycke/repomatic/releases/tag/v6.24.0),[{octicon}`download` `macos-x64`](https://github.com/kdeldycke/repomatic/releases/download/v6.24.0/repomatic-6.24.0-macos-x64.bin),2026-05-28,[{octicon}`shield;1em;sd-text-warning` 3.2%](https://www.virustotal.com/gui/file/bc13eaa9df5674005472fafa980349a347f61aa3a090c2ea2917bddf7218a380)
[`6.24.0` {octicon}`link-external`](https://github.com/kdeldycke/repomatic/releases/tag/v6.24.0),[{octicon}`download` `windows-arm64`](https://github.com/kdeldycke/repomatic/releases/download/v6.24.0/repomatic-6.24.0-windows-arm64.exe),2026-05-28,[{octicon}`shield;1em;sd-text-warning` 3.0%](https://www.virustotal.com/gui/file/debd274f9ea954d860414cb46fd43282de4ab918bbe57ab9602f67eff81ce8c4)
[`6.24.0` {octicon}`link-external`](https://github.com/kdeldycke/repomatic/releases/tag/v6.24.0),[{octicon}`download` `windows-x64`](https://github.com/kdeldycke/repomatic/releases/download/v6.24.0/repomatic-6.24.0-windows-x64.exe),2026-05-28,[{octicon}`shield;1em;sd-text-warning` 1.4%](https://www.virustotal.com/gui/file/9bf874e322c6b5efb9265c2bc99227baed008a66097e2c5da360af4f5f1b1d00)
[`6.23.0` {octicon}`link-external`](https://github.com/kdeldycke/repomatic/releases/tag/v6.23.0),[{octicon}`download` `linux-arm64`](https://github.com/kdeldycke/repomatic/releases/download/v6.23.0/repomatic-6.23.0-linux-arm64.bin),2026-05-28,[{octicon}`shield` analysis](https://www.virustotal.com/gui/file/1af08fce885769aa7346b5f85587c6b888df0ecd873f3c30accb4bb76f386434)
[`6.23.0` {octicon}`link-external`](https://github.com/kdeldycke/repomatic/releases/tag/v6.23.0),[{octicon}`download` `linux-x64`](https://github.com/kdeldycke/repomatic/releases/download/v6.23.0/repomatic-6.23.0-linux-x64.bin),2026-05-28,[{octicon}`shield` analysis](https://www.virustotal.com/gui/file/be790e0b385c0d677326768c17e547eb882140e0e35d9e87ef6e4ecc85809dd5)
[`6.23.0` {octicon}`link-external`](https://github.com/kdeldycke/repomatic/releases/tag/v6.23.0),[{octicon}`download` `macos-arm64`](https://github.com/kdeldycke/repomatic/releases/download/v6.23.0/repomatic-6.23.0-macos-arm64.bin),2026-05-28,[{octicon}`shield` analysis](https://www.virustotal.com/gui/file/a8e8e6cb4cd3f6aaff2d72c02558149e8e6a87de39386c57415e978572418c98)
[`6.23.0` {octicon}`link-external`](https://github.com/kdeldycke/repomatic/releases/tag/v6.23.0),[{octicon}`download` `macos-x64`](https://github.com/kdeldycke/repomatic/releases/download/v6.23.0/repomatic-6.23.0-macos-x64.bin),2026-05-28,[{octicon}`shield` analysis](https://www.virustotal.com/gui/file/efba0adca480f05336c3d8a653c52989d8a52fb788123a859ac1dc431f36fed1)
[`6.23.0` {octicon}`link-external`](https://github.com/kdeldycke/repomatic/releases/tag/v6.23.0),[{octicon}`download` `windows-arm64`](https://github.com/kdeldycke/repomatic/releases/download/v6.23.0/repomatic-6.23.0-windows-arm64.exe),2026-05-28,[{octicon}`shield` analysis](https://www.virustotal.com/gui/file/f4e69997fe8b7dee0f4c81c07d9ccdaa36031df53e404e321b8dcbd7e3cc6635)
[`6.23.0` {octicon}`link-external`](https://github.com/kdeldycke/repomatic/releases/tag/v6.23.0),[{octicon}`download` `windows-x64`](https://github.com/kdeldycke/repomatic/releases/download/v6.23.0/repomatic-6.23.0-windows-x64.exe),2026-05-28,[{octicon}`shield` analysis](https://www.virustotal.com/gui/file/caeeb34a4426fbb0079848425a9aa8d4e9d6d535740116139bf5fd2d107c42ec)
[`6.22.0` {octicon}`link-external`](https://github.com/kdeldycke/repomatic/releases/tag/v6.22.0),[{octicon}`download` `linux-arm64`](https://github.com/kdeldycke/repomatic/releases/download/v6.22.0/repomatic-6.22.0-linux-arm64.bin),2026-05-25,[{octicon}`shield-check;1em;sd-text-success`](https://www.virustotal.com/gui/file/82719f645bdfc638a165147b5a4f85205b78994135c4ccb0f829089b79a07415)
[`6.22.0` {octicon}`link-external`](https://github.com/kdeldycke/repomatic/releases/tag/v6.22.0),[{octicon}`download` `linux-x64`](https://github.com/kdeldycke/repomatic/releases/download/v6.22.0/repomatic-6.22.0-linux-x64.bin),2026-05-25,[{octicon}`shield-check;1em;sd-text-success`](https://www.virustotal.com/gui/file/8726ffc310edd68040c262b7749d83dddab5ae536c0430dc9f3cff3fe314b6ef)
[`6.22.0` {octicon}`link-external`](https://github.com/kdeldycke/repomatic/releases/tag/v6.22.0),[{octicon}`download` `macos-arm64`](https://github.com/kdeldycke/repomatic/releases/download/v6.22.0/repomatic-6.22.0-macos-arm64.bin),2026-05-25,[{octicon}`shield-check;1em;sd-text-success`](https://www.virustotal.com/gui/file/2573a8a4cf1efd28f7d02b4fb0e1094ad4c00575a076356526802c266d8e57fc)
[`6.22.0` {octicon}`link-external`](https://github.com/kdeldycke/repomatic/releases/tag/v6.22.0),[{octicon}`download` `macos-x64`](https://github.com/kdeldycke/repomatic/releases/download/v6.22.0/repomatic-6.22.0-macos-x64.bin),2026-05-25,[{octicon}`shield-check;1em;sd-text-success`](https://www.virustotal.com/gui/file/5e09ff9c0114d779233eaa481044e6642653cc8e9094e8076fa71aac1b31a706)
[`6.22.0` {octicon}`link-external`](https://github.com/kdeldycke/repomatic/releases/tag/v6.22.0),[{octicon}`download` `windows-arm64`](https://github.com/kdeldycke/repomatic/releases/download/v6.22.0/repomatic-6.22.0-windows-arm64.exe),2026-05-25,[{octicon}`shield;1em;sd-text-warning` 2.9%](https://www.virustotal.com/gui/file/506248183b16d5fa948cc72932180a8e4d4c672f2617418242ef2baa3d10221e)
[`6.22.0` {octicon}`link-external`](https://github.com/kdeldycke/repomatic/releases/tag/v6.22.0),[{octicon}`download` `windows-x64`](https://github.com/kdeldycke/repomatic/releases/download/v6.22.0/repomatic-6.22.0-windows-x64.exe),2026-05-25,[{octicon}`shield;1em;sd-text-warning` 4.3%](https://www.virustotal.com/gui/file/454fc6feea725809ee420d0fe285b78ce793f326b6d25ae91e138fa5d71a7216)
[`6.21.0` {octicon}`link-external`](https://github.com/kdeldycke/repomatic/releases/tag/v6.21.0),[{octicon}`download` `linux-arm64`](https://github.com/kdeldycke/repomatic/releases/download/v6.21.0/repomatic-6.21.0-linux-arm64.bin),2026-05-25,[{octicon}`shield-check;1em;sd-text-success`](https://www.virustotal.com/gui/file/d454548184f8182b505cc602a493df8db4c630a03bcbbebd853660a3fcc07dc5)
[`6.21.0` {octicon}`link-external`](https://github.com/kdeldycke/repomatic/releases/tag/v6.21.0),[{octicon}`download` `linux-x64`](https://github.com/kdeldycke/repomatic/releases/download/v6.21.0/repomatic-6.21.0-linux-x64.bin),2026-05-25,[{octicon}`shield;1em;sd-text-warning` 1.6%](https://www.virustotal.com/gui/file/1f9c2dd0d8622300559039386530f78c84b970f75020c6c91f07162ddea7f1a3)
[`6.21.0` {octicon}`link-external`](https://github.com/kdeldycke/repomatic/releases/tag/v6.21.0),[{octicon}`download` `macos-arm64`](https://github.com/kdeldycke/repomatic/releases/download/v6.21.0/repomatic-6.21.0-macos-arm64.bin),2026-05-25,[{octicon}`shield-check;1em;sd-text-success`](https://www.virustotal.com/gui/file/464daa87c3125baf7c42f709c7be94208fe49e15ffcc623fee6bbc71a661a770)
[`6.21.0` {octicon}`link-external`](https://github.com/kdeldycke/repomatic/releases/tag/v6.21.0),[{octicon}`download` `macos-x64`](https://github.com/kdeldycke/repomatic/releases/download/v6.21.0/repomatic-6.21.0-macos-x64.bin),2026-05-25,[{octicon}`shield;1em;sd-text-warning` 1.6%](https://www.virustotal.com/gui/file/d636eea3500040ce618752655ce6803594952f385b617bc798d38f7f92f36605)
[`6.21.0` {octicon}`link-external`](https://github.com/kdeldycke/repomatic/releases/tag/v6.21.0),[{octicon}`download` `windows-arm64`](https://github.com/kdeldycke/repomatic/releases/download/v6.21.0/repomatic-6.21.0-windows-arm64.exe),2026-05-25,[{octicon}`shield;1em;sd-text-warning` 2.9%](https://www.virustotal.com/gui/file/dba230353629e5ace95288da78437c3b05b3df5d459b083d272e324d65502176)
[`6.21.0` {octicon}`link-external`](https://github.com/kdeldycke/repomatic/releases/tag/v6.21.0),[{octicon}`download` `windows-x64`](https://github.com/kdeldycke/repomatic/releases/download/v6.21.0/repomatic-6.21.0-windows-x64.exe),2026-05-25,[{octicon}`shield;1em;sd-text-warning` 4.5%](https://www.virustotal.com/gui/file/b2fda6a3a8e9d36e747c4f778762c43bea547ee4f84d85b6e16c84cee7d6d030)
[`6.20.0` {octicon}`link-external`](https://github.com/kdeldycke/repomatic/releases/tag/v6.20.0),[{octicon}`download` `linux-arm64`](https://github.com/kdeldycke/repomatic/releases/download/v6.20.0/repomatic-6.20.0-linux-arm64.bin),2026-05-24,[{octicon}`shield-check;1em;sd-text-success`](https://www.virustotal.com/gui/file/12199e5fe57eac18df18e6816d8583fbc80ddf74cb236733292de6793412e77f)
[`6.20.0` {octicon}`link-external`](https://github.com/kdeldycke/repomatic/releases/tag/v6.20.0),[{octicon}`download` `linux-x64`](https://github.com/kdeldycke/repomatic/releases/download/v6.20.0/repomatic-6.20.0-linux-x64.bin),2026-05-24,[{octicon}`shield-check;1em;sd-text-success`](https://www.virustotal.com/gui/file/dbf2f8b9e810a0dbfe9a86da78dad7115bdd49e913acd8ec35b9f4a6631b133d)
[`6.20.0` {octicon}`link-external`](https://github.com/kdeldycke/repomatic/releases/tag/v6.20.0),[{octicon}`download` `macos-arm64`](https://github.com/kdeldycke/repomatic/releases/download/v6.20.0/repomatic-6.20.0-macos-arm64.bin),2026-05-24,[{octicon}`shield-check;1em;sd-text-success`](https://www.virustotal.com/gui/file/68556858cbc5ef425774234d324ab82a2589e64813367947a43177c6f9498867)
[`6.20.0` {octicon}`link-external`](https://github.com/kdeldycke/repomatic/releases/tag/v6.20.0),[{octicon}`download` `macos-x64`](https://github.com/kdeldycke/repomatic/releases/download/v6.20.0/repomatic-6.20.0-macos-x64.bin),2026-05-24,[{octicon}`shield;1em;sd-text-warning` 1.6%](https://www.virustotal.com/gui/file/c1dd7b9eb86388ebd1bb60ca09de751d0868896b95a592039bc811557bb89e20)
[`6.20.0` {octicon}`link-external`](https://github.com/kdeldycke/repomatic/releases/tag/v6.20.0),[{octicon}`download` `windows-arm64`](https://github.com/kdeldycke/repomatic/releases/download/v6.20.0/repomatic-6.20.0-windows-arm64.exe),2026-05-24,[{octicon}`shield;1em;sd-text-warning` 2.9%](https://www.virustotal.com/gui/file/3341110ee8619362c9a74d7f1b9847dfd314f0ae081bed891567cfbda33feb9f)
[`6.20.0` {octicon}`link-external`](https://github.com/kdeldycke/repomatic/releases/tag/v6.20.0),[{octicon}`download` `windows-x64`](https://github.com/kdeldycke/repomatic/releases/download/v6.20.0/repomatic-6.20.0-windows-x64.exe),2026-05-24,[{octicon}`shield;1em;sd-text-warning` 3.2%](https://www.virustotal.com/gui/file/0e23f51e1ec64e1c476d522f0a0462b4451c24f7241645adfa26bc145d829f34)
[`6.19.0` {octicon}`link-external`](https://github.com/kdeldycke/repomatic/releases/tag/v6.19.0),[{octicon}`download` `linux-arm64`](https://github.com/kdeldycke/repomatic/releases/download/v6.19.0/repomatic-6.19.0-linux-arm64.bin),2026-05-21,[{octicon}`shield;1em;sd-text-warning` 1.6%](https://www.virustotal.com/gui/file/88edccf3737fb1b814466377a215acc2f1a917bc76260e852fa919034941cb98)
[`6.19.0` {octicon}`link-external`](https://github.com/kdeldycke/repomatic/releases/tag/v6.19.0),[{octicon}`download` `linux-x64`](https://github.com/kdeldycke/repomatic/releases/download/v6.19.0/repomatic-6.19.0-linux-x64.bin),2026-05-21,[{octicon}`shield-check;1em;sd-text-success`](https://www.virustotal.com/gui/file/3504ca88e5a604029250bc349c9f1d7373e112d544d939f765495daf4d669b8d)
[`6.19.0` {octicon}`link-external`](https://github.com/kdeldycke/repomatic/releases/tag/v6.19.0),[{octicon}`download` `macos-arm64`](https://github.com/kdeldycke/repomatic/releases/download/v6.19.0/repomatic-6.19.0-macos-arm64.bin),2026-05-21,[{octicon}`shield-check;1em;sd-text-success`](https://www.virustotal.com/gui/file/3fe8c44bb10efca19da8cf6a6e6ad78be39476bfbd1da956f45994d5c6325dfb)
[`6.19.0` {octicon}`link-external`](https://github.com/kdeldycke/repomatic/releases/tag/v6.19.0),[{octicon}`download` `macos-x64`](https://github.com/kdeldycke/repomatic/releases/download/v6.19.0/repomatic-6.19.0-macos-x64.bin),2026-05-21,[{octicon}`shield;1em;sd-text-warning` 3.2%](https://www.virustotal.com/gui/file/b1e3403279e4ef97f1c546e46ec09bec27b7530ce19a4488f5105845ca702f59)
[`6.19.0` {octicon}`link-external`](https://github.com/kdeldycke/repomatic/releases/tag/v6.19.0),[{octicon}`download` `windows-arm64`](https://github.com/kdeldycke/repomatic/releases/download/v6.19.0/repomatic-6.19.0-windows-arm64.exe),2026-05-21,[{octicon}`shield;1em;sd-text-warning` 2.9%](https://www.virustotal.com/gui/file/b0028c48eb2b3aaba80476a7ac7e3d3d05be589258c6e994afa1ce7f690de182)
[`6.19.0` {octicon}`link-external`](https://github.com/kdeldycke/repomatic/releases/tag/v6.19.0),[{octicon}`download` `windows-x64`](https://github.com/kdeldycke/repomatic/releases/download/v6.19.0/repomatic-6.19.0-windows-x64.exe),2026-05-21,[{octicon}`shield;1em;sd-text-warning` 7.0%](https://www.virustotal.com/gui/file/6e5dbb45cea230d2e77a583620dac882798ea2ba65018240c4eace50089a65ff)
[`6.18.4` {octicon}`link-external`](https://github.com/kdeldycke/repomatic/releases/tag/v6.18.4),[{octicon}`download` `linux-arm64`](https://github.com/kdeldycke/repomatic/releases/download/v6.18.4/repomatic-6.18.4-linux-arm64.bin),2026-05-14,[{octicon}`shield;1em;sd-text-warning` 1.6%](https://www.virustotal.com/gui/file/69568554bad15e4d50e89b36b494773dd12b73fc0c3ad183334ea84265e58c92)
[`6.18.4` {octicon}`link-external`](https://github.com/kdeldycke/repomatic/releases/tag/v6.18.4),[{octicon}`download` `linux-x64`](https://github.com/kdeldycke/repomatic/releases/download/v6.18.4/repomatic-6.18.4-linux-x64.bin),2026-05-14,[{octicon}`shield;1em;sd-text-warning` 1.6%](https://www.virustotal.com/gui/file/1d313bc0d812830b32fa82b1bd23def157a73ad5a6193ab98c3ee1f95e3ce528)
[`6.18.4` {octicon}`link-external`](https://github.com/kdeldycke/repomatic/releases/tag/v6.18.4),[{octicon}`download` `macos-arm64`](https://github.com/kdeldycke/repomatic/releases/download/v6.18.4/repomatic-6.18.4-macos-arm64.bin),2026-05-14,[{octicon}`shield-check;1em;sd-text-success`](https://www.virustotal.com/gui/file/e26a351bce52b3826293d2e1516400bf16ca125c299453d3a80a7fc7ee91b434)
[`6.18.4` {octicon}`link-external`](https://github.com/kdeldycke/repomatic/releases/tag/v6.18.4),[{octicon}`download` `macos-x64`](https://github.com/kdeldycke/repomatic/releases/download/v6.18.4/repomatic-6.18.4-macos-x64.bin),2026-05-14,[{octicon}`shield;1em;sd-text-warning` 1.6%](https://www.virustotal.com/gui/file/f43343c5e05ceaee341deb7d5a279b5e2f099b27879b0290ac90512ba3e824ad)
[`6.18.4` {octicon}`link-external`](https://github.com/kdeldycke/repomatic/releases/tag/v6.18.4),[{octicon}`download` `windows-arm64`](https://github.com/kdeldycke/repomatic/releases/download/v6.18.4/repomatic-6.18.4-windows-arm64.exe),2026-05-14,[{octicon}`shield;1em;sd-text-warning` 3.0%](https://www.virustotal.com/gui/file/b7e561022461d884374a83774b9c613cbfc703dae241fc995251963aacc158c7)
[`6.18.4` {octicon}`link-external`](https://github.com/kdeldycke/repomatic/releases/tag/v6.18.4),[{octicon}`download` `windows-x64`](https://github.com/kdeldycke/repomatic/releases/download/v6.18.4/repomatic-6.18.4-windows-x64.exe),2026-05-14,[{octicon}`shield;1em;sd-text-warning` 7.1%](https://www.virustotal.com/gui/file/acf009514064da7e3c911922663915d008e0dc4c0279d763caecabc047aa1887)
[`6.18.3` {octicon}`link-external`](https://github.com/kdeldycke/repomatic/releases/tag/v6.18.3),[{octicon}`download` `linux-arm64`](https://github.com/kdeldycke/repomatic/releases/download/v6.18.3/repomatic-6.18.3-linux-arm64.bin),2026-05-11,[{octicon}`shield-check;1em;sd-text-success`](https://www.virustotal.com/gui/file/8fd43675d0200cab10c55b1dbd33aa36448a110a3e394f8c33c094d1e3574413)
[`6.18.3` {octicon}`link-external`](https://github.com/kdeldycke/repomatic/releases/tag/v6.18.3),[{octicon}`download` `linux-x64`](https://github.com/kdeldycke/repomatic/releases/download/v6.18.3/repomatic-6.18.3-linux-x64.bin),2026-05-11,[{octicon}`shield-check;1em;sd-text-success`](https://www.virustotal.com/gui/file/e1e0e17a072e75981e3e8dab8accee4ff3c2bdd18cb54e0113ad513da5e1282c)
[`6.18.3` {octicon}`link-external`](https://github.com/kdeldycke/repomatic/releases/tag/v6.18.3),[{octicon}`download` `macos-arm64`](https://github.com/kdeldycke/repomatic/releases/download/v6.18.3/repomatic-6.18.3-macos-arm64.bin),2026-05-11,[{octicon}`shield;1em;sd-text-warning` 1.6%](https://www.virustotal.com/gui/file/21888a11ee689a1455ca930909b5f95532d33fc42283c39088a820af9f425687)
[`6.18.3` {octicon}`link-external`](https://github.com/kdeldycke/repomatic/releases/tag/v6.18.3),[{octicon}`download` `macos-x64`](https://github.com/kdeldycke/repomatic/releases/download/v6.18.3/repomatic-6.18.3-macos-x64.bin),2026-05-11,[{octicon}`shield;1em;sd-text-warning` 1.6%](https://www.virustotal.com/gui/file/c0cea1326a767752a3e761ad66846ba57a0b2dc230d8510d462292b1fbb1e888)
[`6.18.3` {octicon}`link-external`](https://github.com/kdeldycke/repomatic/releases/tag/v6.18.3),[{octicon}`download` `windows-arm64`](https://github.com/kdeldycke/repomatic/releases/download/v6.18.3/repomatic-6.18.3-windows-arm64.exe),2026-05-11,[{octicon}`shield;1em;sd-text-warning` 1.5%](https://www.virustotal.com/gui/file/f47b1fcfbbe43d757f19bc3d6cd511aa141c5865dd7d77149f07981c9031c77e)
[`6.18.3` {octicon}`link-external`](https://github.com/kdeldycke/repomatic/releases/tag/v6.18.3),[{octicon}`download` `windows-x64`](https://github.com/kdeldycke/repomatic/releases/download/v6.18.3/repomatic-6.18.3-windows-x64.exe),2026-05-11,[{octicon}`shield;1em;sd-text-warning` 8.5%](https://www.virustotal.com/gui/file/12fab37f28190ca09507106b6671c50d13566088957c114301459e9133f21615)
[`6.18.2` {octicon}`link-external`](https://github.com/kdeldycke/repomatic/releases/tag/v6.18.2),[{octicon}`download` `linux-arm64`](https://github.com/kdeldycke/repomatic/releases/download/v6.18.2/repomatic-6.18.2-linux-arm64.bin),2026-05-08,[{octicon}`shield-check;1em;sd-text-success`](https://www.virustotal.com/gui/file/2ad16bf0873fb112f61ba285138400470f78a3bad8dbd203b66c2f1e81e9869d)
[`6.18.2` {octicon}`link-external`](https://github.com/kdeldycke/repomatic/releases/tag/v6.18.2),[{octicon}`download` `linux-x64`](https://github.com/kdeldycke/repomatic/releases/download/v6.18.2/repomatic-6.18.2-linux-x64.bin),2026-05-08,[{octicon}`shield-check;1em;sd-text-success`](https://www.virustotal.com/gui/file/028e2f9059e3417e59b17a65006e5f3c92855cd7bc57188dcbb8718cd2dcfe3a)
[`6.18.2` {octicon}`link-external`](https://github.com/kdeldycke/repomatic/releases/tag/v6.18.2),[{octicon}`download` `macos-arm64`](https://github.com/kdeldycke/repomatic/releases/download/v6.18.2/repomatic-6.18.2-macos-arm64.bin),2026-05-08,[{octicon}`shield;1em;sd-text-warning` 6.6%](https://www.virustotal.com/gui/file/4530eb242cb74ebddadd04edcd3c1081cf672032bbefff17517e6ab7daba5eb6)
[`6.18.2` {octicon}`link-external`](https://github.com/kdeldycke/repomatic/releases/tag/v6.18.2),[{octicon}`download` `macos-x64`](https://github.com/kdeldycke/repomatic/releases/download/v6.18.2/repomatic-6.18.2-macos-x64.bin),2026-05-08,[{octicon}`shield;1em;sd-text-warning` 1.6%](https://www.virustotal.com/gui/file/3c89534c2f14bce3c1d7d21de7292c8fb90184d45a727058d74e8d023f2efe53)
[`6.18.2` {octicon}`link-external`](https://github.com/kdeldycke/repomatic/releases/tag/v6.18.2),[{octicon}`download` `windows-arm64`](https://github.com/kdeldycke/repomatic/releases/download/v6.18.2/repomatic-6.18.2-windows-arm64.exe),2026-05-08,[{octicon}`shield;1em;sd-text-warning` 1.5%](https://www.virustotal.com/gui/file/b0c11d0b1072e3ca582e69cc754f6de610dca548a0ab6f7c3e1b1823bb84110e)
[`6.18.2` {octicon}`link-external`](https://github.com/kdeldycke/repomatic/releases/tag/v6.18.2),[{octicon}`download` `windows-x64`](https://github.com/kdeldycke/repomatic/releases/download/v6.18.2/repomatic-6.18.2-windows-x64.exe),2026-05-08,[{octicon}`shield;1em;sd-text-danger` 32.4%](https://www.virustotal.com/gui/file/efc730ad1a89f6db181c9b412a35fdfdd53a83f8571a28809f53505b21dc136b)
[`6.18.1` {octicon}`link-external`](https://github.com/kdeldycke/repomatic/releases/tag/v6.18.1),[{octicon}`download` `linux-arm64`](https://github.com/kdeldycke/repomatic/releases/download/v6.18.1/repomatic-6.18.1-linux-arm64.bin),2026-05-08,[{octicon}`shield-check;1em;sd-text-success`](https://www.virustotal.com/gui/file/640fd73bf0c0c6c26b78411d63cb3deeb8a8d25d219b6904019755e7f1c18813)
[`6.18.1` {octicon}`link-external`](https://github.com/kdeldycke/repomatic/releases/tag/v6.18.1),[{octicon}`download` `linux-x64`](https://github.com/kdeldycke/repomatic/releases/download/v6.18.1/repomatic-6.18.1-linux-x64.bin),2026-05-08,[{octicon}`shield-check;1em;sd-text-success`](https://www.virustotal.com/gui/file/5272a621c9779cbc4405fd108fce397182152bd270dd8bca6061004e8413e4b2)
[`6.18.1` {octicon}`link-external`](https://github.com/kdeldycke/repomatic/releases/tag/v6.18.1),[{octicon}`download` `macos-arm64`](https://github.com/kdeldycke/repomatic/releases/download/v6.18.1/repomatic-6.18.1-macos-arm64.bin),2026-05-08,[{octicon}`shield;1em;sd-text-warning` 6.5%](https://www.virustotal.com/gui/file/6307fa0c9a7504d841b82ba49036a90107d9959d692dd938b6aff3efc79f71f4)
[`6.18.1` {octicon}`link-external`](https://github.com/kdeldycke/repomatic/releases/tag/v6.18.1),[{octicon}`download` `macos-x64`](https://github.com/kdeldycke/repomatic/releases/download/v6.18.1/repomatic-6.18.1-macos-x64.bin),2026-05-08,[{octicon}`shield;1em;sd-text-warning` 1.6%](https://www.virustotal.com/gui/file/e7880203465bf31294ba2c476481b2cc6261442cbacdda702b2d807821e2231e)
[`6.18.1` {octicon}`link-external`](https://github.com/kdeldycke/repomatic/releases/tag/v6.18.1),[{octicon}`download` `windows-arm64`](https://github.com/kdeldycke/repomatic/releases/download/v6.18.1/repomatic-6.18.1-windows-arm64.exe),2026-05-08,[{octicon}`shield;1em;sd-text-warning` 1.5%](https://www.virustotal.com/gui/file/825cd91f177243bea7a15a92a0ceb68a6a7d191748eeddb560e1aa7d5505a9dc)
[`6.18.1` {octicon}`link-external`](https://github.com/kdeldycke/repomatic/releases/tag/v6.18.1),[{octicon}`download` `windows-x64`](https://github.com/kdeldycke/repomatic/releases/download/v6.18.1/repomatic-6.18.1-windows-x64.exe),2026-05-08,[{octicon}`shield;1em;sd-text-danger` 31.4%](https://www.virustotal.com/gui/file/2b8c9af0aa0cdceb18e6de77dfbd0a08ac3bf1036da9918708a978b125de0482)
[`6.18.0` {octicon}`link-external`](https://github.com/kdeldycke/repomatic/releases/tag/v6.18.0),[{octicon}`download` `linux-arm64`](https://github.com/kdeldycke/repomatic/releases/download/v6.18.0/repomatic-6.18.0-linux-arm64.bin),2026-05-07,[{octicon}`shield-check;1em;sd-text-success`](https://www.virustotal.com/gui/file/72a4e911859140013e7583731c68458305218b692f50d14e3231645d6563c016)
[`6.18.0` {octicon}`link-external`](https://github.com/kdeldycke/repomatic/releases/tag/v6.18.0),[{octicon}`download` `linux-x64`](https://github.com/kdeldycke/repomatic/releases/download/v6.18.0/repomatic-6.18.0-linux-x64.bin),2026-05-07,[{octicon}`shield-check;1em;sd-text-success`](https://www.virustotal.com/gui/file/b97eb5ac9d9ad7674d04000a8539e095b772e0e39c0ffa0c4d96c7b09633e905)
[`6.18.0` {octicon}`link-external`](https://github.com/kdeldycke/repomatic/releases/tag/v6.18.0),[{octicon}`download` `macos-arm64`](https://github.com/kdeldycke/repomatic/releases/download/v6.18.0/repomatic-6.18.0-macos-arm64.bin),2026-05-07,[{octicon}`shield;1em;sd-text-warning` 6.6%](https://www.virustotal.com/gui/file/8facf44b83ba56ee8dac7e438f276e45ad3f654d766cd2fd30299c899ec6cfce)
[`6.18.0` {octicon}`link-external`](https://github.com/kdeldycke/repomatic/releases/tag/v6.18.0),[{octicon}`download` `macos-x64`](https://github.com/kdeldycke/repomatic/releases/download/v6.18.0/repomatic-6.18.0-macos-x64.bin),2026-05-07,[{octicon}`shield;1em;sd-text-warning` 1.6%](https://www.virustotal.com/gui/file/bac8392cef57fb09b635b29991c9e64a09886daa6e2b8f75c89210745178b114)
[`6.18.0` {octicon}`link-external`](https://github.com/kdeldycke/repomatic/releases/tag/v6.18.0),[{octicon}`download` `windows-arm64`](https://github.com/kdeldycke/repomatic/releases/download/v6.18.0/repomatic-6.18.0-windows-arm64.exe),2026-05-07,[{octicon}`shield-check;1em;sd-text-success`](https://www.virustotal.com/gui/file/66669fb661d4006d42b5605b3cbd21c74dab3c9f722acbc38b81f53fce82eb32)
[`6.18.0` {octicon}`link-external`](https://github.com/kdeldycke/repomatic/releases/tag/v6.18.0),[{octicon}`download` `windows-x64`](https://github.com/kdeldycke/repomatic/releases/download/v6.18.0/repomatic-6.18.0-windows-x64.exe),2026-05-07,[{octicon}`shield;1em;sd-text-danger` 33.3%](https://www.virustotal.com/gui/file/e12df67cba72d506823148be5add7bf2ff4d27263ea5c7eecdcf61b305b120e0)
[`6.17.0` {octicon}`link-external`](https://github.com/kdeldycke/repomatic/releases/tag/v6.17.0),[{octicon}`download` `linux-arm64`](https://github.com/kdeldycke/repomatic/releases/download/v6.17.0/repomatic-6.17.0-linux-arm64.bin),2026-05-04,[{octicon}`shield-check;1em;sd-text-success`](https://www.virustotal.com/gui/file/b69ded8526f540148d618d107da16db872d9e223b2cae5b604fd0f514c2fde63)
[`6.17.0` {octicon}`link-external`](https://github.com/kdeldycke/repomatic/releases/tag/v6.17.0),[{octicon}`download` `linux-x64`](https://github.com/kdeldycke/repomatic/releases/download/v6.17.0/repomatic-6.17.0-linux-x64.bin),2026-05-04,[{octicon}`shield-check;1em;sd-text-success`](https://www.virustotal.com/gui/file/b0f7c50685f2d9bd789016af95e7e42e362ebf45b3c107987b6df997074b59ae)
[`6.17.0` {octicon}`link-external`](https://github.com/kdeldycke/repomatic/releases/tag/v6.17.0),[{octicon}`download` `macos-arm64`](https://github.com/kdeldycke/repomatic/releases/download/v6.17.0/repomatic-6.17.0-macos-arm64.bin),2026-05-04,[{octicon}`shield;1em;sd-text-warning` 4.9%](https://www.virustotal.com/gui/file/ed9637e0418250a7a18678f2e37911c2e9f82d9d314ae61eb83b1b5182d83431)
[`6.17.0` {octicon}`link-external`](https://github.com/kdeldycke/repomatic/releases/tag/v6.17.0),[{octicon}`download` `macos-x64`](https://github.com/kdeldycke/repomatic/releases/download/v6.17.0/repomatic-6.17.0-macos-x64.bin),2026-05-04,[{octicon}`shield;1em;sd-text-warning` 1.6%](https://www.virustotal.com/gui/file/8da3c2a090f2c6e8aa6134c068e692baee7a9a49fa048eb751997832f49b05e8)
[`6.17.0` {octicon}`link-external`](https://github.com/kdeldycke/repomatic/releases/tag/v6.17.0),[{octicon}`download` `windows-arm64`](https://github.com/kdeldycke/repomatic/releases/download/v6.17.0/repomatic-6.17.0-windows-arm64.exe),2026-05-04,[{octicon}`shield-check;1em;sd-text-success`](https://www.virustotal.com/gui/file/28def531be8044887ffa5165fee9426c6cc616e9c79704df02aa5e7050663ce3)
[`6.17.0` {octicon}`link-external`](https://github.com/kdeldycke/repomatic/releases/tag/v6.17.0),[{octicon}`download` `windows-x64`](https://github.com/kdeldycke/repomatic/releases/download/v6.17.0/repomatic-6.17.0-windows-x64.exe),2026-05-04,[{octicon}`shield;1em;sd-text-danger` 34.3%](https://www.virustotal.com/gui/file/38d6a425dbfccd8d7bb96d69c19eb09d80745a70b9dd88ed16c802f66f437145)
[`6.16.0` {octicon}`link-external`](https://github.com/kdeldycke/repomatic/releases/tag/v6.16.0),[{octicon}`download` `linux-arm64`](https://github.com/kdeldycke/repomatic/releases/download/v6.16.0/repomatic-6.16.0-linux-arm64.bin),2026-04-29,[{octicon}`shield-check;1em;sd-text-success`](https://www.virustotal.com/gui/file/1c606a11aff26b8d60b9fe85b16e1385e2682cdf940a42ff7c8e528ca7409519)
[`6.16.0` {octicon}`link-external`](https://github.com/kdeldycke/repomatic/releases/tag/v6.16.0),[{octicon}`download` `linux-x64`](https://github.com/kdeldycke/repomatic/releases/download/v6.16.0/repomatic-6.16.0-linux-x64.bin),2026-04-29,[{octicon}`shield-check;1em;sd-text-success`](https://www.virustotal.com/gui/file/bcf1a618b2640661e99b55a679f912000e450108c7a5795418ffb4868abbdb53)
[`6.16.0` {octicon}`link-external`](https://github.com/kdeldycke/repomatic/releases/tag/v6.16.0),[{octicon}`download` `macos-arm64`](https://github.com/kdeldycke/repomatic/releases/download/v6.16.0/repomatic-6.16.0-macos-arm64.bin),2026-04-29,[{octicon}`shield;1em;sd-text-warning` 6.5%](https://www.virustotal.com/gui/file/369af748543034b7cdaf93b6407e3b95f51a56d200eb57947c210a15bf22724d)
[`6.16.0` {octicon}`link-external`](https://github.com/kdeldycke/repomatic/releases/tag/v6.16.0),[{octicon}`download` `macos-x64`](https://github.com/kdeldycke/repomatic/releases/download/v6.16.0/repomatic-6.16.0-macos-x64.bin),2026-04-29,[{octicon}`shield;1em;sd-text-warning` 3.2%](https://www.virustotal.com/gui/file/5bf100092d8bbf694c767dcb2ee94f1de56c17aee3877dbd2dd2f0ca171ebf6d)
[`6.16.0` {octicon}`link-external`](https://github.com/kdeldycke/repomatic/releases/tag/v6.16.0),[{octicon}`download` `windows-arm64`](https://github.com/kdeldycke/repomatic/releases/download/v6.16.0/repomatic-6.16.0-windows-arm64.exe),2026-04-29,[{octicon}`shield;1em;sd-text-warning` 1.4%](https://www.virustotal.com/gui/file/f2e6983424d73f3b353694fd60fb85743f941dcb8d34e13894e3d995fb86bc40)
[`6.16.0` {octicon}`link-external`](https://github.com/kdeldycke/repomatic/releases/tag/v6.16.0),[{octicon}`download` `windows-x64`](https://github.com/kdeldycke/repomatic/releases/download/v6.16.0/repomatic-6.16.0-windows-x64.exe),2026-04-29,[{octicon}`shield;1em;sd-text-danger` 32.4%](https://www.virustotal.com/gui/file/33b225e4485668fc6c3868fbc6b680bbc198a9ef9e1547aa4df4542a2ffcb5f7)
[`6.15.0` {octicon}`link-external`](https://github.com/kdeldycke/repomatic/releases/tag/v6.15.0),[{octicon}`download` `linux-arm64`](https://github.com/kdeldycke/repomatic/releases/download/v6.15.0/repomatic-6.15.0-linux-arm64.bin),2026-04-27,[{octicon}`shield-check;1em;sd-text-success`](https://www.virustotal.com/gui/file/d1a89b354c7d5b4257369b50a6b6a8e19b8330e0197c304d2293de2541921c66)
[`6.15.0` {octicon}`link-external`](https://github.com/kdeldycke/repomatic/releases/tag/v6.15.0),[{octicon}`download` `linux-x64`](https://github.com/kdeldycke/repomatic/releases/download/v6.15.0/repomatic-6.15.0-linux-x64.bin),2026-04-27,[{octicon}`shield-check;1em;sd-text-success`](https://www.virustotal.com/gui/file/d8465f30112cf314decd1008e394eae0ea791399add881bcada2c30265031157)
[`6.15.0` {octicon}`link-external`](https://github.com/kdeldycke/repomatic/releases/tag/v6.15.0),[{octicon}`download` `macos-arm64`](https://github.com/kdeldycke/repomatic/releases/download/v6.15.0/repomatic-6.15.0-macos-arm64.bin),2026-04-27,[{octicon}`shield;1em;sd-text-warning` 6.5%](https://www.virustotal.com/gui/file/2ca2273febaeffd2b5ef764edb22080a3f6e0242214fddba5e1b1685e1f3c6cf)
[`6.15.0` {octicon}`link-external`](https://github.com/kdeldycke/repomatic/releases/tag/v6.15.0),[{octicon}`download` `macos-x64`](https://github.com/kdeldycke/repomatic/releases/download/v6.15.0/repomatic-6.15.0-macos-x64.bin),2026-04-27,[{octicon}`shield;1em;sd-text-warning` 3.2%](https://www.virustotal.com/gui/file/aaa608010824a8b1a29930d4f900252d68eaca21b39d17911719836fbbd60e78)
[`6.15.0` {octicon}`link-external`](https://github.com/kdeldycke/repomatic/releases/tag/v6.15.0),[{octicon}`download` `windows-arm64`](https://github.com/kdeldycke/repomatic/releases/download/v6.15.0/repomatic-6.15.0-windows-arm64.exe),2026-04-27,[{octicon}`shield;1em;sd-text-warning` 1.4%](https://www.virustotal.com/gui/file/373162997522c1e75e20cb8cee6e655a5cdb6ede5e87e770e75569fce92116c1)
[`6.15.0` {octicon}`link-external`](https://github.com/kdeldycke/repomatic/releases/tag/v6.15.0),[{octicon}`download` `windows-x64`](https://github.com/kdeldycke/repomatic/releases/download/v6.15.0/repomatic-6.15.0-windows-x64.exe),2026-04-27,[{octicon}`shield;1em;sd-text-danger` 32.4%](https://www.virustotal.com/gui/file/e664e6a6ddc6f7b1167748a69174fbcdecc654968ebbab71cfc9350b96ae0875)
[`6.14.0` {octicon}`link-external`](https://github.com/kdeldycke/repomatic/releases/tag/v6.14.0),[{octicon}`download` `linux-arm64`](https://github.com/kdeldycke/repomatic/releases/download/v6.14.0/repomatic-6.14.0-linux-arm64.bin),2026-04-20,[{octicon}`shield-check;1em;sd-text-success`](https://www.virustotal.com/gui/file/da651b8584f8be6dae8eacc3009a0e8ea405f38b450d81c134b8b1e8126bfaf5)
[`6.14.0` {octicon}`link-external`](https://github.com/kdeldycke/repomatic/releases/tag/v6.14.0),[{octicon}`download` `linux-x64`](https://github.com/kdeldycke/repomatic/releases/download/v6.14.0/repomatic-6.14.0-linux-x64.bin),2026-04-20,[{octicon}`shield-check;1em;sd-text-success`](https://www.virustotal.com/gui/file/b8cf4c0bc821a7613a023c2ebcb3a4a4131c578dd2a754b7bf7cfbf9d61a4b68)
[`6.14.0` {octicon}`link-external`](https://github.com/kdeldycke/repomatic/releases/tag/v6.14.0),[{octicon}`download` `macos-arm64`](https://github.com/kdeldycke/repomatic/releases/download/v6.14.0/repomatic-6.14.0-macos-arm64.bin),2026-04-20,[{octicon}`shield;1em;sd-text-warning` 6.3%](https://www.virustotal.com/gui/file/a3acc1dd001d1e558c717ddeab89ccb15c7d43151e39a375282034b30d8aeab5)
[`6.14.0` {octicon}`link-external`](https://github.com/kdeldycke/repomatic/releases/tag/v6.14.0),[{octicon}`download` `macos-x64`](https://github.com/kdeldycke/repomatic/releases/download/v6.14.0/repomatic-6.14.0-macos-x64.bin),2026-04-20,[{octicon}`shield;1em;sd-text-warning` 3.1%](https://www.virustotal.com/gui/file/d724680ab46fea4eb1ba4f8dfda21830efbd22e5faf7371398e5f70f8c79d9cd)
[`6.14.0` {octicon}`link-external`](https://github.com/kdeldycke/repomatic/releases/tag/v6.14.0),[{octicon}`download` `windows-arm64`](https://github.com/kdeldycke/repomatic/releases/download/v6.14.0/repomatic-6.14.0-windows-arm64.exe),2026-04-20,[{octicon}`shield;1em;sd-text-warning` 3.0%](https://www.virustotal.com/gui/file/57473d84f6f9c2d374d46dca629e72fd96c1ab8e978d0980db1cb98ca6884223)
[`6.14.0` {octicon}`link-external`](https://github.com/kdeldycke/repomatic/releases/tag/v6.14.0),[{octicon}`download` `windows-x64`](https://github.com/kdeldycke/repomatic/releases/download/v6.14.0/repomatic-6.14.0-windows-x64.exe),2026-04-20,[{octicon}`shield;1em;sd-text-danger` 33.8%](https://www.virustotal.com/gui/file/ff0afc8e42c61aef6b04b7d1601d4eea4d785767c52f7ed0e9116bffce0c4190)
[`6.13.0` {octicon}`link-external`](https://github.com/kdeldycke/repomatic/releases/tag/v6.13.0),[{octicon}`download` `linux-arm64`](https://github.com/kdeldycke/repomatic/releases/download/v6.13.0/repomatic-6.13.0-linux-arm64.bin),2026-04-15,[{octicon}`shield-check;1em;sd-text-success`](https://www.virustotal.com/gui/file/3b946976780d2b85862433fbc7a8a18629968cd7ef00ecf46430f9b3a588dd29)
[`6.13.0` {octicon}`link-external`](https://github.com/kdeldycke/repomatic/releases/tag/v6.13.0),[{octicon}`download` `linux-x64`](https://github.com/kdeldycke/repomatic/releases/download/v6.13.0/repomatic-6.13.0-linux-x64.bin),2026-04-15,[{octicon}`shield-check;1em;sd-text-success`](https://www.virustotal.com/gui/file/920708d097be1632a5157a67fa0eba983efabbe7ebd3a10db0d8b42b87f9d9ef)
[`6.13.0` {octicon}`link-external`](https://github.com/kdeldycke/repomatic/releases/tag/v6.13.0),[{octicon}`download` `macos-arm64`](https://github.com/kdeldycke/repomatic/releases/download/v6.13.0/repomatic-6.13.0-macos-arm64.bin),2026-04-15,[{octicon}`shield;1em;sd-text-warning` 4.8%](https://www.virustotal.com/gui/file/8878737d629831921b60275ced402e289197e24074ec6053a6a6ed8d99e93be1)
[`6.13.0` {octicon}`link-external`](https://github.com/kdeldycke/repomatic/releases/tag/v6.13.0),[{octicon}`download` `macos-x64`](https://github.com/kdeldycke/repomatic/releases/download/v6.13.0/repomatic-6.13.0-macos-x64.bin),2026-04-15,[{octicon}`shield;1em;sd-text-warning` 1.6%](https://www.virustotal.com/gui/file/6df4f45c18c420420b0db7d366f58b34ae0b3993967567220e470d6f62a94be4)
[`6.13.0` {octicon}`link-external`](https://github.com/kdeldycke/repomatic/releases/tag/v6.13.0),[{octicon}`download` `windows-arm64`](https://github.com/kdeldycke/repomatic/releases/download/v6.13.0/repomatic-6.13.0-windows-arm64.exe),2026-04-15,[{octicon}`shield;1em;sd-text-warning` 3.1%](https://www.virustotal.com/gui/file/ec54a0111ebf857e597def4288e2ae595d2804062484118ab8a4e0e3c5b2f4f2)
[`6.13.0` {octicon}`link-external`](https://github.com/kdeldycke/repomatic/releases/tag/v6.13.0),[{octicon}`download` `windows-x64`](https://github.com/kdeldycke/repomatic/releases/download/v6.13.0/repomatic-6.13.0-windows-x64.exe),2026-04-15,[{octicon}`shield;1em;sd-text-danger` 28.6%](https://www.virustotal.com/gui/file/4c74d167c293cf236ccd3c0ae5f5bc67821f3cae2a7fe489b8892db0f2646917)
[`6.12.0` {octicon}`link-external`](https://github.com/kdeldycke/repomatic/releases/tag/v6.12.0),[{octicon}`download` `linux-arm64`](https://github.com/kdeldycke/repomatic/releases/download/v6.12.0/repomatic-6.12.0-linux-arm64.bin),2026-04-13,[{octicon}`shield` analysis](https://www.virustotal.com/gui/file/46bdcd5e43f7cd13303497cabd666f15599827c860e20bbdc091fd06b304345a)
[`6.12.0` {octicon}`link-external`](https://github.com/kdeldycke/repomatic/releases/tag/v6.12.0),[{octicon}`download` `linux-x64`](https://github.com/kdeldycke/repomatic/releases/download/v6.12.0/repomatic-6.12.0-linux-x64.bin),2026-04-13,[{octicon}`shield` analysis](https://www.virustotal.com/gui/file/5631b6ee723a9fc37987f7472cf6d2d64975c66f11c74561d4517a85e124d0bb)
[`6.12.0` {octicon}`link-external`](https://github.com/kdeldycke/repomatic/releases/tag/v6.12.0),[{octicon}`download` `macos-arm64`](https://github.com/kdeldycke/repomatic/releases/download/v6.12.0/repomatic-6.12.0-macos-arm64.bin),2026-04-13,[{octicon}`shield` analysis](https://www.virustotal.com/gui/file/3bc442bc41e17019b70493a925a019af6bd9afa844763c909d00d6787e688bbb)
[`6.12.0` {octicon}`link-external`](https://github.com/kdeldycke/repomatic/releases/tag/v6.12.0),[{octicon}`download` `macos-x64`](https://github.com/kdeldycke/repomatic/releases/download/v6.12.0/repomatic-6.12.0-macos-x64.bin),2026-04-13,[{octicon}`shield` analysis](https://www.virustotal.com/gui/file/a504ef4c0c50f147643bd76544508ae2f02b427b42e18a1a48d0394a8b7ff461)
[`6.12.0` {octicon}`link-external`](https://github.com/kdeldycke/repomatic/releases/tag/v6.12.0),[{octicon}`download` `windows-arm64`](https://github.com/kdeldycke/repomatic/releases/download/v6.12.0/repomatic-6.12.0-windows-arm64.exe),2026-04-13,[{octicon}`shield` analysis](https://www.virustotal.com/gui/file/52b2884d9c9d8f6f6067d313acb44d900a5d8371f42ec8065e0a0c485d8dae0e)
[`6.12.0` {octicon}`link-external`](https://github.com/kdeldycke/repomatic/releases/tag/v6.12.0),[{octicon}`download` `windows-x64`](https://github.com/kdeldycke/repomatic/releases/download/v6.12.0/repomatic-6.12.0-windows-x64.exe),2026-04-13,[{octicon}`shield` analysis](https://www.virustotal.com/gui/file/0223fe5e02c0d13f5e0475bae6d5277ba94bbaf9b6053601de01c6fcb2864e23)
[`6.11.3` {octicon}`link-external`](https://github.com/kdeldycke/repomatic/releases/tag/v6.11.3),[{octicon}`download` `linux-arm64`](https://github.com/kdeldycke/repomatic/releases/download/v6.11.3/repomatic-6.11.3-linux-arm64.bin),2026-04-09,[{octicon}`shield` analysis](https://www.virustotal.com/gui/file/90e6e126583b46289da9c7558ef59383532e814db3f66316492a4c85feef6456)
[`6.11.3` {octicon}`link-external`](https://github.com/kdeldycke/repomatic/releases/tag/v6.11.3),[{octicon}`download` `linux-x64`](https://github.com/kdeldycke/repomatic/releases/download/v6.11.3/repomatic-6.11.3-linux-x64.bin),2026-04-09,[{octicon}`shield` analysis](https://www.virustotal.com/gui/file/0c64923f528ab43591190956355bb9956695dd2564b4c8652d0dbc5cb06e5f22)
[`6.11.3` {octicon}`link-external`](https://github.com/kdeldycke/repomatic/releases/tag/v6.11.3),[{octicon}`download` `macos-arm64`](https://github.com/kdeldycke/repomatic/releases/download/v6.11.3/repomatic-6.11.3-macos-arm64.bin),2026-04-09,[{octicon}`shield` analysis](https://www.virustotal.com/gui/file/ba95353c8022679caa26e1ba90b556e2ba42573c4518bb6b38bff1a833bb091b)
[`6.11.3` {octicon}`link-external`](https://github.com/kdeldycke/repomatic/releases/tag/v6.11.3),[{octicon}`download` `macos-x64`](https://github.com/kdeldycke/repomatic/releases/download/v6.11.3/repomatic-6.11.3-macos-x64.bin),2026-04-09,[{octicon}`shield` analysis](https://www.virustotal.com/gui/file/12c39cb0921ab3c120cc50667f89c66da4eb1f58dfa0cdec57e47dc353c3aca0)
[`6.11.3` {octicon}`link-external`](https://github.com/kdeldycke/repomatic/releases/tag/v6.11.3),[{octicon}`download` `windows-arm64`](https://github.com/kdeldycke/repomatic/releases/download/v6.11.3/repomatic-6.11.3-windows-arm64.exe),2026-04-09,[{octicon}`shield` analysis](https://www.virustotal.com/gui/file/e585bb8875c076b3f27960a8158eb27fa96561a7127a57a3fb130c23d8ee2b68)
[`6.11.3` {octicon}`link-external`](https://github.com/kdeldycke/repomatic/releases/tag/v6.11.3),[{octicon}`download` `windows-x64`](https://github.com/kdeldycke/repomatic/releases/download/v6.11.3/repomatic-6.11.3-windows-x64.exe),2026-04-09,[{octicon}`shield` analysis](https://www.virustotal.com/gui/file/85b0cdc3a17c85215252d89be2306705461a598ddf13e6c27eaf6531ab823d8d)
[`6.11.2` {octicon}`link-external`](https://github.com/kdeldycke/repomatic/releases/tag/v6.11.2),[{octicon}`download` `linux-arm64`](https://github.com/kdeldycke/repomatic/releases/download/v6.11.2/repomatic-6.11.2-linux-arm64.bin),2026-04-08,[{octicon}`shield` analysis](https://www.virustotal.com/gui/file/efc38601f1faf0ac1a5771a47d25a5d64c3cdb1c4ac86bef7c8598f665d41903)
[`6.11.2` {octicon}`link-external`](https://github.com/kdeldycke/repomatic/releases/tag/v6.11.2),[{octicon}`download` `linux-x64`](https://github.com/kdeldycke/repomatic/releases/download/v6.11.2/repomatic-6.11.2-linux-x64.bin),2026-04-08,[{octicon}`shield` analysis](https://www.virustotal.com/gui/file/fee1ac5a9588cec178c86263828be68726327755dd02bb5e445fad391cc8f1f2)
[`6.11.2` {octicon}`link-external`](https://github.com/kdeldycke/repomatic/releases/tag/v6.11.2),[{octicon}`download` `macos-arm64`](https://github.com/kdeldycke/repomatic/releases/download/v6.11.2/repomatic-6.11.2-macos-arm64.bin),2026-04-08,[{octicon}`shield` analysis](https://www.virustotal.com/gui/file/8ad0b4a5640cf4505cb5c98018ffabdb8fde9c66ef8e2795e8bba295fd89f5c7)
[`6.11.2` {octicon}`link-external`](https://github.com/kdeldycke/repomatic/releases/tag/v6.11.2),[{octicon}`download` `macos-x64`](https://github.com/kdeldycke/repomatic/releases/download/v6.11.2/repomatic-6.11.2-macos-x64.bin),2026-04-08,[{octicon}`shield` analysis](https://www.virustotal.com/gui/file/e678fab0f286c72e0379304b31865b2c7ca92d0b32aebc771e2d8dc7cdf71257)
[`6.11.2` {octicon}`link-external`](https://github.com/kdeldycke/repomatic/releases/tag/v6.11.2),[{octicon}`download` `windows-arm64`](https://github.com/kdeldycke/repomatic/releases/download/v6.11.2/repomatic-6.11.2-windows-arm64.exe),2026-04-08,[{octicon}`shield` analysis](https://www.virustotal.com/gui/file/fdab9750920621ac9bfc770a5896f223ae2d0ca417814e9c21d42a566b5e2f56)
[`6.11.2` {octicon}`link-external`](https://github.com/kdeldycke/repomatic/releases/tag/v6.11.2),[{octicon}`download` `windows-x64`](https://github.com/kdeldycke/repomatic/releases/download/v6.11.2/repomatic-6.11.2-windows-x64.exe),2026-04-08,[{octicon}`shield` analysis](https://www.virustotal.com/gui/file/befb933fdf5f79d4e3642a461d97795d9389a902a67984b6b850caa52ccad7f6)
[`6.11.1` {octicon}`link-external`](https://github.com/kdeldycke/repomatic/releases/tag/v6.11.1),[{octicon}`download` `linux-arm64`](https://github.com/kdeldycke/repomatic/releases/download/v6.11.1/repomatic-6.11.1-linux-arm64.bin),2026-04-08,[{octicon}`shield` analysis](https://www.virustotal.com/gui/file/37fe2e041f1c000db7e93e57f755eebaaa3c1d3d8eca8fcf913216cc0a88e719)
[`6.11.1` {octicon}`link-external`](https://github.com/kdeldycke/repomatic/releases/tag/v6.11.1),[{octicon}`download` `linux-x64`](https://github.com/kdeldycke/repomatic/releases/download/v6.11.1/repomatic-6.11.1-linux-x64.bin),2026-04-08,[{octicon}`shield` analysis](https://www.virustotal.com/gui/file/f76dc10e05058f08bf2c59169df95553ab206a52d8f39e6b845acbe200d4b5e6)
[`6.11.1` {octicon}`link-external`](https://github.com/kdeldycke/repomatic/releases/tag/v6.11.1),[{octicon}`download` `macos-arm64`](https://github.com/kdeldycke/repomatic/releases/download/v6.11.1/repomatic-6.11.1-macos-arm64.bin),2026-04-08,[{octicon}`shield` analysis](https://www.virustotal.com/gui/file/2680ab83b44ed849a56079c9fa68b850f612afaf02521d1caf798b00217a9f5a)
[`6.11.1` {octicon}`link-external`](https://github.com/kdeldycke/repomatic/releases/tag/v6.11.1),[{octicon}`download` `macos-x64`](https://github.com/kdeldycke/repomatic/releases/download/v6.11.1/repomatic-6.11.1-macos-x64.bin),2026-04-08,[{octicon}`shield` analysis](https://www.virustotal.com/gui/file/ff42a8d78096f7f41a3b1b28a19666702e0fc4ccb5cf36b3c9c82f9cf45120ed)
[`6.11.1` {octicon}`link-external`](https://github.com/kdeldycke/repomatic/releases/tag/v6.11.1),[{octicon}`download` `windows-arm64`](https://github.com/kdeldycke/repomatic/releases/download/v6.11.1/repomatic-6.11.1-windows-arm64.exe),2026-04-08,[{octicon}`shield` analysis](https://www.virustotal.com/gui/file/1adba6623b6c0ff725ec466ee1fb70a22464adff04f6e42880006695afd03007)
[`6.11.1` {octicon}`link-external`](https://github.com/kdeldycke/repomatic/releases/tag/v6.11.1),[{octicon}`download` `windows-x64`](https://github.com/kdeldycke/repomatic/releases/download/v6.11.1/repomatic-6.11.1-windows-x64.exe),2026-04-08,[{octicon}`shield` analysis](https://www.virustotal.com/gui/file/bfbd88a5e087eb7a6e5a678c4600d2f504484d18a1c926c7b2dc7819280bda61)
[`6.10.0` {octicon}`link-external`](https://github.com/kdeldycke/repomatic/releases/tag/v6.10.0),[{octicon}`download` `linux-arm64`](https://github.com/kdeldycke/repomatic/releases/download/v6.10.0/repomatic-6.10.0-linux-arm64.bin),2026-04-03,[{octicon}`shield` analysis](https://www.virustotal.com/gui/file/52c6edbdff6a095723fe74b305ea2ba07b169458f7cacff1c01bca165a22392d)
[`6.10.0` {octicon}`link-external`](https://github.com/kdeldycke/repomatic/releases/tag/v6.10.0),[{octicon}`download` `linux-x64`](https://github.com/kdeldycke/repomatic/releases/download/v6.10.0/repomatic-6.10.0-linux-x64.bin),2026-04-03,[{octicon}`shield` analysis](https://www.virustotal.com/gui/file/3765e2e374500d6ecdede2cc6f7b62523b8dd8496e5ab88f57dea47122d25931)
[`6.10.0` {octicon}`link-external`](https://github.com/kdeldycke/repomatic/releases/tag/v6.10.0),[{octicon}`download` `macos-arm64`](https://github.com/kdeldycke/repomatic/releases/download/v6.10.0/repomatic-6.10.0-macos-arm64.bin),2026-04-03,[{octicon}`shield` analysis](https://www.virustotal.com/gui/file/436eeca3b48883c9ef1365e79190889261f08eb9e124bca6c53a001e04735dda)
[`6.10.0` {octicon}`link-external`](https://github.com/kdeldycke/repomatic/releases/tag/v6.10.0),[{octicon}`download` `macos-x64`](https://github.com/kdeldycke/repomatic/releases/download/v6.10.0/repomatic-6.10.0-macos-x64.bin),2026-04-03,[{octicon}`shield` analysis](https://www.virustotal.com/gui/file/805be50ede351d460ee5f125c4e11c489cbbf4c518762554b2c8779b069d3940)
[`6.10.0` {octicon}`link-external`](https://github.com/kdeldycke/repomatic/releases/tag/v6.10.0),[{octicon}`download` `windows-arm64`](https://github.com/kdeldycke/repomatic/releases/download/v6.10.0/repomatic-6.10.0-windows-arm64.exe),2026-04-03,[{octicon}`shield` analysis](https://www.virustotal.com/gui/file/80c670d09c26d9d960378951de773806639683e3e3bef763f94545d57c568afc)
[`6.10.0` {octicon}`link-external`](https://github.com/kdeldycke/repomatic/releases/tag/v6.10.0),[{octicon}`download` `windows-x64`](https://github.com/kdeldycke/repomatic/releases/download/v6.10.0/repomatic-6.10.0-windows-x64.exe),2026-04-03,[{octicon}`shield` analysis](https://www.virustotal.com/gui/file/c5995b76698bc59715536616977cdef6472230b6b981facc24a24e8affff1e04)
[`6.9.0` {octicon}`link-external`](https://github.com/kdeldycke/repomatic/releases/tag/v6.9.0),[{octicon}`download` `linux-arm64`](https://github.com/kdeldycke/repomatic/releases/download/v6.9.0/repomatic-6.9.0-linux-arm64.bin),2026-03-31,[{octicon}`shield` analysis](https://www.virustotal.com/gui/file/b90efac13f6c03a93dfe1dd9ee68219a4770fdebbaf3d46aceddc35c716c9d3c)
[`6.9.0` {octicon}`link-external`](https://github.com/kdeldycke/repomatic/releases/tag/v6.9.0),[{octicon}`download` `linux-x64`](https://github.com/kdeldycke/repomatic/releases/download/v6.9.0/repomatic-6.9.0-linux-x64.bin),2026-03-31,[{octicon}`shield` analysis](https://www.virustotal.com/gui/file/e625a36dd077b379472cffe6ebf54d93bfd38bd3b8dc9913dca96917bf503b36)
[`6.9.0` {octicon}`link-external`](https://github.com/kdeldycke/repomatic/releases/tag/v6.9.0),[{octicon}`download` `macos-arm64`](https://github.com/kdeldycke/repomatic/releases/download/v6.9.0/repomatic-6.9.0-macos-arm64.bin),2026-03-31,[{octicon}`shield` analysis](https://www.virustotal.com/gui/file/ad177068df569dccfcdb9df1d8a03984a30d8ec02461c5d56f4a520c89a9493f)
[`6.9.0` {octicon}`link-external`](https://github.com/kdeldycke/repomatic/releases/tag/v6.9.0),[{octicon}`download` `macos-x64`](https://github.com/kdeldycke/repomatic/releases/download/v6.9.0/repomatic-6.9.0-macos-x64.bin),2026-03-31,[{octicon}`shield` analysis](https://www.virustotal.com/gui/file/42ec64443e93d9c0bfe24695d96470421a4fcb7406fef5dcba480c75f661fb0d)
[`6.9.0` {octicon}`link-external`](https://github.com/kdeldycke/repomatic/releases/tag/v6.9.0),[{octicon}`download` `windows-arm64`](https://github.com/kdeldycke/repomatic/releases/download/v6.9.0/repomatic-6.9.0-windows-arm64.exe),2026-03-31,[{octicon}`shield` analysis](https://www.virustotal.com/gui/file/879a8a2531ce7022620046f283b62fdfc39cef2ced563c6f988345de1e5e7358)
[`6.9.0` {octicon}`link-external`](https://github.com/kdeldycke/repomatic/releases/tag/v6.9.0),[{octicon}`download` `windows-x64`](https://github.com/kdeldycke/repomatic/releases/download/v6.9.0/repomatic-6.9.0-windows-x64.exe),2026-03-31,[{octicon}`shield` analysis](https://www.virustotal.com/gui/file/95d0ea2b61cc6b24ee06162cb3f244ccb6dc31a6fb65d5605cfb86bad922b247)
[`6.8.0` {octicon}`link-external`](https://github.com/kdeldycke/repomatic/releases/tag/v6.8.0),[{octicon}`download` `linux-arm64`](https://github.com/kdeldycke/repomatic/releases/download/v6.8.0/repomatic-6.8.0-linux-arm64.bin),2026-03-27,[{octicon}`shield` analysis](https://www.virustotal.com/gui/file/e6f404c3090eec8d6f75c6f798a5456c0a0db86d37a1758ea4d1aad9bfad57c2)
[`6.8.0` {octicon}`link-external`](https://github.com/kdeldycke/repomatic/releases/tag/v6.8.0),[{octicon}`download` `linux-x64`](https://github.com/kdeldycke/repomatic/releases/download/v6.8.0/repomatic-6.8.0-linux-x64.bin),2026-03-27,[{octicon}`shield` analysis](https://www.virustotal.com/gui/file/5357f44c60578b302719a13490baf59be04c34a64d9bd2e3bdcb1428c74aa0a0)
[`6.8.0` {octicon}`link-external`](https://github.com/kdeldycke/repomatic/releases/tag/v6.8.0),[{octicon}`download` `macos-arm64`](https://github.com/kdeldycke/repomatic/releases/download/v6.8.0/repomatic-6.8.0-macos-arm64.bin),2026-03-27,[{octicon}`shield` analysis](https://www.virustotal.com/gui/file/6c3c1917c7e7309d8f14b56ca4b541bf825f464c3cfc7ad39afbf953258c5f41)
[`6.8.0` {octicon}`link-external`](https://github.com/kdeldycke/repomatic/releases/tag/v6.8.0),[{octicon}`download` `macos-x64`](https://github.com/kdeldycke/repomatic/releases/download/v6.8.0/repomatic-6.8.0-macos-x64.bin),2026-03-27,[{octicon}`shield` analysis](https://www.virustotal.com/gui/file/56c5a2c842e57c67ab6c297e60a9742096885c4666851f28832f9840856dcbd9)
[`6.8.0` {octicon}`link-external`](https://github.com/kdeldycke/repomatic/releases/tag/v6.8.0),[{octicon}`download` `windows-arm64`](https://github.com/kdeldycke/repomatic/releases/download/v6.8.0/repomatic-6.8.0-windows-arm64.exe),2026-03-27,[{octicon}`shield` analysis](https://www.virustotal.com/gui/file/da5aba4de140322f0bc249596a95ab94d88710fc8e0f846cabeb05fa495b645a)
[`6.8.0` {octicon}`link-external`](https://github.com/kdeldycke/repomatic/releases/tag/v6.8.0),[{octicon}`download` `windows-x64`](https://github.com/kdeldycke/repomatic/releases/download/v6.8.0/repomatic-6.8.0-windows-x64.exe),2026-03-27,[{octicon}`shield` analysis](https://www.virustotal.com/gui/file/e3eacb3bd295da51c9e8491152a1697f41ad86f242927b633aca6afe9cdd2211)
[`6.7.0` {octicon}`link-external`](https://github.com/kdeldycke/repomatic/releases/tag/v6.7.0),[{octicon}`download` `linux-arm64`](https://github.com/kdeldycke/repomatic/releases/download/v6.7.0/repomatic-6.7.0-linux-arm64.bin),2026-03-24,[{octicon}`shield` analysis](https://www.virustotal.com/gui/file/994bf2aa3e7ec6551ea0351c551e94eb88a6ef6e344b3c2ce1b87ff2f0f0787d)
[`6.7.0` {octicon}`link-external`](https://github.com/kdeldycke/repomatic/releases/tag/v6.7.0),[{octicon}`download` `linux-x64`](https://github.com/kdeldycke/repomatic/releases/download/v6.7.0/repomatic-6.7.0-linux-x64.bin),2026-03-24,[{octicon}`shield` analysis](https://www.virustotal.com/gui/file/91818b5eb9702fde1dc4de9b49551a82e4f1040cbd515749e7961f8e88cf29fd)
[`6.7.0` {octicon}`link-external`](https://github.com/kdeldycke/repomatic/releases/tag/v6.7.0),[{octicon}`download` `macos-arm64`](https://github.com/kdeldycke/repomatic/releases/download/v6.7.0/repomatic-6.7.0-macos-arm64.bin),2026-03-24,[{octicon}`shield` analysis](https://www.virustotal.com/gui/file/0d175957a81a0f6ba69be31b5fd9fdb731be67e67e252f779f8a1da36fc10097)
[`6.7.0` {octicon}`link-external`](https://github.com/kdeldycke/repomatic/releases/tag/v6.7.0),[{octicon}`download` `macos-x64`](https://github.com/kdeldycke/repomatic/releases/download/v6.7.0/repomatic-6.7.0-macos-x64.bin),2026-03-24,[{octicon}`shield` analysis](https://www.virustotal.com/gui/file/cf96effdf5d0122886b0553da5a32b6d2ca6914197a17eacd5e566eb2b5c0377)
[`6.7.0` {octicon}`link-external`](https://github.com/kdeldycke/repomatic/releases/tag/v6.7.0),[{octicon}`download` `windows-arm64`](https://github.com/kdeldycke/repomatic/releases/download/v6.7.0/repomatic-6.7.0-windows-arm64.exe),2026-03-24,[{octicon}`shield` analysis](https://www.virustotal.com/gui/file/34fe01e23696928eefb21934e9a21fb6161b4d7d5617fe320b21282a7f482fc7)
[`6.7.0` {octicon}`link-external`](https://github.com/kdeldycke/repomatic/releases/tag/v6.7.0),[{octicon}`download` `windows-x64`](https://github.com/kdeldycke/repomatic/releases/download/v6.7.0/repomatic-6.7.0-windows-x64.exe),2026-03-24,[{octicon}`shield` analysis](https://www.virustotal.com/gui/file/ef9815e71c0085c9ca46372e5891a3c9eb37742c283006104af32e01d39b7557)
[`6.6.0` {octicon}`link-external`](https://github.com/kdeldycke/repomatic/releases/tag/v6.6.0),[{octicon}`download` `linux-arm64`](https://github.com/kdeldycke/repomatic/releases/download/v6.6.0/repomatic-6.6.0-linux-arm64.bin),2026-03-23,[{octicon}`shield` analysis](https://www.virustotal.com/gui/file/7857243926ff5cbc785900e0f68fbee957e4bdab5163454d660229c9787a2013)
[`6.6.0` {octicon}`link-external`](https://github.com/kdeldycke/repomatic/releases/tag/v6.6.0),[{octicon}`download` `linux-x64`](https://github.com/kdeldycke/repomatic/releases/download/v6.6.0/repomatic-6.6.0-linux-x64.bin),2026-03-23,[{octicon}`shield` analysis](https://www.virustotal.com/gui/file/471dad45c577d026caa8bab0acfb6ab7e6b69f2d366cf0f8bada0e8f185ff523)
[`6.6.0` {octicon}`link-external`](https://github.com/kdeldycke/repomatic/releases/tag/v6.6.0),[{octicon}`download` `macos-arm64`](https://github.com/kdeldycke/repomatic/releases/download/v6.6.0/repomatic-6.6.0-macos-arm64.bin),2026-03-23,[{octicon}`shield` analysis](https://www.virustotal.com/gui/file/e1b3f053c5dcec1b784ffaeb71b3b8b1bc64c3eb53f676baf587409adf840b65)
[`6.6.0` {octicon}`link-external`](https://github.com/kdeldycke/repomatic/releases/tag/v6.6.0),[{octicon}`download` `macos-x64`](https://github.com/kdeldycke/repomatic/releases/download/v6.6.0/repomatic-6.6.0-macos-x64.bin),2026-03-23,[{octicon}`shield` analysis](https://www.virustotal.com/gui/file/e3d9eef931da3af70382acfdc385c1692f2cec65d5d90153d297f478b12a51da)
[`6.6.0` {octicon}`link-external`](https://github.com/kdeldycke/repomatic/releases/tag/v6.6.0),[{octicon}`download` `windows-arm64`](https://github.com/kdeldycke/repomatic/releases/download/v6.6.0/repomatic-6.6.0-windows-arm64.exe),2026-03-23,[{octicon}`shield` analysis](https://www.virustotal.com/gui/file/11f2a5e7001d07c11ca667111a34598df29a779bcad93de76df5f40c69345ab7)
[`6.6.0` {octicon}`link-external`](https://github.com/kdeldycke/repomatic/releases/tag/v6.6.0),[{octicon}`download` `windows-x64`](https://github.com/kdeldycke/repomatic/releases/download/v6.6.0/repomatic-6.6.0-windows-x64.exe),2026-03-23,[{octicon}`shield` analysis](https://www.virustotal.com/gui/file/a95f8690c0ac131b9a5043967c776dd9c65e5b6a4b44291e8ffc268825cc3305)
[`6.5.0` {octicon}`link-external`](https://github.com/kdeldycke/repomatic/releases/tag/v6.5.0),[{octicon}`download` `linux-arm64`](https://github.com/kdeldycke/repomatic/releases/download/v6.5.0/repomatic-6.5.0-linux-arm64.bin),2026-03-23,[{octicon}`shield` analysis](https://www.virustotal.com/gui/file/ba7ee5498ad32ee39ca61fa575dce03254a765d665832ede97ecbfd71c0a4902)
[`6.5.0` {octicon}`link-external`](https://github.com/kdeldycke/repomatic/releases/tag/v6.5.0),[{octicon}`download` `linux-x64`](https://github.com/kdeldycke/repomatic/releases/download/v6.5.0/repomatic-6.5.0-linux-x64.bin),2026-03-23,[{octicon}`shield` analysis](https://www.virustotal.com/gui/file/58cb817bbc8bb27e06abc7b5ad9fc76da7c9392c6eb413e8134cceb41f5a6de7)
[`6.5.0` {octicon}`link-external`](https://github.com/kdeldycke/repomatic/releases/tag/v6.5.0),[{octicon}`download` `macos-arm64`](https://github.com/kdeldycke/repomatic/releases/download/v6.5.0/repomatic-6.5.0-macos-arm64.bin),2026-03-23,[{octicon}`shield` analysis](https://www.virustotal.com/gui/file/b28293c65502b033a7927f5a986081965fb0ca944e883899ce79279f8607a720)
[`6.5.0` {octicon}`link-external`](https://github.com/kdeldycke/repomatic/releases/tag/v6.5.0),[{octicon}`download` `macos-x64`](https://github.com/kdeldycke/repomatic/releases/download/v6.5.0/repomatic-6.5.0-macos-x64.bin),2026-03-23,[{octicon}`shield` analysis](https://www.virustotal.com/gui/file/9e994e5c8b89e5b086fffab867290468aa22367623bc27e8d03a2d407da8f4af)
[`6.5.0` {octicon}`link-external`](https://github.com/kdeldycke/repomatic/releases/tag/v6.5.0),[{octicon}`download` `windows-arm64`](https://github.com/kdeldycke/repomatic/releases/download/v6.5.0/repomatic-6.5.0-windows-arm64.exe),2026-03-23,[{octicon}`shield` analysis](https://www.virustotal.com/gui/file/a94cfe6d078137490644b223d4253007246c7a7aa582379c23952b169a731821)
[`6.5.0` {octicon}`link-external`](https://github.com/kdeldycke/repomatic/releases/tag/v6.5.0),[{octicon}`download` `windows-x64`](https://github.com/kdeldycke/repomatic/releases/download/v6.5.0/repomatic-6.5.0-windows-x64.exe),2026-03-23,[{octicon}`shield` analysis](https://www.virustotal.com/gui/file/a7f37babeb989c22971e45e450de4f1cb4eee7f96f3b1fcb492d2d5628f7b0dd)
[`6.4.1` {octicon}`link-external`](https://github.com/kdeldycke/repomatic/releases/tag/v6.4.1),[{octicon}`download` `linux-arm64`](https://github.com/kdeldycke/repomatic/releases/download/v6.4.1/repomatic-6.4.1-linux-arm64.bin),2026-03-11,[{octicon}`shield` analysis](https://www.virustotal.com/gui/file/328c20e2f49c3c72789a6c55c3b8a65a36a719965730e4cf16ae876bf2756010)
[`6.4.1` {octicon}`link-external`](https://github.com/kdeldycke/repomatic/releases/tag/v6.4.1),[{octicon}`download` `linux-x64`](https://github.com/kdeldycke/repomatic/releases/download/v6.4.1/repomatic-6.4.1-linux-x64.bin),2026-03-11,[{octicon}`shield` analysis](https://www.virustotal.com/gui/file/f3610649c977f12e97642cd0c9c89a44266bfdc8ba30663dd2dca2c44e81d581)
[`6.4.1` {octicon}`link-external`](https://github.com/kdeldycke/repomatic/releases/tag/v6.4.1),[{octicon}`download` `macos-arm64`](https://github.com/kdeldycke/repomatic/releases/download/v6.4.1/repomatic-6.4.1-macos-arm64.bin),2026-03-11,[{octicon}`shield` analysis](https://www.virustotal.com/gui/file/b77f77a918f083eac99ad85f1bea7e0dba72c32d3f53d102da11ec07912df1dd)
[`6.4.1` {octicon}`link-external`](https://github.com/kdeldycke/repomatic/releases/tag/v6.4.1),[{octicon}`download` `macos-x64`](https://github.com/kdeldycke/repomatic/releases/download/v6.4.1/repomatic-6.4.1-macos-x64.bin),2026-03-11,[{octicon}`shield` analysis](https://www.virustotal.com/gui/file/a8eb81436256452db390d07f0cd3fd44a147827ee374e962d99ed4a56b9d2e4e)
[`6.4.1` {octicon}`link-external`](https://github.com/kdeldycke/repomatic/releases/tag/v6.4.1),[{octicon}`download` `windows-arm64`](https://github.com/kdeldycke/repomatic/releases/download/v6.4.1/repomatic-6.4.1-windows-arm64.exe),2026-03-11,[{octicon}`shield` analysis](https://www.virustotal.com/gui/file/40ec8745538e61ee682a5882003ab47b7fe3ce7d77ff71c600adecad4df2016e)
[`6.4.1` {octicon}`link-external`](https://github.com/kdeldycke/repomatic/releases/tag/v6.4.1),[{octicon}`download` `windows-x64`](https://github.com/kdeldycke/repomatic/releases/download/v6.4.1/repomatic-6.4.1-windows-x64.exe),2026-03-11,[{octicon}`shield` analysis](https://www.virustotal.com/gui/file/9044253c538dafea164756d79e81195659ef2d55c95a0c576993ac84aba41bb9)
[`6.4.0` {octicon}`link-external`](https://github.com/kdeldycke/repomatic/releases/tag/v6.4.0),[{octicon}`download` `linux-arm64`](https://github.com/kdeldycke/repomatic/releases/download/v6.4.0/repomatic-6.4.0-linux-arm64.bin),2026-03-10,[{octicon}`shield` analysis](https://www.virustotal.com/gui/file/f2a35a9f655fd04e03a2cfed143a75e156a936f4dba957208361791a20c10a72)
[`6.4.0` {octicon}`link-external`](https://github.com/kdeldycke/repomatic/releases/tag/v6.4.0),[{octicon}`download` `linux-x64`](https://github.com/kdeldycke/repomatic/releases/download/v6.4.0/repomatic-6.4.0-linux-x64.bin),2026-03-10,[{octicon}`shield` analysis](https://www.virustotal.com/gui/file/44f1bff958d354b673b1eed363470b6f06f096855bac25c2ea974c6c4578117b)
[`6.4.0` {octicon}`link-external`](https://github.com/kdeldycke/repomatic/releases/tag/v6.4.0),[{octicon}`download` `macos-arm64`](https://github.com/kdeldycke/repomatic/releases/download/v6.4.0/repomatic-6.4.0-macos-arm64.bin),2026-03-10,[{octicon}`shield` analysis](https://www.virustotal.com/gui/file/a2e7efd2e89eff2100a503c7c06a0e6b37686933edadfa425184cd3fa308a3d1)
[`6.4.0` {octicon}`link-external`](https://github.com/kdeldycke/repomatic/releases/tag/v6.4.0),[{octicon}`download` `macos-x64`](https://github.com/kdeldycke/repomatic/releases/download/v6.4.0/repomatic-6.4.0-macos-x64.bin),2026-03-10,[{octicon}`shield` analysis](https://www.virustotal.com/gui/file/7f177292e9bfea38adab0f1ad03a53982b92e13a99a411ca04aa3a153e7612ea)
[`6.4.0` {octicon}`link-external`](https://github.com/kdeldycke/repomatic/releases/tag/v6.4.0),[{octicon}`download` `windows-arm64`](https://github.com/kdeldycke/repomatic/releases/download/v6.4.0/repomatic-6.4.0-windows-arm64.exe),2026-03-10,[{octicon}`shield` analysis](https://www.virustotal.com/gui/file/88879ad2c1e038c8a73a8852f3b8c36f03f8c212e69a6bce682aabe7f0b22527)
[`6.4.0` {octicon}`link-external`](https://github.com/kdeldycke/repomatic/releases/tag/v6.4.0),[{octicon}`download` `windows-x64`](https://github.com/kdeldycke/repomatic/releases/download/v6.4.0/repomatic-6.4.0-windows-x64.exe),2026-03-10,[{octicon}`shield` analysis](https://www.virustotal.com/gui/file/f67b81ab9289416003d1d81969e3ea219bffa3fd71f8846bfa6ffbb4e8ac42c4)
[`6.3.2` {octicon}`link-external`](https://github.com/kdeldycke/repomatic/releases/tag/v6.3.2),[{octicon}`download` `linux-arm64`](https://github.com/kdeldycke/repomatic/releases/download/v6.3.2/repomatic-6.3.2-linux-arm64.bin),2026-03-08,[{octicon}`shield` analysis](https://www.virustotal.com/gui/file/6582606d74086d2b43a49d999c62ea1eff52787100f5d7fcfa94c277f9a3503a)
[`6.3.2` {octicon}`link-external`](https://github.com/kdeldycke/repomatic/releases/tag/v6.3.2),[{octicon}`download` `linux-x64`](https://github.com/kdeldycke/repomatic/releases/download/v6.3.2/repomatic-6.3.2-linux-x64.bin),2026-03-08,[{octicon}`shield` analysis](https://www.virustotal.com/gui/file/1701f758e229cd73f0183368c099dacd8075b1039574f73784095e436f2db8b5)
[`6.3.2` {octicon}`link-external`](https://github.com/kdeldycke/repomatic/releases/tag/v6.3.2),[{octicon}`download` `macos-arm64`](https://github.com/kdeldycke/repomatic/releases/download/v6.3.2/repomatic-6.3.2-macos-arm64.bin),2026-03-08,[{octicon}`shield` analysis](https://www.virustotal.com/gui/file/89f5774b44ef5ce7e629e2941e49524d034e55092c9b593a3eaf915f556effe7)
[`6.3.2` {octicon}`link-external`](https://github.com/kdeldycke/repomatic/releases/tag/v6.3.2),[{octicon}`download` `macos-x64`](https://github.com/kdeldycke/repomatic/releases/download/v6.3.2/repomatic-6.3.2-macos-x64.bin),2026-03-08,[{octicon}`shield` analysis](https://www.virustotal.com/gui/file/71531fca6b004575adbe9ea0178c0304739c4c77e0d5183c2dd5befb4e4037a9)
[`6.3.2` {octicon}`link-external`](https://github.com/kdeldycke/repomatic/releases/tag/v6.3.2),[{octicon}`download` `windows-arm64`](https://github.com/kdeldycke/repomatic/releases/download/v6.3.2/repomatic-6.3.2-windows-arm64.exe),2026-03-08,[{octicon}`shield` analysis](https://www.virustotal.com/gui/file/e65287d782cc315924d256df0071a957f0c7f3322b348c33bf9a971feeea697e)
[`6.3.2` {octicon}`link-external`](https://github.com/kdeldycke/repomatic/releases/tag/v6.3.2),[{octicon}`download` `windows-x64`](https://github.com/kdeldycke/repomatic/releases/download/v6.3.2/repomatic-6.3.2-windows-x64.exe),2026-03-08,[{octicon}`shield` analysis](https://www.virustotal.com/gui/file/36287590d5b233442744f27e43faaaee5e7a79e2d1704aba9b3d8aa08a9454ea)
[`6.3.1` {octicon}`link-external`](https://github.com/kdeldycke/repomatic/releases/tag/v6.3.1),[{octicon}`download` `linux-arm64`](https://github.com/kdeldycke/repomatic/releases/download/v6.3.1/repomatic-6.3.1-linux-arm64.bin),2026-03-07,[{octicon}`shield` analysis](https://www.virustotal.com/gui/file/a18447a5dbb364ca2c0b91557abb11966036abe8f078a0db1b3d11372dfa740e)
[`6.3.1` {octicon}`link-external`](https://github.com/kdeldycke/repomatic/releases/tag/v6.3.1),[{octicon}`download` `linux-x64`](https://github.com/kdeldycke/repomatic/releases/download/v6.3.1/repomatic-6.3.1-linux-x64.bin),2026-03-07,[{octicon}`shield` analysis](https://www.virustotal.com/gui/file/a92d681651e907dc8b1d8d9d721ceeec3da0afe4cf556549c44136fa767f080c)
[`6.3.1` {octicon}`link-external`](https://github.com/kdeldycke/repomatic/releases/tag/v6.3.1),[{octicon}`download` `macos-arm64`](https://github.com/kdeldycke/repomatic/releases/download/v6.3.1/repomatic-6.3.1-macos-arm64.bin),2026-03-07,[{octicon}`shield` analysis](https://www.virustotal.com/gui/file/40387f0580655a86ba0f0449c1b02c15deaf3f35291d10930973e55e5527044c)
[`6.3.1` {octicon}`link-external`](https://github.com/kdeldycke/repomatic/releases/tag/v6.3.1),[{octicon}`download` `macos-x64`](https://github.com/kdeldycke/repomatic/releases/download/v6.3.1/repomatic-6.3.1-macos-x64.bin),2026-03-07,[{octicon}`shield` analysis](https://www.virustotal.com/gui/file/e958b27a3783ead91565071d5017cdd490855437de5152afdd691cad3ac7a35e)
[`6.3.1` {octicon}`link-external`](https://github.com/kdeldycke/repomatic/releases/tag/v6.3.1),[{octicon}`download` `windows-arm64`](https://github.com/kdeldycke/repomatic/releases/download/v6.3.1/repomatic-6.3.1-windows-arm64.exe),2026-03-07,[{octicon}`shield` analysis](https://www.virustotal.com/gui/file/5e9b6387718a71d29136e687cb73a2fd092cfbdf07080a602364c41eff55c412)
[`6.3.1` {octicon}`link-external`](https://github.com/kdeldycke/repomatic/releases/tag/v6.3.1),[{octicon}`download` `windows-x64`](https://github.com/kdeldycke/repomatic/releases/download/v6.3.1/repomatic-6.3.1-windows-x64.exe),2026-03-07,[{octicon}`shield` analysis](https://www.virustotal.com/gui/file/5fddc4a6a6099b3a3e2a4f1d473913ea6a9fa67bfbbce148501ced6f640533db)
[`6.3.0` {octicon}`link-external`](https://github.com/kdeldycke/repomatic/releases/tag/v6.3.0),[{octicon}`download` `linux-arm64`](https://github.com/kdeldycke/repomatic/releases/download/v6.3.0/repomatic-6.3.0-linux-arm64.bin),2026-03-06,[{octicon}`shield` analysis](https://www.virustotal.com/gui/file/e84ec0adb1275305b509146a14efc568d5a06ebc1b40125cd4d6156826fcddef)
[`6.3.0` {octicon}`link-external`](https://github.com/kdeldycke/repomatic/releases/tag/v6.3.0),[{octicon}`download` `linux-x64`](https://github.com/kdeldycke/repomatic/releases/download/v6.3.0/repomatic-6.3.0-linux-x64.bin),2026-03-06,[{octicon}`shield` analysis](https://www.virustotal.com/gui/file/990331e2b2fa760f76ff30817e276aaba0ab7ce38574b37120166707eea4ed26)
[`6.3.0` {octicon}`link-external`](https://github.com/kdeldycke/repomatic/releases/tag/v6.3.0),[{octicon}`download` `macos-arm64`](https://github.com/kdeldycke/repomatic/releases/download/v6.3.0/repomatic-6.3.0-macos-arm64.bin),2026-03-06,[{octicon}`shield` analysis](https://www.virustotal.com/gui/file/6f97cbe9ccfc8fca61296d2c20cebece518e696a3a143d1b8c8c8d6f7649e3a0)
[`6.3.0` {octicon}`link-external`](https://github.com/kdeldycke/repomatic/releases/tag/v6.3.0),[{octicon}`download` `macos-x64`](https://github.com/kdeldycke/repomatic/releases/download/v6.3.0/repomatic-6.3.0-macos-x64.bin),2026-03-06,[{octicon}`shield` analysis](https://www.virustotal.com/gui/file/5ea00db794435dcd364c849990a9856ce811f66e5a66e02ae9227a9b66079bf1)
[`6.3.0` {octicon}`link-external`](https://github.com/kdeldycke/repomatic/releases/tag/v6.3.0),[{octicon}`download` `windows-arm64`](https://github.com/kdeldycke/repomatic/releases/download/v6.3.0/repomatic-6.3.0-windows-arm64.exe),2026-03-06,[{octicon}`shield` analysis](https://www.virustotal.com/gui/file/beb5af4bc308deb4e38492570925575e87c744d36c79e2d49b8b391bd815e5a4)
[`6.3.0` {octicon}`link-external`](https://github.com/kdeldycke/repomatic/releases/tag/v6.3.0),[{octicon}`download` `windows-x64`](https://github.com/kdeldycke/repomatic/releases/download/v6.3.0/repomatic-6.3.0-windows-x64.exe),2026-03-06,[{octicon}`shield` analysis](https://www.virustotal.com/gui/file/52ee9b9c62a0daaaaa9d6089e90d5a87e8b56a58c69ff3bbd1a49d5f6c430b01)
[`6.2.1` {octicon}`link-external`](https://github.com/kdeldycke/repomatic/releases/tag/v6.2.1),[{octicon}`download` `linux-arm64`](https://github.com/kdeldycke/repomatic/releases/download/v6.2.1/repomatic-6.2.1-linux-arm64.bin),2026-03-06,[{octicon}`shield` analysis](https://www.virustotal.com/gui/file/623cc86ea998877df1f3cb31c5d88b998b1676ec0ec4b16d620c7540c831c191)
[`6.2.1` {octicon}`link-external`](https://github.com/kdeldycke/repomatic/releases/tag/v6.2.1),[{octicon}`download` `linux-x64`](https://github.com/kdeldycke/repomatic/releases/download/v6.2.1/repomatic-6.2.1-linux-x64.bin),2026-03-06,[{octicon}`shield` analysis](https://www.virustotal.com/gui/file/46f995f189ca84bdb479748894046b502752f2db3d777f5b96f3a828b3a152f9)
[`6.2.1` {octicon}`link-external`](https://github.com/kdeldycke/repomatic/releases/tag/v6.2.1),[{octicon}`download` `macos-arm64`](https://github.com/kdeldycke/repomatic/releases/download/v6.2.1/repomatic-6.2.1-macos-arm64.bin),2026-03-06,[{octicon}`shield` analysis](https://www.virustotal.com/gui/file/3ec012044cd026e477617064bd7634ff6561e18f283a15593eb3fbdae011cb8c)
[`6.2.1` {octicon}`link-external`](https://github.com/kdeldycke/repomatic/releases/tag/v6.2.1),[{octicon}`download` `macos-x64`](https://github.com/kdeldycke/repomatic/releases/download/v6.2.1/repomatic-6.2.1-macos-x64.bin),2026-03-06,[{octicon}`shield` analysis](https://www.virustotal.com/gui/file/c66b74ddf1edf4b8bfa9e5b6f5a30dabb31e84d77b6a8b03c0419cf834e461e3)
[`6.2.1` {octicon}`link-external`](https://github.com/kdeldycke/repomatic/releases/tag/v6.2.1),[{octicon}`download` `windows-arm64`](https://github.com/kdeldycke/repomatic/releases/download/v6.2.1/repomatic-6.2.1-windows-arm64.exe),2026-03-06,[{octicon}`shield` analysis](https://www.virustotal.com/gui/file/3a38c49ff383263fb2334b8ffc2f5e371420de4e3ded2fb74c7807f095410bac)
[`6.2.1` {octicon}`link-external`](https://github.com/kdeldycke/repomatic/releases/tag/v6.2.1),[{octicon}`download` `windows-x64`](https://github.com/kdeldycke/repomatic/releases/download/v6.2.1/repomatic-6.2.1-windows-x64.exe),2026-03-06,[{octicon}`shield` analysis](https://www.virustotal.com/gui/file/f481225cc309e75ef671f5c7d032bb6bea0496a18dc9a720aecc4418f40f8210)
[`6.2.0` {octicon}`link-external`](https://github.com/kdeldycke/repomatic/releases/tag/v6.2.0),[{octicon}`download` `linux-arm64`](https://github.com/kdeldycke/repomatic/releases/download/v6.2.0/repomatic-6.2.0-linux-arm64.bin),2026-03-05,[{octicon}`shield` analysis](https://www.virustotal.com/gui/file/79b2b53d8b27afc3221aee6ca784b1328c55ec324191140b8de9018ca33472e0)
[`6.2.0` {octicon}`link-external`](https://github.com/kdeldycke/repomatic/releases/tag/v6.2.0),[{octicon}`download` `linux-x64`](https://github.com/kdeldycke/repomatic/releases/download/v6.2.0/repomatic-6.2.0-linux-x64.bin),2026-03-05,[{octicon}`shield` analysis](https://www.virustotal.com/gui/file/e7be10a88241cda98fda97bb6f9f3b6c6361ce8e7617722662019d8df89e675e)
[`6.2.0` {octicon}`link-external`](https://github.com/kdeldycke/repomatic/releases/tag/v6.2.0),[{octicon}`download` `macos-arm64`](https://github.com/kdeldycke/repomatic/releases/download/v6.2.0/repomatic-6.2.0-macos-arm64.bin),2026-03-05,[{octicon}`shield` analysis](https://www.virustotal.com/gui/file/38756f56cb47f8cea6fcf9ef3dd8d32d242282f9edb3086cf320300f064bc8cf)
[`6.2.0` {octicon}`link-external`](https://github.com/kdeldycke/repomatic/releases/tag/v6.2.0),[{octicon}`download` `macos-x64`](https://github.com/kdeldycke/repomatic/releases/download/v6.2.0/repomatic-6.2.0-macos-x64.bin),2026-03-05,[{octicon}`shield` analysis](https://www.virustotal.com/gui/file/abef648f6a9e865809b922fcff808d9a3a27586aff9466a3be470ff6f3d58517)
[`6.2.0` {octicon}`link-external`](https://github.com/kdeldycke/repomatic/releases/tag/v6.2.0),[{octicon}`download` `windows-arm64`](https://github.com/kdeldycke/repomatic/releases/download/v6.2.0/repomatic-6.2.0-windows-arm64.exe),2026-03-05,[{octicon}`shield` analysis](https://www.virustotal.com/gui/file/1ccfa7fdf235f432d7f64bbac78575244bb7f1ea3717bfe4470560632d18afe1)
[`6.2.0` {octicon}`link-external`](https://github.com/kdeldycke/repomatic/releases/tag/v6.2.0),[{octicon}`download` `windows-x64`](https://github.com/kdeldycke/repomatic/releases/download/v6.2.0/repomatic-6.2.0-windows-x64.exe),2026-03-05,[{octicon}`shield` analysis](https://www.virustotal.com/gui/file/a794257c96f5cf538e13894be67f289870101382366e2fe5317ce24944d362db)
[`6.1.0` {octicon}`link-external`](https://github.com/kdeldycke/repomatic/releases/tag/v6.1.0),[{octicon}`download` `linux-arm64`](https://github.com/kdeldycke/repomatic/releases/download/v6.1.0/repomatic-linux-arm64.bin),2026-02-27,[{octicon}`shield` analysis](https://www.virustotal.com/gui/file/44b085d3a47b2daa21a5f6b5cb9a4a5e3c584b0e2db7cf5008aada2498de4af0)
[`6.1.0` {octicon}`link-external`](https://github.com/kdeldycke/repomatic/releases/tag/v6.1.0),[{octicon}`download` `linux-x64`](https://github.com/kdeldycke/repomatic/releases/download/v6.1.0/repomatic-linux-x64.bin),2026-02-27,[{octicon}`shield` analysis](https://www.virustotal.com/gui/file/08d43ee5e632a65d80c59e35a1cc902692578b2ef8f4e8153a522b512ca53399)
[`6.1.0` {octicon}`link-external`](https://github.com/kdeldycke/repomatic/releases/tag/v6.1.0),[{octicon}`download` `macos-arm64`](https://github.com/kdeldycke/repomatic/releases/download/v6.1.0/repomatic-macos-arm64.bin),2026-02-27,[{octicon}`shield` analysis](https://www.virustotal.com/gui/file/52d1f49684702d64967ac795712718f1b1beb7ff7eed5dffb717cda680ba7da3)
[`6.1.0` {octicon}`link-external`](https://github.com/kdeldycke/repomatic/releases/tag/v6.1.0),[{octicon}`download` `macos-x64`](https://github.com/kdeldycke/repomatic/releases/download/v6.1.0/repomatic-macos-x64.bin),2026-02-27,[{octicon}`shield` analysis](https://www.virustotal.com/gui/file/c8536fe731e03ab38ddcd1255466d5dce3de212cf600efd58464a851ec9a6b2a)
[`6.1.0` {octicon}`link-external`](https://github.com/kdeldycke/repomatic/releases/tag/v6.1.0),[{octicon}`download` `windows-arm64`](https://github.com/kdeldycke/repomatic/releases/download/v6.1.0/repomatic-windows-arm64.exe),2026-02-27,[{octicon}`shield` analysis](https://www.virustotal.com/gui/file/852a6ad2b59fad74156e3a45df7ea16ed15d7b23a29150749bfb8542ef29aa10)
[`6.1.0` {octicon}`link-external`](https://github.com/kdeldycke/repomatic/releases/tag/v6.1.0),[{octicon}`download` `windows-x64`](https://github.com/kdeldycke/repomatic/releases/download/v6.1.0/repomatic-windows-x64.exe),2026-02-27,[{octicon}`shield` analysis](https://www.virustotal.com/gui/file/1344a1317535fdb019f16a1bc662a90599ba4a4d5d90b56be45195280352dfad)
[`6.0.1` {octicon}`link-external`](https://github.com/kdeldycke/repomatic/releases/tag/v6.0.1),[{octicon}`download` `linux-x64`](https://github.com/kdeldycke/repomatic/releases/download/v6.0.1/repomatic-linux-x64.bin),2026-02-24,[{octicon}`shield` analysis](https://www.virustotal.com/gui/file/088cf310d2ec8b3938c875607a7a1780b618624dc90f40e2668426bab1570c90)
[`6.0.1` {octicon}`link-external`](https://github.com/kdeldycke/repomatic/releases/tag/v6.0.1),[{octicon}`download` `macos-arm64`](https://github.com/kdeldycke/repomatic/releases/download/v6.0.1/repomatic-macos-arm64.bin),2026-02-24,[{octicon}`shield` analysis](https://www.virustotal.com/gui/file/fa07d6e2280f19adc3317e432fd606e517c672119fe04c7ebf5c2edb5dc7ac14)
[`6.0.1` {octicon}`link-external`](https://github.com/kdeldycke/repomatic/releases/tag/v6.0.1),[{octicon}`download` `macos-x64`](https://github.com/kdeldycke/repomatic/releases/download/v6.0.1/repomatic-macos-x64.bin),2026-02-24,[{octicon}`shield` analysis](https://www.virustotal.com/gui/file/919668c2addf1eb974d1110774c74ab1c3875dd5a7d78394cf070c92c795cab4)
[`6.0.1` {octicon}`link-external`](https://github.com/kdeldycke/repomatic/releases/tag/v6.0.1),[{octicon}`download` `windows-arm64`](https://github.com/kdeldycke/repomatic/releases/download/v6.0.1/repomatic-windows-arm64.exe),2026-02-24,[{octicon}`shield` analysis](https://www.virustotal.com/gui/file/567c383734641b235a6b017e981abd94e85b390ec15a3860556d55ff9b11786e)
[`6.0.1` {octicon}`link-external`](https://github.com/kdeldycke/repomatic/releases/tag/v6.0.1),[{octicon}`download` `windows-x64`](https://github.com/kdeldycke/repomatic/releases/download/v6.0.1/repomatic-windows-x64.exe),2026-02-24,[{octicon}`shield` analysis](https://www.virustotal.com/gui/file/a071a293a8ff575523f6d695bb6f3f4284fa7c27ae275b724bb667d3df2d9214)
[`6.0.0` {octicon}`link-external`](https://github.com/kdeldycke/repomatic/releases/tag/v6.0.0),[{octicon}`download` `linux-arm64`](https://github.com/kdeldycke/repomatic/releases/download/v6.0.0/repokit-linux-arm64.bin),2026-02-24,[{octicon}`shield` analysis](https://www.virustotal.com/gui/file/8978269b239c53df9900efdfe8567062c96cfcb71186d00346adba521dfd5071)
[`6.0.0` {octicon}`link-external`](https://github.com/kdeldycke/repomatic/releases/tag/v6.0.0),[{octicon}`download` `linux-x64`](https://github.com/kdeldycke/repomatic/releases/download/v6.0.0/repokit-linux-x64.bin),2026-02-24,[{octicon}`shield` analysis](https://www.virustotal.com/gui/file/44f94970ddae946d34a0c8ae8a7e86cc49b1d008e31923031125c9f66d2ed1cb)
[`6.0.0` {octicon}`link-external`](https://github.com/kdeldycke/repomatic/releases/tag/v6.0.0),[{octicon}`download` `windows-arm64`](https://github.com/kdeldycke/repomatic/releases/download/v6.0.0/repokit-windows-arm64.exe),2026-02-24,[{octicon}`shield` analysis](https://www.virustotal.com/gui/file/29bb7953e5b0d96f2f6a43e824ef2453061d4d3f775bc148527be2685d48c7d8)
[`5.13.0` {octicon}`link-external`](https://github.com/kdeldycke/repomatic/releases/tag/v5.13.0),[{octicon}`download` `linux-arm64`](https://github.com/kdeldycke/repomatic/releases/download/v5.13.0/gha-utils-linux-arm64.bin),2026-02-23,[{octicon}`shield` analysis](https://www.virustotal.com/gui/file/d8815d1235497a9f7f1b0c09ddd8f9d6410b9d4fa39205bd41c4f15a5667d5ba)
[`5.13.0` {octicon}`link-external`](https://github.com/kdeldycke/repomatic/releases/tag/v5.13.0),[{octicon}`download` `linux-x64`](https://github.com/kdeldycke/repomatic/releases/download/v5.13.0/gha-utils-linux-x64.bin),2026-02-23,[{octicon}`shield` analysis](https://www.virustotal.com/gui/file/c2febcb0e81de08156a812b5a4c3a6f905f2d77907b8db8cb5ffb53699311834)
[`5.13.0` {octicon}`link-external`](https://github.com/kdeldycke/repomatic/releases/tag/v5.13.0),[{octicon}`download` `macos-arm64`](https://github.com/kdeldycke/repomatic/releases/download/v5.13.0/gha-utils-macos-arm64.bin),2026-02-23,[{octicon}`shield` analysis](https://www.virustotal.com/gui/file/276b75069a8a9570d07d222457fd32a48f1e6f2cc9729f6e4945955664602a29)
[`5.13.0` {octicon}`link-external`](https://github.com/kdeldycke/repomatic/releases/tag/v5.13.0),[{octicon}`download` `macos-x64`](https://github.com/kdeldycke/repomatic/releases/download/v5.13.0/gha-utils-macos-x64.bin),2026-02-23,[{octicon}`shield` analysis](https://www.virustotal.com/gui/file/92d7aa20f3252ed079dd9b1d9a586c83dcaf985ef7af04c08da1676196601d78)
[`5.13.0` {octicon}`link-external`](https://github.com/kdeldycke/repomatic/releases/tag/v5.13.0),[{octicon}`download` `windows-arm64`](https://github.com/kdeldycke/repomatic/releases/download/v5.13.0/gha-utils-windows-arm64.exe),2026-02-23,[{octicon}`shield` analysis](https://www.virustotal.com/gui/file/3419bef4acf8a52139d17fc39d557c9858cdd0721df55f561f8fa76b6109a921)
[`5.13.0` {octicon}`link-external`](https://github.com/kdeldycke/repomatic/releases/tag/v5.13.0),[{octicon}`download` `windows-x64`](https://github.com/kdeldycke/repomatic/releases/download/v5.13.0/gha-utils-windows-x64.exe),2026-02-23,[{octicon}`shield` analysis](https://www.virustotal.com/gui/file/3443c8818399779ca08c0221fb86ed2863f921ce52fdfde7169f795bb2182a0c)
[`5.12.0` {octicon}`link-external`](https://github.com/kdeldycke/repomatic/releases/tag/v5.12.0),[{octicon}`download` `linux-arm64`](https://github.com/kdeldycke/repomatic/releases/download/v5.12.0/gha-utils-linux-arm64.bin),2026-02-22,[{octicon}`shield` analysis](https://www.virustotal.com/gui/file/2ebf2af38db9a747e500b797e814ad796a2861d753bb453aad55eeeb85a3c3cc)
[`5.12.0` {octicon}`link-external`](https://github.com/kdeldycke/repomatic/releases/tag/v5.12.0),[{octicon}`download` `linux-x64`](https://github.com/kdeldycke/repomatic/releases/download/v5.12.0/gha-utils-linux-x64.bin),2026-02-22,[{octicon}`shield` analysis](https://www.virustotal.com/gui/file/f9e940baa49d7f6762ad9002513d23e8b10b2142372727eae2040e7bd64772d9)
[`5.12.0` {octicon}`link-external`](https://github.com/kdeldycke/repomatic/releases/tag/v5.12.0),[{octicon}`download` `macos-arm64`](https://github.com/kdeldycke/repomatic/releases/download/v5.12.0/gha-utils-macos-arm64.bin),2026-02-22,[{octicon}`shield` analysis](https://www.virustotal.com/gui/file/40192e63554e7c518562a099d816b6415216282370c02053d333d8745fd23262)
[`5.12.0` {octicon}`link-external`](https://github.com/kdeldycke/repomatic/releases/tag/v5.12.0),[{octicon}`download` `macos-x64`](https://github.com/kdeldycke/repomatic/releases/download/v5.12.0/gha-utils-macos-x64.bin),2026-02-22,[{octicon}`shield` analysis](https://www.virustotal.com/gui/file/2c70ee5810cbae1ed75a9c094ba40f62d2a90fd5ce9931532531b11c55b62907)
[`5.12.0` {octicon}`link-external`](https://github.com/kdeldycke/repomatic/releases/tag/v5.12.0),[{octicon}`download` `windows-arm64`](https://github.com/kdeldycke/repomatic/releases/download/v5.12.0/gha-utils-windows-arm64.exe),2026-02-22,[{octicon}`shield` analysis](https://www.virustotal.com/gui/file/59cbc96ca17091319f35731779902f469b4ab5dd94c703468ec17f3fb2e2b1cd)
[`5.12.0` {octicon}`link-external`](https://github.com/kdeldycke/repomatic/releases/tag/v5.12.0),[{octicon}`download` `windows-x64`](https://github.com/kdeldycke/repomatic/releases/download/v5.12.0/gha-utils-windows-x64.exe),2026-02-22,[{octicon}`shield` analysis](https://www.virustotal.com/gui/file/c4570ffc49a8e3be90cf0a1f522938b31d630eebf3f556d452aae5371056c6af)
[`5.11.1` {octicon}`link-external`](https://github.com/kdeldycke/repomatic/releases/tag/v5.11.1),[{octicon}`download` `linux-arm64`](https://github.com/kdeldycke/repomatic/releases/download/v5.11.1/gha-utils-linux-arm64.bin),2026-02-22,[{octicon}`shield` analysis](https://www.virustotal.com/gui/file/cd33386bf6031903ff153354f4d5f3f8b46fe385e5113604ef6ccd15617f4801)
[`5.11.1` {octicon}`link-external`](https://github.com/kdeldycke/repomatic/releases/tag/v5.11.1),[{octicon}`download` `linux-x64`](https://github.com/kdeldycke/repomatic/releases/download/v5.11.1/gha-utils-linux-x64.bin),2026-02-22,[{octicon}`shield` analysis](https://www.virustotal.com/gui/file/22f3531e00437246b003bf477de5ac4f17af6070d0fcde13c81818f155396345)
[`5.11.1` {octicon}`link-external`](https://github.com/kdeldycke/repomatic/releases/tag/v5.11.1),[{octicon}`download` `macos-arm64`](https://github.com/kdeldycke/repomatic/releases/download/v5.11.1/gha-utils-macos-arm64.bin),2026-02-22,[{octicon}`shield` analysis](https://www.virustotal.com/gui/file/458b36e9f6efa210f316456194015d2613c168768d0024c340c922102fc17726)
[`5.11.1` {octicon}`link-external`](https://github.com/kdeldycke/repomatic/releases/tag/v5.11.1),[{octicon}`download` `macos-x64`](https://github.com/kdeldycke/repomatic/releases/download/v5.11.1/gha-utils-macos-x64.bin),2026-02-22,[{octicon}`shield` analysis](https://www.virustotal.com/gui/file/c1590c73e8def2f8c0e1e47345210628dba805472264b5d04e6ce9955c26d163)
[`5.11.1` {octicon}`link-external`](https://github.com/kdeldycke/repomatic/releases/tag/v5.11.1),[{octicon}`download` `windows-arm64`](https://github.com/kdeldycke/repomatic/releases/download/v5.11.1/gha-utils-windows-arm64.exe),2026-02-22,[{octicon}`shield` analysis](https://www.virustotal.com/gui/file/19c2be906296b3e5e964cc615b09fe0a5e02fa7175628ad6054b23bc5dd31305)
[`5.11.1` {octicon}`link-external`](https://github.com/kdeldycke/repomatic/releases/tag/v5.11.1),[{octicon}`download` `windows-x64`](https://github.com/kdeldycke/repomatic/releases/download/v5.11.1/gha-utils-windows-x64.exe),2026-02-22,[{octicon}`shield` analysis](https://www.virustotal.com/gui/file/88526fc677436133b1119b87f3713fe0a7e5db37b2b609ff4da6fcad16dc6ea6)
[`5.11.0` {octicon}`link-external`](https://github.com/kdeldycke/repomatic/releases/tag/v5.11.0),[{octicon}`download` `linux-arm64`](https://github.com/kdeldycke/repomatic/releases/download/v5.11.0/gha-utils-linux-arm64.bin),2026-02-22,[{octicon}`shield` analysis](https://www.virustotal.com/gui/file/574f4c4e5d7b9c00d9143abddc10e106be49068e75c21739d2cf0abbd42942ff)
[`5.11.0` {octicon}`link-external`](https://github.com/kdeldycke/repomatic/releases/tag/v5.11.0),[{octicon}`download` `linux-x64`](https://github.com/kdeldycke/repomatic/releases/download/v5.11.0/gha-utils-linux-x64.bin),2026-02-22,[{octicon}`shield` analysis](https://www.virustotal.com/gui/file/285ed7de77ad4a6007156bd221c882405146765c4da0408cae73d5c04d3374a0)
[`5.11.0` {octicon}`link-external`](https://github.com/kdeldycke/repomatic/releases/tag/v5.11.0),[{octicon}`download` `macos-arm64`](https://github.com/kdeldycke/repomatic/releases/download/v5.11.0/gha-utils-macos-arm64.bin),2026-02-22,[{octicon}`shield` analysis](https://www.virustotal.com/gui/file/8531ea6062bc73bad96760a85d703a9adf58197b1e56f3a45bad1fdc24fd81a8)
[`5.11.0` {octicon}`link-external`](https://github.com/kdeldycke/repomatic/releases/tag/v5.11.0),[{octicon}`download` `macos-x64`](https://github.com/kdeldycke/repomatic/releases/download/v5.11.0/gha-utils-macos-x64.bin),2026-02-22,[{octicon}`shield` analysis](https://www.virustotal.com/gui/file/73fc95c49dcf7d514e06ad361e9b9f939795e47e94cee78ecaf08063fc813cf4)
[`5.11.0` {octicon}`link-external`](https://github.com/kdeldycke/repomatic/releases/tag/v5.11.0),[{octicon}`download` `windows-arm64`](https://github.com/kdeldycke/repomatic/releases/download/v5.11.0/gha-utils-windows-arm64.exe),2026-02-22,[{octicon}`shield` analysis](https://www.virustotal.com/gui/file/d7a080cdad554e7d9b7e30db1716f9be50c3ba634187853ec76667241c7d7318)
[`5.11.0` {octicon}`link-external`](https://github.com/kdeldycke/repomatic/releases/tag/v5.11.0),[{octicon}`download` `windows-x64`](https://github.com/kdeldycke/repomatic/releases/download/v5.11.0/gha-utils-windows-x64.exe),2026-02-22,[{octicon}`shield` analysis](https://www.virustotal.com/gui/file/d0018ba3cfb0eb82139f25a5346cd995a5e424fb63c37d5c555956bca5805f64)
[`5.10.4` {octicon}`link-external`](https://github.com/kdeldycke/repomatic/releases/tag/v5.10.4),[{octicon}`download` `linux-arm64`](https://github.com/kdeldycke/repomatic/releases/download/v5.10.4/gha-utils-linux-arm64.bin),2026-02-19,[{octicon}`shield` analysis](https://www.virustotal.com/gui/file/86a9e3af497fbdd58c1015029d866a8e5ff7cee95249e47f484284cd35d80209)
[`5.10.4` {octicon}`link-external`](https://github.com/kdeldycke/repomatic/releases/tag/v5.10.4),[{octicon}`download` `linux-x64`](https://github.com/kdeldycke/repomatic/releases/download/v5.10.4/gha-utils-linux-x64.bin),2026-02-19,[{octicon}`shield` analysis](https://www.virustotal.com/gui/file/e58abfed7f31ee6c1ae4b17fb3337029e62723e6fde9e59a3abee333d30834fa)
[`5.10.4` {octicon}`link-external`](https://github.com/kdeldycke/repomatic/releases/tag/v5.10.4),[{octicon}`download` `macos-arm64`](https://github.com/kdeldycke/repomatic/releases/download/v5.10.4/gha-utils-macos-arm64.bin),2026-02-19,[{octicon}`shield` analysis](https://www.virustotal.com/gui/file/f78aaf2525d2d1ec32b7aaeec4a054514d94c426ed4d90b5b2fac4b070e34a66)
[`5.10.4` {octicon}`link-external`](https://github.com/kdeldycke/repomatic/releases/tag/v5.10.4),[{octicon}`download` `macos-x64`](https://github.com/kdeldycke/repomatic/releases/download/v5.10.4/gha-utils-macos-x64.bin),2026-02-19,[{octicon}`shield` analysis](https://www.virustotal.com/gui/file/47fe0053e06d5b1cee0e685e91584764b569ae37a0e5fb075987f3ad7e9565ae)
[`5.10.4` {octicon}`link-external`](https://github.com/kdeldycke/repomatic/releases/tag/v5.10.4),[{octicon}`download` `windows-arm64`](https://github.com/kdeldycke/repomatic/releases/download/v5.10.4/gha-utils-windows-arm64.exe),2026-02-19,[{octicon}`shield` analysis](https://www.virustotal.com/gui/file/d800aff97a75bf925abf5414f5bb5cad973e36ed913ab3581cb56500bed1e62d)
[`5.10.4` {octicon}`link-external`](https://github.com/kdeldycke/repomatic/releases/tag/v5.10.4),[{octicon}`download` `windows-x64`](https://github.com/kdeldycke/repomatic/releases/download/v5.10.4/gha-utils-windows-x64.exe),2026-02-19,[{octicon}`shield` analysis](https://www.virustotal.com/gui/file/3d0afe46822d56032d826b506a4883dee7e882f833339e8b5c4f4be4449d1882)
[`5.10.3` {octicon}`link-external`](https://github.com/kdeldycke/repomatic/releases/tag/v5.10.3),[{octicon}`download` `linux-arm64`](https://github.com/kdeldycke/repomatic/releases/download/v5.10.3/gha-utils-linux-arm64.bin),2026-02-19,[{octicon}`shield` analysis](https://www.virustotal.com/gui/file/fcf71e250f023e885bfa1ec4ba95303dddb912b92388b59b465fbce13bc8e97a)
[`5.10.3` {octicon}`link-external`](https://github.com/kdeldycke/repomatic/releases/tag/v5.10.3),[{octicon}`download` `linux-x64`](https://github.com/kdeldycke/repomatic/releases/download/v5.10.3/gha-utils-linux-x64.bin),2026-02-19,[{octicon}`shield` analysis](https://www.virustotal.com/gui/file/42f78a493dfb7307b8286d3a2fb50b1321db1f8ca90c8d59fd7b88653c19fda1)
[`5.10.3` {octicon}`link-external`](https://github.com/kdeldycke/repomatic/releases/tag/v5.10.3),[{octicon}`download` `macos-arm64`](https://github.com/kdeldycke/repomatic/releases/download/v5.10.3/gha-utils-macos-arm64.bin),2026-02-19,[{octicon}`shield` analysis](https://www.virustotal.com/gui/file/abd81b30815b6b851ae6cf788f38204d74d1774cd5eaa3528191946859b18d26)
[`5.10.3` {octicon}`link-external`](https://github.com/kdeldycke/repomatic/releases/tag/v5.10.3),[{octicon}`download` `macos-x64`](https://github.com/kdeldycke/repomatic/releases/download/v5.10.3/gha-utils-macos-x64.bin),2026-02-19,[{octicon}`shield` analysis](https://www.virustotal.com/gui/file/3fbeffc00586e5558c80f2e7daf3bb436e070962f986fd6d6f07b9d4751e337a)
[`5.10.3` {octicon}`link-external`](https://github.com/kdeldycke/repomatic/releases/tag/v5.10.3),[{octicon}`download` `windows-arm64`](https://github.com/kdeldycke/repomatic/releases/download/v5.10.3/gha-utils-windows-arm64.exe),2026-02-19,[{octicon}`shield` analysis](https://www.virustotal.com/gui/file/cf27a70c001018e9f78ae0f27fc3b999dfb97a4f174a98f31dc06d0c4f431d18)
[`5.10.3` {octicon}`link-external`](https://github.com/kdeldycke/repomatic/releases/tag/v5.10.3),[{octicon}`download` `windows-x64`](https://github.com/kdeldycke/repomatic/releases/download/v5.10.3/gha-utils-windows-x64.exe),2026-02-19,[{octicon}`shield` analysis](https://www.virustotal.com/gui/file/66c53be2729102caa0ed6fb4b68cc17fb8b90427dd1aae350c1840d035c58ece)
[`5.10.2` {octicon}`link-external`](https://github.com/kdeldycke/repomatic/releases/tag/v5.10.2),[{octicon}`download` `linux-arm64`](https://github.com/kdeldycke/repomatic/releases/download/v5.10.2/gha-utils-linux-arm64.bin),2026-02-18,[{octicon}`shield` analysis](https://www.virustotal.com/gui/file/fcd164441f2e4c3cb151ae1cb51805e3b300e3dbd3088623e26744ccb53ab7a2)
[`5.10.2` {octicon}`link-external`](https://github.com/kdeldycke/repomatic/releases/tag/v5.10.2),[{octicon}`download` `linux-x64`](https://github.com/kdeldycke/repomatic/releases/download/v5.10.2/gha-utils-linux-x64.bin),2026-02-18,[{octicon}`shield` analysis](https://www.virustotal.com/gui/file/99f45438b11021a904c8808b2f71f5047125eb0334bce19c88ec9436017df860)
[`5.10.2` {octicon}`link-external`](https://github.com/kdeldycke/repomatic/releases/tag/v5.10.2),[{octicon}`download` `macos-arm64`](https://github.com/kdeldycke/repomatic/releases/download/v5.10.2/gha-utils-macos-arm64.bin),2026-02-18,[{octicon}`shield` analysis](https://www.virustotal.com/gui/file/e1ec1b5d056ef3ff8388b391506412cda3950368f2f320bacd2ab7a5d1164d9a)
[`5.10.2` {octicon}`link-external`](https://github.com/kdeldycke/repomatic/releases/tag/v5.10.2),[{octicon}`download` `macos-x64`](https://github.com/kdeldycke/repomatic/releases/download/v5.10.2/gha-utils-macos-x64.bin),2026-02-18,[{octicon}`shield` analysis](https://www.virustotal.com/gui/file/2449c90fdfb2a73eec9b6b9da376acd1c11822c8a0f3e3f45e24388e09437c03)
[`5.10.2` {octicon}`link-external`](https://github.com/kdeldycke/repomatic/releases/tag/v5.10.2),[{octicon}`download` `windows-arm64`](https://github.com/kdeldycke/repomatic/releases/download/v5.10.2/gha-utils-windows-arm64.exe),2026-02-18,[{octicon}`shield` analysis](https://www.virustotal.com/gui/file/5ed92bdb25e37a4d9531a2da440eb9afd46cc7216c43dafd8d893b648daa1c3d)
[`5.10.2` {octicon}`link-external`](https://github.com/kdeldycke/repomatic/releases/tag/v5.10.2),[{octicon}`download` `windows-x64`](https://github.com/kdeldycke/repomatic/releases/download/v5.10.2/gha-utils-windows-x64.exe),2026-02-18,[{octicon}`shield` analysis](https://www.virustotal.com/gui/file/69e6ce092880a946751eeda1072c28989ff69a5fb90bcd7eebdb95771d8cc4fb)
[`5.10.1` {octicon}`link-external`](https://github.com/kdeldycke/repomatic/releases/tag/v5.10.1),[{octicon}`download` `linux-arm64`](https://github.com/kdeldycke/repomatic/releases/download/v5.10.1/gha-utils-linux-arm64.bin),2026-02-17,[{octicon}`shield` analysis](https://www.virustotal.com/gui/file/941a2d731d594502b89f0738e13dcaaf8947049b25d428ed262bbdabdc555c63)
[`5.10.1` {octicon}`link-external`](https://github.com/kdeldycke/repomatic/releases/tag/v5.10.1),[{octicon}`download` `linux-x64`](https://github.com/kdeldycke/repomatic/releases/download/v5.10.1/gha-utils-linux-x64.bin),2026-02-17,[{octicon}`shield` analysis](https://www.virustotal.com/gui/file/d4582f29bc26bd76cf2d02c283684ca4aebd6a5bb38019199408635a387535fe)
[`5.10.1` {octicon}`link-external`](https://github.com/kdeldycke/repomatic/releases/tag/v5.10.1),[{octicon}`download` `macos-arm64`](https://github.com/kdeldycke/repomatic/releases/download/v5.10.1/gha-utils-macos-arm64.bin),2026-02-17,[{octicon}`shield` analysis](https://www.virustotal.com/gui/file/f2d03643e9f70fbe975f9ac8c983dcbe68ab89ea2a9f17bef139f5a5bd47b4d3)
[`5.10.1` {octicon}`link-external`](https://github.com/kdeldycke/repomatic/releases/tag/v5.10.1),[{octicon}`download` `macos-x64`](https://github.com/kdeldycke/repomatic/releases/download/v5.10.1/gha-utils-macos-x64.bin),2026-02-17,[{octicon}`shield` analysis](https://www.virustotal.com/gui/file/43fba29d225e4d09d782c346a45561ff9ed52852e843c50246255bd476b7c28b)
[`5.10.1` {octicon}`link-external`](https://github.com/kdeldycke/repomatic/releases/tag/v5.10.1),[{octicon}`download` `windows-arm64`](https://github.com/kdeldycke/repomatic/releases/download/v5.10.1/gha-utils-windows-arm64.exe),2026-02-17,[{octicon}`shield` analysis](https://www.virustotal.com/gui/file/30dcabf88d00954c0e967457d5153cc9f1d48e394e1f7b581d2174c1bb2b6ab7)
[`5.10.1` {octicon}`link-external`](https://github.com/kdeldycke/repomatic/releases/tag/v5.10.1),[{octicon}`download` `windows-x64`](https://github.com/kdeldycke/repomatic/releases/download/v5.10.1/gha-utils-windows-x64.exe),2026-02-17,[{octicon}`shield` analysis](https://www.virustotal.com/gui/file/0b2e3f91ab66ce5ea7e20e3848093fb071db5033860b2486251d345681e31fea)
[`5.9.0` {octicon}`link-external`](https://github.com/kdeldycke/repomatic/releases/tag/v5.9.0),[{octicon}`download` `linux-arm64`](https://github.com/kdeldycke/repomatic/releases/download/v5.9.0/gha-utils-linux-arm64.bin),2026-02-14,[{octicon}`shield` analysis](https://www.virustotal.com/gui/file/c805051355f4f4c1c517098e1ce0dacb1c6fae3ca7c87261140832a72cc24b54)
[`5.9.0` {octicon}`link-external`](https://github.com/kdeldycke/repomatic/releases/tag/v5.9.0),[{octicon}`download` `linux-x64`](https://github.com/kdeldycke/repomatic/releases/download/v5.9.0/gha-utils-linux-x64.bin),2026-02-14,[{octicon}`shield` analysis](https://www.virustotal.com/gui/file/79a796630fa92f1f1c5b66b8a81fa249691b477f199ad8410d845e3ada907b8e)
[`5.9.0` {octicon}`link-external`](https://github.com/kdeldycke/repomatic/releases/tag/v5.9.0),[{octicon}`download` `macos-arm64`](https://github.com/kdeldycke/repomatic/releases/download/v5.9.0/gha-utils-macos-arm64.bin),2026-02-14,[{octicon}`shield` analysis](https://www.virustotal.com/gui/file/ea4d7f56dd19e750e1efcb08d27eae9a25ea624d572874116e487e00d8413ba1)
[`5.9.0` {octicon}`link-external`](https://github.com/kdeldycke/repomatic/releases/tag/v5.9.0),[{octicon}`download` `macos-x64`](https://github.com/kdeldycke/repomatic/releases/download/v5.9.0/gha-utils-macos-x64.bin),2026-02-14,[{octicon}`shield` analysis](https://www.virustotal.com/gui/file/a8485a6ecb4b0394ab28f3a1cee0b504bed7e8abcd375ac36d5e2cd1e86a6865)
[`5.9.0` {octicon}`link-external`](https://github.com/kdeldycke/repomatic/releases/tag/v5.9.0),[{octicon}`download` `windows-arm64`](https://github.com/kdeldycke/repomatic/releases/download/v5.9.0/gha-utils-windows-arm64.exe),2026-02-14,[{octicon}`shield` analysis](https://www.virustotal.com/gui/file/8b777b93fd99d2cb90cc9dec11e64607e2b1da1836c487375886305482a70444)
[`5.9.0` {octicon}`link-external`](https://github.com/kdeldycke/repomatic/releases/tag/v5.9.0),[{octicon}`download` `windows-x64`](https://github.com/kdeldycke/repomatic/releases/download/v5.9.0/gha-utils-windows-x64.exe),2026-02-14,[{octicon}`shield` analysis](https://www.virustotal.com/gui/file/6ff7bdc52ae53545814ebcfb0dd4d4901cf09629c35c9f9acf072abd2b28f272)
[`5.8.0` {octicon}`link-external`](https://github.com/kdeldycke/repomatic/releases/tag/v5.8.0),[{octicon}`download` `linux-arm64`](https://github.com/kdeldycke/repomatic/releases/download/v5.8.0/gha-utils-linux-arm64.bin),2026-02-11,[{octicon}`shield` analysis](https://www.virustotal.com/gui/file/9c969094b1080f7f1e724be67c2a3ab8303a0dc2923c6c4f590d8c0262e498b2)
[`5.8.0` {octicon}`link-external`](https://github.com/kdeldycke/repomatic/releases/tag/v5.8.0),[{octicon}`download` `linux-x64`](https://github.com/kdeldycke/repomatic/releases/download/v5.8.0/gha-utils-linux-x64.bin),2026-02-11,[{octicon}`shield` analysis](https://www.virustotal.com/gui/file/83ba838cbf9fcb3cc5a3831287320349cfd8247d30a67b761505e99ddb8a9db5)
[`5.8.0` {octicon}`link-external`](https://github.com/kdeldycke/repomatic/releases/tag/v5.8.0),[{octicon}`download` `macos-arm64`](https://github.com/kdeldycke/repomatic/releases/download/v5.8.0/gha-utils-macos-arm64.bin),2026-02-11,[{octicon}`shield` analysis](https://www.virustotal.com/gui/file/e1513b6ca5b5c3f72fb1a5d6f0a87e4e906d553a27259ab9eacfc937c0c03355)
[`5.8.0` {octicon}`link-external`](https://github.com/kdeldycke/repomatic/releases/tag/v5.8.0),[{octicon}`download` `macos-x64`](https://github.com/kdeldycke/repomatic/releases/download/v5.8.0/gha-utils-macos-x64.bin),2026-02-11,[{octicon}`shield` analysis](https://www.virustotal.com/gui/file/05acf8862fbb8899a0c3755703b0ec592d15dd75633b78ad436d40354e2bf44f)
[`5.8.0` {octicon}`link-external`](https://github.com/kdeldycke/repomatic/releases/tag/v5.8.0),[{octicon}`download` `windows-arm64`](https://github.com/kdeldycke/repomatic/releases/download/v5.8.0/gha-utils-windows-arm64.exe),2026-02-11,[{octicon}`shield` analysis](https://www.virustotal.com/gui/file/8fda828d4754b70771e791f104721ca7554fc3832f481c499265d988a2745c4d)
[`5.8.0` {octicon}`link-external`](https://github.com/kdeldycke/repomatic/releases/tag/v5.8.0),[{octicon}`download` `windows-x64`](https://github.com/kdeldycke/repomatic/releases/download/v5.8.0/gha-utils-windows-x64.exe),2026-02-11,[{octicon}`shield` analysis](https://www.virustotal.com/gui/file/ede4da446625d8143a75b6e485d01a5151e8226b7fcb1b739ed67fe3b15aade0)
[`5.7.2` {octicon}`link-external`](https://github.com/kdeldycke/repomatic/releases/tag/v5.7.2),[{octicon}`download` `linux-arm64`](https://github.com/kdeldycke/repomatic/releases/download/v5.7.2/gha-utils-linux-arm64.bin),2026-02-11,[{octicon}`shield` analysis](https://www.virustotal.com/gui/file/4936c52974db95e787900dc0a0003f6946af6622deddd344775aafe19224189f)
[`5.7.2` {octicon}`link-external`](https://github.com/kdeldycke/repomatic/releases/tag/v5.7.2),[{octicon}`download` `linux-x64`](https://github.com/kdeldycke/repomatic/releases/download/v5.7.2/gha-utils-linux-x64.bin),2026-02-11,[{octicon}`shield` analysis](https://www.virustotal.com/gui/file/be33ebfac47b00faf31edcfb001b16da579f870535f17abdcfa088ea51362904)
[`5.7.2` {octicon}`link-external`](https://github.com/kdeldycke/repomatic/releases/tag/v5.7.2),[{octicon}`download` `macos-arm64`](https://github.com/kdeldycke/repomatic/releases/download/v5.7.2/gha-utils-macos-arm64.bin),2026-02-11,[{octicon}`shield` analysis](https://www.virustotal.com/gui/file/b08d9a199a3dc7da18525796431172de5deb7382ea93ab0954bb6cb9536b7668)
[`5.7.2` {octicon}`link-external`](https://github.com/kdeldycke/repomatic/releases/tag/v5.7.2),[{octicon}`download` `macos-x64`](https://github.com/kdeldycke/repomatic/releases/download/v5.7.2/gha-utils-macos-x64.bin),2026-02-11,[{octicon}`shield` analysis](https://www.virustotal.com/gui/file/e48db32187bd333b5478f231e8a7fda1dc869f94e56ef64a6eb1d683f13c46b5)
[`5.7.2` {octicon}`link-external`](https://github.com/kdeldycke/repomatic/releases/tag/v5.7.2),[{octicon}`download` `windows-arm64`](https://github.com/kdeldycke/repomatic/releases/download/v5.7.2/gha-utils-windows-arm64.exe),2026-02-11,[{octicon}`shield` analysis](https://www.virustotal.com/gui/file/35921d2cfb2b534ecc0641cd132d79b7c47030f449901f773d12f3a77db0aa68)
[`5.7.2` {octicon}`link-external`](https://github.com/kdeldycke/repomatic/releases/tag/v5.7.2),[{octicon}`download` `windows-x64`](https://github.com/kdeldycke/repomatic/releases/download/v5.7.2/gha-utils-windows-x64.exe),2026-02-11,[{octicon}`shield` analysis](https://www.virustotal.com/gui/file/1aad605b0928adb0fed79a58e64bd834a1d7e060cc38e02d31eb6ddc9d7bf92f)
[`5.7.1` {octicon}`link-external`](https://github.com/kdeldycke/repomatic/releases/tag/v5.7.1),[{octicon}`download` `linux-arm64`](https://github.com/kdeldycke/repomatic/releases/download/v5.7.1/gha-utils-linux-arm64.bin),2026-02-10,[{octicon}`shield` analysis](https://www.virustotal.com/gui/file/cad7e54e6bb581127a978d388d866592a977f793ded1d186e29a8232a72be11b)
[`5.7.1` {octicon}`link-external`](https://github.com/kdeldycke/repomatic/releases/tag/v5.7.1),[{octicon}`download` `linux-x64`](https://github.com/kdeldycke/repomatic/releases/download/v5.7.1/gha-utils-linux-x64.bin),2026-02-10,[{octicon}`shield` analysis](https://www.virustotal.com/gui/file/f81381f82387494a0513427b0be55d5dda76c20267808cb77dbceb6a97d8f3df)
[`5.7.1` {octicon}`link-external`](https://github.com/kdeldycke/repomatic/releases/tag/v5.7.1),[{octicon}`download` `macos-arm64`](https://github.com/kdeldycke/repomatic/releases/download/v5.7.1/gha-utils-macos-arm64.bin),2026-02-10,[{octicon}`shield` analysis](https://www.virustotal.com/gui/file/bd27acada0619fe998a5cc95f88f685fb648287fa62fcceb7dae39eaa4808db5)
[`5.7.1` {octicon}`link-external`](https://github.com/kdeldycke/repomatic/releases/tag/v5.7.1),[{octicon}`download` `macos-x64`](https://github.com/kdeldycke/repomatic/releases/download/v5.7.1/gha-utils-macos-x64.bin),2026-02-10,[{octicon}`shield` analysis](https://www.virustotal.com/gui/file/cb555a1eb89c3ee9f880c244dcc922abe1e1d547d935acd0b0ddf05ef6aa37f1)
[`5.7.1` {octicon}`link-external`](https://github.com/kdeldycke/repomatic/releases/tag/v5.7.1),[{octicon}`download` `windows-arm64`](https://github.com/kdeldycke/repomatic/releases/download/v5.7.1/gha-utils-windows-arm64.exe),2026-02-10,[{octicon}`shield` analysis](https://www.virustotal.com/gui/file/883061a391491ecde9ecd00ee837e3a50ca51b289254efd55182ab54f61527dc)
[`5.7.1` {octicon}`link-external`](https://github.com/kdeldycke/repomatic/releases/tag/v5.7.1),[{octicon}`download` `windows-x64`](https://github.com/kdeldycke/repomatic/releases/download/v5.7.1/gha-utils-windows-x64.exe),2026-02-10,[{octicon}`shield` analysis](https://www.virustotal.com/gui/file/1f512af628454628b549862156ac8b1432f8aba9ae7b1af269116ac8bc52a54e)
[`5.7.0` {octicon}`link-external`](https://github.com/kdeldycke/repomatic/releases/tag/v5.7.0),[{octicon}`download` `linux-arm64`](https://github.com/kdeldycke/repomatic/releases/download/v5.7.0/gha-utils-linux-arm64.bin),2026-02-09,[{octicon}`shield` analysis](https://www.virustotal.com/gui/file/5b32a49c25f956c65aadf1a6058d46ea9ce7fde796137322a50e65749992d420)
[`5.7.0` {octicon}`link-external`](https://github.com/kdeldycke/repomatic/releases/tag/v5.7.0),[{octicon}`download` `linux-x64`](https://github.com/kdeldycke/repomatic/releases/download/v5.7.0/gha-utils-linux-x64.bin),2026-02-09,[{octicon}`shield` analysis](https://www.virustotal.com/gui/file/775a50d44bd13f370412e31c2ca205c4faeb4dc81486b980949b2f98bb24f077)
[`5.7.0` {octicon}`link-external`](https://github.com/kdeldycke/repomatic/releases/tag/v5.7.0),[{octicon}`download` `macos-arm64`](https://github.com/kdeldycke/repomatic/releases/download/v5.7.0/gha-utils-macos-arm64.bin),2026-02-09,[{octicon}`shield` analysis](https://www.virustotal.com/gui/file/51931e3b375c575c32a20a466d94f0ba5b1c6183bd893eec0f1cbd2f2b5fce9d)
[`5.7.0` {octicon}`link-external`](https://github.com/kdeldycke/repomatic/releases/tag/v5.7.0),[{octicon}`download` `macos-x64`](https://github.com/kdeldycke/repomatic/releases/download/v5.7.0/gha-utils-macos-x64.bin),2026-02-09,[{octicon}`shield` analysis](https://www.virustotal.com/gui/file/8cff0383a700d88a25415ff0105ce734473c440e7d851bc597c34f245e288489)
[`5.7.0` {octicon}`link-external`](https://github.com/kdeldycke/repomatic/releases/tag/v5.7.0),[{octicon}`download` `windows-arm64`](https://github.com/kdeldycke/repomatic/releases/download/v5.7.0/gha-utils-windows-arm64.exe),2026-02-09,[{octicon}`shield` analysis](https://www.virustotal.com/gui/file/caff5fc6609b0f991b406058786d1cdcc5d6e838c0a3cfeabf6ec8e76c3c6b88)
[`5.7.0` {octicon}`link-external`](https://github.com/kdeldycke/repomatic/releases/tag/v5.7.0),[{octicon}`download` `windows-x64`](https://github.com/kdeldycke/repomatic/releases/download/v5.7.0/gha-utils-windows-x64.exe),2026-02-09,[{octicon}`shield` analysis](https://www.virustotal.com/gui/file/8afd66b84275a7de836f6e02f39d50e77f3246fdb34c8315f2b518ee46b8e06a)
[`5.6.2` {octicon}`link-external`](https://github.com/kdeldycke/repomatic/releases/tag/v5.6.2),[{octicon}`download` `linux-arm64`](https://github.com/kdeldycke/repomatic/releases/download/v5.6.2/gha-utils-linux-arm64.bin),2026-02-02,[{octicon}`shield` analysis](https://www.virustotal.com/gui/file/d8bfa9c21c76ca52beaf9802af639e51619e57bdf2cfa3518159339633220f9b)
[`5.6.2` {octicon}`link-external`](https://github.com/kdeldycke/repomatic/releases/tag/v5.6.2),[{octicon}`download` `linux-x64`](https://github.com/kdeldycke/repomatic/releases/download/v5.6.2/gha-utils-linux-x64.bin),2026-02-02,[{octicon}`shield` analysis](https://www.virustotal.com/gui/file/5584ca3eba0814ef1fec49e7315113a098b9122d534ea6fb769144964bc56d8f)
[`5.6.2` {octicon}`link-external`](https://github.com/kdeldycke/repomatic/releases/tag/v5.6.2),[{octicon}`download` `macos-arm64`](https://github.com/kdeldycke/repomatic/releases/download/v5.6.2/gha-utils-macos-arm64.bin),2026-02-02,[{octicon}`shield` analysis](https://www.virustotal.com/gui/file/3de44c249ce681321abd154e215cb7aa903e352dea36bde1af300e3992434873)
[`5.6.2` {octicon}`link-external`](https://github.com/kdeldycke/repomatic/releases/tag/v5.6.2),[{octicon}`download` `macos-x64`](https://github.com/kdeldycke/repomatic/releases/download/v5.6.2/gha-utils-macos-x64.bin),2026-02-02,[{octicon}`shield` analysis](https://www.virustotal.com/gui/file/87f38a7313ba2bfbd33a37618c405638427e1f97378d77237174e7abf2d75815)
[`5.6.2` {octicon}`link-external`](https://github.com/kdeldycke/repomatic/releases/tag/v5.6.2),[{octicon}`download` `windows-arm64`](https://github.com/kdeldycke/repomatic/releases/download/v5.6.2/gha-utils-windows-arm64.exe),2026-02-02,[{octicon}`shield` analysis](https://www.virustotal.com/gui/file/d965e2e5ee0147b252149889b681b47731f78b44ab64558abcd9a13ddfb83088)
[`5.6.2` {octicon}`link-external`](https://github.com/kdeldycke/repomatic/releases/tag/v5.6.2),[{octicon}`download` `windows-x64`](https://github.com/kdeldycke/repomatic/releases/download/v5.6.2/gha-utils-windows-x64.exe),2026-02-02,[{octicon}`shield` analysis](https://www.virustotal.com/gui/file/56e438b4d1fb19d3198a047d10fed85c7cd11df96c83b9e9c2ae74d9a6116883)
[`5.6.1` {octicon}`link-external`](https://github.com/kdeldycke/repomatic/releases/tag/v5.6.1),[{octicon}`download` `linux-arm64`](https://github.com/kdeldycke/repomatic/releases/download/v5.6.1/gha-utils-linux-arm64.bin),2026-02-02,[{octicon}`shield` analysis](https://www.virustotal.com/gui/file/f34bf573d24e92aef420e9837105f0f01e598cf6e0a5015c215815d92f6b88d5)
[`5.6.1` {octicon}`link-external`](https://github.com/kdeldycke/repomatic/releases/tag/v5.6.1),[{octicon}`download` `linux-x64`](https://github.com/kdeldycke/repomatic/releases/download/v5.6.1/gha-utils-linux-x64.bin),2026-02-02,[{octicon}`shield` analysis](https://www.virustotal.com/gui/file/81e42e3181dff96dcaf90ab005fa304e4cfeafeccc1f84d50a3a6ec77c72e741)
[`5.6.1` {octicon}`link-external`](https://github.com/kdeldycke/repomatic/releases/tag/v5.6.1),[{octicon}`download` `macos-arm64`](https://github.com/kdeldycke/repomatic/releases/download/v5.6.1/gha-utils-macos-arm64.bin),2026-02-02,[{octicon}`shield` analysis](https://www.virustotal.com/gui/file/b2bb0e40abd0246af3ed30f9eb6101376e02773b23bdeda8fb3ea51bc7a72571)
[`5.6.1` {octicon}`link-external`](https://github.com/kdeldycke/repomatic/releases/tag/v5.6.1),[{octicon}`download` `windows-arm64`](https://github.com/kdeldycke/repomatic/releases/download/v5.6.1/gha-utils-windows-arm64.exe),2026-02-02,[{octicon}`shield` analysis](https://www.virustotal.com/gui/file/5d9e367569d577040d22c65816cff2251e5d5939d113b9164978c8fda91e3ff3)
[`5.6.1` {octicon}`link-external`](https://github.com/kdeldycke/repomatic/releases/tag/v5.6.1),[{octicon}`download` `windows-x64`](https://github.com/kdeldycke/repomatic/releases/download/v5.6.1/gha-utils-windows-x64.exe),2026-02-02,[{octicon}`shield` analysis](https://www.virustotal.com/gui/file/2a0a5c76446ce6eb554087ac27171168fdee8d39d46039e1531145b3cacd304c)
[`5.6.0` {octicon}`link-external`](https://github.com/kdeldycke/repomatic/releases/tag/v5.6.0),[{octicon}`download` `linux-arm64`](https://github.com/kdeldycke/repomatic/releases/download/v5.6.0/gha-utils-linux-arm64.bin),2026-02-02,[{octicon}`shield` analysis](https://www.virustotal.com/gui/file/b573099a1bca99b69a96bf9d5a3171858e0c8db3aed114bad6388346a5ec0a92)
[`5.6.0` {octicon}`link-external`](https://github.com/kdeldycke/repomatic/releases/tag/v5.6.0),[{octicon}`download` `linux-x64`](https://github.com/kdeldycke/repomatic/releases/download/v5.6.0/gha-utils-linux-x64.bin),2026-02-02,[{octicon}`shield` analysis](https://www.virustotal.com/gui/file/64fef7b2e650984b40693c3ff796f780e93ba83a900df27c2c70153b13d2b497)
[`5.6.0` {octicon}`link-external`](https://github.com/kdeldycke/repomatic/releases/tag/v5.6.0),[{octicon}`download` `macos-arm64`](https://github.com/kdeldycke/repomatic/releases/download/v5.6.0/gha-utils-macos-arm64.bin),2026-02-02,[{octicon}`shield` analysis](https://www.virustotal.com/gui/file/469cc098263f4f23f1cfee4253b8a081d2daec4fca68579703c570cbd54a4933)
[`5.6.0` {octicon}`link-external`](https://github.com/kdeldycke/repomatic/releases/tag/v5.6.0),[{octicon}`download` `macos-x64`](https://github.com/kdeldycke/repomatic/releases/download/v5.6.0/gha-utils-macos-x64.bin),2026-02-02,[{octicon}`shield` analysis](https://www.virustotal.com/gui/file/647e9d53fc449ed76f300a613224208c354269a5a73325a2d0dfae473f673a0d)
[`5.6.0` {octicon}`link-external`](https://github.com/kdeldycke/repomatic/releases/tag/v5.6.0),[{octicon}`download` `windows-arm64`](https://github.com/kdeldycke/repomatic/releases/download/v5.6.0/gha-utils-windows-arm64.exe),2026-02-02,[{octicon}`shield` analysis](https://www.virustotal.com/gui/file/4f7a2b6d3f5af2f8b98551b323ea2dceddefbf74fa78d66dc6d155e59ebe7cd4)
[`5.6.0` {octicon}`link-external`](https://github.com/kdeldycke/repomatic/releases/tag/v5.6.0),[{octicon}`download` `windows-x64`](https://github.com/kdeldycke/repomatic/releases/download/v5.6.0/gha-utils-windows-x64.exe),2026-02-02,[{octicon}`shield` analysis](https://www.virustotal.com/gui/file/232138f6cc64a89332960e5b8a63c92e37a6093b97d886a03a179e9658fee78f)
[`5.5.1` {octicon}`link-external`](https://github.com/kdeldycke/repomatic/releases/tag/v5.5.1),[{octicon}`download` `linux-arm64`](https://github.com/kdeldycke/repomatic/releases/download/v5.5.1/gha-utils-linux-arm64.bin),2026-01-30,[{octicon}`shield` analysis](https://www.virustotal.com/gui/file/26aa5324a9bad255fc7ec10a163335b8b4b02978de4d89ce2db3747fa35a5194)
[`5.5.1` {octicon}`link-external`](https://github.com/kdeldycke/repomatic/releases/tag/v5.5.1),[{octicon}`download` `linux-x64`](https://github.com/kdeldycke/repomatic/releases/download/v5.5.1/gha-utils-linux-x64.bin),2026-01-30,[{octicon}`shield` analysis](https://www.virustotal.com/gui/file/97185bad81bb0f2f53b7541fd759f73d040b295f7fc419318b4c922dd11359a2)
[`5.5.1` {octicon}`link-external`](https://github.com/kdeldycke/repomatic/releases/tag/v5.5.1),[{octicon}`download` `macos-arm64`](https://github.com/kdeldycke/repomatic/releases/download/v5.5.1/gha-utils-macos-arm64.bin),2026-01-30,[{octicon}`shield` analysis](https://www.virustotal.com/gui/file/972a7d4cabaf112647d3edeaeab173a936ae740199aae1316d687805db02f2f4)
[`5.5.1` {octicon}`link-external`](https://github.com/kdeldycke/repomatic/releases/tag/v5.5.1),[{octicon}`download` `macos-x64`](https://github.com/kdeldycke/repomatic/releases/download/v5.5.1/gha-utils-macos-x64.bin),2026-01-30,[{octicon}`shield` analysis](https://www.virustotal.com/gui/file/52356eb32730fe462048883f2b7e54b166d04ec86ad658490185d402d48b2981)
[`5.5.1` {octicon}`link-external`](https://github.com/kdeldycke/repomatic/releases/tag/v5.5.1),[{octicon}`download` `windows-arm64`](https://github.com/kdeldycke/repomatic/releases/download/v5.5.1/gha-utils-windows-arm64.exe),2026-01-30,[{octicon}`shield` analysis](https://www.virustotal.com/gui/file/58471226cd7c94472264d5c19e2347f4c8d263af061bf60ffbc5a0c92a420f71)
[`5.5.1` {octicon}`link-external`](https://github.com/kdeldycke/repomatic/releases/tag/v5.5.1),[{octicon}`download` `windows-x64`](https://github.com/kdeldycke/repomatic/releases/download/v5.5.1/gha-utils-windows-x64.exe),2026-01-30,[{octicon}`shield` analysis](https://www.virustotal.com/gui/file/1931c071ce5c3bb92f9e6efac060553c391053556d693c607599cf9c2feed059)
[`5.5.0` {octicon}`link-external`](https://github.com/kdeldycke/repomatic/releases/tag/v5.5.0),[{octicon}`download` `linux-arm64`](https://github.com/kdeldycke/repomatic/releases/download/v5.5.0/gha-utils-linux-arm64.bin),2026-01-29,[{octicon}`shield` analysis](https://www.virustotal.com/gui/file/06db7e8c658948c22e26cf3f8027730130cb62c6613c222b296693ee15517275)
[`5.5.0` {octicon}`link-external`](https://github.com/kdeldycke/repomatic/releases/tag/v5.5.0),[{octicon}`download` `linux-x64`](https://github.com/kdeldycke/repomatic/releases/download/v5.5.0/gha-utils-linux-x64.bin),2026-01-29,[{octicon}`shield` analysis](https://www.virustotal.com/gui/file/1d86a41db2a9265606a6d4f05e7ab416a9872f97978183cc3c2917deadf16244)
[`5.5.0` {octicon}`link-external`](https://github.com/kdeldycke/repomatic/releases/tag/v5.5.0),[{octicon}`download` `macos-arm64`](https://github.com/kdeldycke/repomatic/releases/download/v5.5.0/gha-utils-macos-arm64.bin),2026-01-29,[{octicon}`shield` analysis](https://www.virustotal.com/gui/file/7e567a2de71f14fedc573c04a6cd8fa208db5a85fd5cfe47fd8cdfb1666d42b6)
[`5.5.0` {octicon}`link-external`](https://github.com/kdeldycke/repomatic/releases/tag/v5.5.0),[{octicon}`download` `macos-x64`](https://github.com/kdeldycke/repomatic/releases/download/v5.5.0/gha-utils-macos-x64.bin),2026-01-29,[{octicon}`shield` analysis](https://www.virustotal.com/gui/file/b3c00183178e6553cc06b1c19983550e8135b3a1942b022e3e76e5d0b52010ef)
[`5.5.0` {octicon}`link-external`](https://github.com/kdeldycke/repomatic/releases/tag/v5.5.0),[{octicon}`download` `windows-arm64`](https://github.com/kdeldycke/repomatic/releases/download/v5.5.0/gha-utils-windows-arm64.exe),2026-01-29,[{octicon}`shield` analysis](https://www.virustotal.com/gui/file/d934ae9eba60eb22e9776f5d660fb0eb4d35dabf55c7d04810e1ec82d8806c20)
[`5.5.0` {octicon}`link-external`](https://github.com/kdeldycke/repomatic/releases/tag/v5.5.0),[{octicon}`download` `windows-x64`](https://github.com/kdeldycke/repomatic/releases/download/v5.5.0/gha-utils-windows-x64.exe),2026-01-29,[{octicon}`shield` analysis](https://www.virustotal.com/gui/file/510703641227711b1e471427fe87d0c5971ca75f7b487a070c271e2771a534cb)
[`5.4.0` {octicon}`link-external`](https://github.com/kdeldycke/repomatic/releases/tag/v5.4.0),[{octicon}`download` `linux-arm64`](https://github.com/kdeldycke/repomatic/releases/download/v5.4.0/gha-utils-linux-arm64.bin),2026-01-25,[{octicon}`shield` analysis](https://www.virustotal.com/gui/file/f48c947bb759a98bfc482d56cf424fe4cc60d16ff56a2f217713c4f4adbe81a2)
[`5.4.0` {octicon}`link-external`](https://github.com/kdeldycke/repomatic/releases/tag/v5.4.0),[{octicon}`download` `linux-x64`](https://github.com/kdeldycke/repomatic/releases/download/v5.4.0/gha-utils-linux-x64.bin),2026-01-25,[{octicon}`shield` analysis](https://www.virustotal.com/gui/file/b116a7441017e6903f8149ed15b28aee7d322040eebd31bf2cf4a66fd4a7ba1f)
[`5.4.0` {octicon}`link-external`](https://github.com/kdeldycke/repomatic/releases/tag/v5.4.0),[{octicon}`download` `macos-arm64`](https://github.com/kdeldycke/repomatic/releases/download/v5.4.0/gha-utils-macos-arm64.bin),2026-01-25,[{octicon}`shield` analysis](https://www.virustotal.com/gui/file/82b0dad5b76f803d7321ba1d966d762794c579f2a0ed39ee22e31fa6c706ce96)
[`5.4.0` {octicon}`link-external`](https://github.com/kdeldycke/repomatic/releases/tag/v5.4.0),[{octicon}`download` `macos-x64`](https://github.com/kdeldycke/repomatic/releases/download/v5.4.0/gha-utils-macos-x64.bin),2026-01-25,[{octicon}`shield` analysis](https://www.virustotal.com/gui/file/c6cf1a794e6d0bd161f3e184f38ed7f2ed075a0bc7c9251c4330e9419a2dde84)
[`5.4.0` {octicon}`link-external`](https://github.com/kdeldycke/repomatic/releases/tag/v5.4.0),[{octicon}`download` `windows-arm64`](https://github.com/kdeldycke/repomatic/releases/download/v5.4.0/gha-utils-windows-arm64.exe),2026-01-25,[{octicon}`shield` analysis](https://www.virustotal.com/gui/file/be034a9577c91581f341c87ba58f82b960ac3e09cf1995473103897a2cf236d1)
[`5.4.0` {octicon}`link-external`](https://github.com/kdeldycke/repomatic/releases/tag/v5.4.0),[{octicon}`download` `windows-x64`](https://github.com/kdeldycke/repomatic/releases/download/v5.4.0/gha-utils-windows-x64.exe),2026-01-25,[{octicon}`shield` analysis](https://www.virustotal.com/gui/file/96a11601b604f8d539549d250a1d90a39006b452d7915db78ba40772ba027195)
[`5.3.1` {octicon}`link-external`](https://github.com/kdeldycke/repomatic/releases/tag/v5.3.1),[{octicon}`download` `linux-arm64`](https://github.com/kdeldycke/repomatic/releases/download/v5.3.1/gha-utils-linux-arm64.bin),2026-01-24,[{octicon}`shield` analysis](https://www.virustotal.com/gui/file/0e9090f06abf68f3cf82885a92daa93987f90e82301c72fe409e5efa6b8dc5a5)
[`5.3.1` {octicon}`link-external`](https://github.com/kdeldycke/repomatic/releases/tag/v5.3.1),[{octicon}`download` `linux-x64`](https://github.com/kdeldycke/repomatic/releases/download/v5.3.1/gha-utils-linux-x64.bin),2026-01-24,[{octicon}`shield` analysis](https://www.virustotal.com/gui/file/c58673580c309d998560110b5ae0f41d4add106d863446cb49edfe84b1fa239c)
[`5.3.1` {octicon}`link-external`](https://github.com/kdeldycke/repomatic/releases/tag/v5.3.1),[{octicon}`download` `macos-arm64`](https://github.com/kdeldycke/repomatic/releases/download/v5.3.1/gha-utils-macos-arm64.bin),2026-01-24,[{octicon}`shield` analysis](https://www.virustotal.com/gui/file/42687a5d7d337ec27333d48646805e905673933823673f258b616f08ad972392)
[`5.3.1` {octicon}`link-external`](https://github.com/kdeldycke/repomatic/releases/tag/v5.3.1),[{octicon}`download` `macos-x64`](https://github.com/kdeldycke/repomatic/releases/download/v5.3.1/gha-utils-macos-x64.bin),2026-01-24,[{octicon}`shield` analysis](https://www.virustotal.com/gui/file/0ae42f0b9b89b07de198f63b7b66a1cca9a21958865a6c5b73da27c94a4a4249)
[`5.3.1` {octicon}`link-external`](https://github.com/kdeldycke/repomatic/releases/tag/v5.3.1),[{octicon}`download` `windows-arm64`](https://github.com/kdeldycke/repomatic/releases/download/v5.3.1/gha-utils-windows-arm64.exe),2026-01-24,[{octicon}`shield` analysis](https://www.virustotal.com/gui/file/00eeac2f54da465f897fe5a47ba8b627e7c21c89541aeba7797bb7e5b5c10c2b)
[`5.3.1` {octicon}`link-external`](https://github.com/kdeldycke/repomatic/releases/tag/v5.3.1),[{octicon}`download` `windows-x64`](https://github.com/kdeldycke/repomatic/releases/download/v5.3.1/gha-utils-windows-x64.exe),2026-01-24,[{octicon}`shield` analysis](https://www.virustotal.com/gui/file/0658d0dcfd906ebc0ec5762f78ef5f5f4c02b20cecd1b68070f908f8bf7d9b37)
[`5.3.0` {octicon}`link-external`](https://github.com/kdeldycke/repomatic/releases/tag/v5.3.0),[{octicon}`download` `linux-arm64`](https://github.com/kdeldycke/repomatic/releases/download/v5.3.0/gha-utils-linux-arm64.bin),2026-01-24,[{octicon}`shield` analysis](https://www.virustotal.com/gui/file/fb9333ea8898fd7669b3ea673cdddf68b00c51c450bfb98ab7498c731fc2a5a5)
[`5.3.0` {octicon}`link-external`](https://github.com/kdeldycke/repomatic/releases/tag/v5.3.0),[{octicon}`download` `linux-x64`](https://github.com/kdeldycke/repomatic/releases/download/v5.3.0/gha-utils-linux-x64.bin),2026-01-24,[{octicon}`shield` analysis](https://www.virustotal.com/gui/file/5a34dab9449abd3d7362d0769727861d36b1c712d7780cad2059d792a235bbd6)
[`5.3.0` {octicon}`link-external`](https://github.com/kdeldycke/repomatic/releases/tag/v5.3.0),[{octicon}`download` `macos-arm64`](https://github.com/kdeldycke/repomatic/releases/download/v5.3.0/gha-utils-macos-arm64.bin),2026-01-24,[{octicon}`shield` analysis](https://www.virustotal.com/gui/file/20c2a69fc984328f0a33d1a29337c424c74b56a68d0dd407bca118731fddc0c8)
[`5.3.0` {octicon}`link-external`](https://github.com/kdeldycke/repomatic/releases/tag/v5.3.0),[{octicon}`download` `macos-x64`](https://github.com/kdeldycke/repomatic/releases/download/v5.3.0/gha-utils-macos-x64.bin),2026-01-24,[{octicon}`shield` analysis](https://www.virustotal.com/gui/file/740760244803e778636a00d6d622ed10d49cdf5a8c4e1d73a48c6c89e436c49c)
[`5.3.0` {octicon}`link-external`](https://github.com/kdeldycke/repomatic/releases/tag/v5.3.0),[{octicon}`download` `windows-arm64`](https://github.com/kdeldycke/repomatic/releases/download/v5.3.0/gha-utils-windows-arm64.exe),2026-01-24,[{octicon}`shield` analysis](https://www.virustotal.com/gui/file/a2d38645806a6db21c56002f5e1a07d2bb032fe2a07093fddecc39a9ab528a6c)
[`5.3.0` {octicon}`link-external`](https://github.com/kdeldycke/repomatic/releases/tag/v5.3.0),[{octicon}`download` `windows-x64`](https://github.com/kdeldycke/repomatic/releases/download/v5.3.0/gha-utils-windows-x64.exe),2026-01-24,[{octicon}`shield` analysis](https://www.virustotal.com/gui/file/784b018c6e64d3e2995cc8a07a064ac57c1e22457f4b76a59f629f2a2933fb49)
[`5.2.0` {octicon}`link-external`](https://github.com/kdeldycke/repomatic/releases/tag/v5.2.0),[{octicon}`download` `linux-arm64`](https://github.com/kdeldycke/repomatic/releases/download/v5.2.0/gha-utils-linux-arm64.bin),2026-01-23,[{octicon}`shield` analysis](https://www.virustotal.com/gui/file/fbe481ff42661b0858e834417b628ce2ea4c2eae450dbb27517f8b371606bbf3)
[`5.2.0` {octicon}`link-external`](https://github.com/kdeldycke/repomatic/releases/tag/v5.2.0),[{octicon}`download` `linux-x64`](https://github.com/kdeldycke/repomatic/releases/download/v5.2.0/gha-utils-linux-x64.bin),2026-01-23,[{octicon}`shield` analysis](https://www.virustotal.com/gui/file/b895a1a42b3d7a33a3dd2a265db3c18d8b4813d8b7ef36d03f7709c4a723e5e5)
[`5.2.0` {octicon}`link-external`](https://github.com/kdeldycke/repomatic/releases/tag/v5.2.0),[{octicon}`download` `macos-arm64`](https://github.com/kdeldycke/repomatic/releases/download/v5.2.0/gha-utils-macos-arm64.bin),2026-01-23,[{octicon}`shield` analysis](https://www.virustotal.com/gui/file/c5bcd2b5a40d5ee9c60904cd5493cd6b0e3b4d8e6a2146b53f8e0aee969eec11)
[`5.2.0` {octicon}`link-external`](https://github.com/kdeldycke/repomatic/releases/tag/v5.2.0),[{octicon}`download` `macos-x64`](https://github.com/kdeldycke/repomatic/releases/download/v5.2.0/gha-utils-macos-x64.bin),2026-01-23,[{octicon}`shield` analysis](https://www.virustotal.com/gui/file/d07c00975b576b334ba3c227a5f39faad14a93e6cda7761640e06d4f44069d22)
[`5.2.0` {octicon}`link-external`](https://github.com/kdeldycke/repomatic/releases/tag/v5.2.0),[{octicon}`download` `windows-arm64`](https://github.com/kdeldycke/repomatic/releases/download/v5.2.0/gha-utils-windows-arm64.exe),2026-01-23,[{octicon}`shield` analysis](https://www.virustotal.com/gui/file/2ae1fced939c32adf3051d3b50c218f480511b0a5ea7ea20d0c8e66e9d2bdb04)
[`5.2.0` {octicon}`link-external`](https://github.com/kdeldycke/repomatic/releases/tag/v5.2.0),[{octicon}`download` `windows-x64`](https://github.com/kdeldycke/repomatic/releases/download/v5.2.0/gha-utils-windows-x64.exe),2026-01-23,[{octicon}`shield` analysis](https://www.virustotal.com/gui/file/84f1ca480fb1dc715414d9af8e269f5f78b01a9979db23dea42a0dd20f7f0248)
[`5.0.1` {octicon}`link-external`](https://github.com/kdeldycke/repomatic/releases/tag/v5.0.1),[{octicon}`download` `linux-arm64`](https://github.com/kdeldycke/repomatic/releases/download/v5.0.1/gha-utils-linux-arm64.bin),2026-01-22,[{octicon}`shield` analysis](https://www.virustotal.com/gui/file/e0be574f0860b5a6be72cfee39441f519e820e9abb3147603b59f577c6c7e9b6)
[`5.0.1` {octicon}`link-external`](https://github.com/kdeldycke/repomatic/releases/tag/v5.0.1),[{octicon}`download` `linux-x64`](https://github.com/kdeldycke/repomatic/releases/download/v5.0.1/gha-utils-linux-x64.bin),2026-01-22,[{octicon}`shield` analysis](https://www.virustotal.com/gui/file/527c6013f685e4195a2cb3383c9ef68014fbb500e863b37f880a87584eadc9b4)
[`5.0.1` {octicon}`link-external`](https://github.com/kdeldycke/repomatic/releases/tag/v5.0.1),[{octicon}`download` `macos-arm64`](https://github.com/kdeldycke/repomatic/releases/download/v5.0.1/gha-utils-macos-arm64.bin),2026-01-22,[{octicon}`shield` analysis](https://www.virustotal.com/gui/file/e9d81db3c87a37459a6a14918509f3570cfbf2ba0e2304159101d192e359f5a2)
[`5.0.1` {octicon}`link-external`](https://github.com/kdeldycke/repomatic/releases/tag/v5.0.1),[{octicon}`download` `macos-x64`](https://github.com/kdeldycke/repomatic/releases/download/v5.0.1/gha-utils-macos-x64.bin),2026-01-22,[{octicon}`shield` analysis](https://www.virustotal.com/gui/file/feb48d2fbe53039c075531422531712b45daa1316078eb8880eb83b7e4eea8ae)
[`5.0.1` {octicon}`link-external`](https://github.com/kdeldycke/repomatic/releases/tag/v5.0.1),[{octicon}`download` `windows-arm64`](https://github.com/kdeldycke/repomatic/releases/download/v5.0.1/gha-utils-windows-arm64.exe),2026-01-22,[{octicon}`shield` analysis](https://www.virustotal.com/gui/file/9f4ad086c0ea1f5c257fc0d7f75b691e964106349b69cad083434a8126dfb0b3)
[`5.0.1` {octicon}`link-external`](https://github.com/kdeldycke/repomatic/releases/tag/v5.0.1),[{octicon}`download` `windows-x64`](https://github.com/kdeldycke/repomatic/releases/download/v5.0.1/gha-utils-windows-x64.exe),2026-01-22,[{octicon}`shield` analysis](https://www.virustotal.com/gui/file/523fff3b21966130823a7540c53b17bb648b969af947eb405630a6100200581e)
[`4.25.5` {octicon}`link-external`](https://github.com/kdeldycke/repomatic/releases/tag/v4.25.5),[{octicon}`download` `linux-arm64`](https://github.com/kdeldycke/repomatic/releases/download/v4.25.5/gha-utils-linux-arm64.bin),2026-01-09,[{octicon}`shield` analysis](https://www.virustotal.com/gui/file/420fde7e1f73f5ee99d0f91618775575e08256b291680a2031760f81b7f0e4a3)
[`4.25.5` {octicon}`link-external`](https://github.com/kdeldycke/repomatic/releases/tag/v4.25.5),[{octicon}`download` `linux-x64`](https://github.com/kdeldycke/repomatic/releases/download/v4.25.5/gha-utils-linux-x64.bin),2026-01-09,[{octicon}`shield` analysis](https://www.virustotal.com/gui/file/02e75a6519a501ba690968f8cd7a1ff85a1121e83e83759219ba00d62d3e28dd)
[`4.25.5` {octicon}`link-external`](https://github.com/kdeldycke/repomatic/releases/tag/v4.25.5),[{octicon}`download` `macos-arm64`](https://github.com/kdeldycke/repomatic/releases/download/v4.25.5/gha-utils-macos-arm64.bin),2026-01-09,[{octicon}`shield` analysis](https://www.virustotal.com/gui/file/78bea284696607a0f71190df00d75e17b351304684d6425a7b76339d49dfe93d)
[`4.25.5` {octicon}`link-external`](https://github.com/kdeldycke/repomatic/releases/tag/v4.25.5),[{octicon}`download` `macos-x64`](https://github.com/kdeldycke/repomatic/releases/download/v4.25.5/gha-utils-macos-x64.bin),2026-01-09,[{octicon}`shield` analysis](https://www.virustotal.com/gui/file/f5660aade4a7e458638677bf0cb45cce4b75e501606d62fd737bb72b85988227)
[`4.25.5` {octicon}`link-external`](https://github.com/kdeldycke/repomatic/releases/tag/v4.25.5),[{octicon}`download` `windows-arm64`](https://github.com/kdeldycke/repomatic/releases/download/v4.25.5/gha-utils-windows-arm64.exe),2026-01-09,[{octicon}`shield` analysis](https://www.virustotal.com/gui/file/cdbbb8bc7359b122a778907e430a235052c98ed72cb91488deda3ce1e9b16d88)
[`4.25.5` {octicon}`link-external`](https://github.com/kdeldycke/repomatic/releases/tag/v4.25.5),[{octicon}`download` `windows-x64`](https://github.com/kdeldycke/repomatic/releases/download/v4.25.5/gha-utils-windows-x64.exe),2026-01-09,[{octicon}`shield` analysis](https://www.virustotal.com/gui/file/1db10f3d595128839dd6abcb3a80259d76f4dd83ab1b1338bf2b0981896b55b2)
[`4.25.4` {octicon}`link-external`](https://github.com/kdeldycke/repomatic/releases/tag/v4.25.4),[{octicon}`download` `linux-arm64`](https://github.com/kdeldycke/repomatic/releases/download/v4.25.4/gha-utils-linux-arm64.bin),2025-12-31,[{octicon}`shield` analysis](https://www.virustotal.com/gui/file/3cb40c4d74dfedd26d2186a9d55bc611320907f8cfe554b66d2b3b4fb922c2d5)
[`4.25.4` {octicon}`link-external`](https://github.com/kdeldycke/repomatic/releases/tag/v4.25.4),[{octicon}`download` `linux-x64`](https://github.com/kdeldycke/repomatic/releases/download/v4.25.4/gha-utils-linux-x64.bin),2025-12-31,[{octicon}`shield` analysis](https://www.virustotal.com/gui/file/4d4cf88e4fc1802836af09f6601c658fb3efd0dc9982e087d2837bb40b89cbf1)
[`4.25.4` {octicon}`link-external`](https://github.com/kdeldycke/repomatic/releases/tag/v4.25.4),[{octicon}`download` `macos-arm64`](https://github.com/kdeldycke/repomatic/releases/download/v4.25.4/gha-utils-macos-arm64.bin),2025-12-31,[{octicon}`shield` analysis](https://www.virustotal.com/gui/file/26c5875af46abb38ebf1f8555822c767f87ce84557ef8ac097dcf2091815bb25)
[`4.25.4` {octicon}`link-external`](https://github.com/kdeldycke/repomatic/releases/tag/v4.25.4),[{octicon}`download` `macos-x64`](https://github.com/kdeldycke/repomatic/releases/download/v4.25.4/gha-utils-macos-x64.bin),2025-12-31,[{octicon}`shield` analysis](https://www.virustotal.com/gui/file/ff0a04f916b18835a5dff91206f32d77492ce5c68abc7308aaa95e374dac8a99)
[`4.25.4` {octicon}`link-external`](https://github.com/kdeldycke/repomatic/releases/tag/v4.25.4),[{octicon}`download` `windows-arm64`](https://github.com/kdeldycke/repomatic/releases/download/v4.25.4/gha-utils-windows-arm64.exe),2025-12-31,[{octicon}`shield` analysis](https://www.virustotal.com/gui/file/2e412019dd271bf515f4a723684b9a010aabadf67642293e0b341921ed8de2a5)
[`4.25.4` {octicon}`link-external`](https://github.com/kdeldycke/repomatic/releases/tag/v4.25.4),[{octicon}`download` `windows-x64`](https://github.com/kdeldycke/repomatic/releases/download/v4.25.4/gha-utils-windows-x64.exe),2025-12-31,[{octicon}`shield` analysis](https://www.virustotal.com/gui/file/97261bb3673ccb2c739a6c59db7d0118da00e52a2c04b5cc95cddb8cebdee3d5)
[`4.25.3` {octicon}`link-external`](https://github.com/kdeldycke/repomatic/releases/tag/v4.25.3),[{octicon}`download` `linux-arm64`](https://github.com/kdeldycke/repomatic/releases/download/v4.25.3/gha-utils-linux-arm64.bin),2025-12-19,[{octicon}`shield` analysis](https://www.virustotal.com/gui/file/89e8e4c248fa519509c0d45240b0f587f9502536ab023cf1b23da60250b070d4)
[`4.25.3` {octicon}`link-external`](https://github.com/kdeldycke/repomatic/releases/tag/v4.25.3),[{octicon}`download` `linux-x64`](https://github.com/kdeldycke/repomatic/releases/download/v4.25.3/gha-utils-linux-x64.bin),2025-12-19,[{octicon}`shield` analysis](https://www.virustotal.com/gui/file/f9de6b1c548630901f2dbbb3f109a8a76c9c8aeb7f98c6c9612def1ae059cd7d)
[`4.25.3` {octicon}`link-external`](https://github.com/kdeldycke/repomatic/releases/tag/v4.25.3),[{octicon}`download` `macos-arm64`](https://github.com/kdeldycke/repomatic/releases/download/v4.25.3/gha-utils-macos-arm64.bin),2025-12-19,[{octicon}`shield` analysis](https://www.virustotal.com/gui/file/087e8adbc7f18d13bd9de639712c86755190b74cdc3f4acf7fcd3fa6be9ace9a)
[`4.25.3` {octicon}`link-external`](https://github.com/kdeldycke/repomatic/releases/tag/v4.25.3),[{octicon}`download` `macos-x64`](https://github.com/kdeldycke/repomatic/releases/download/v4.25.3/gha-utils-macos-x64.bin),2025-12-19,[{octicon}`shield` analysis](https://www.virustotal.com/gui/file/a7635a7106b33b39931132fbd50dc391305fa7999109ea029b8653e856a7e73f)
[`4.25.3` {octicon}`link-external`](https://github.com/kdeldycke/repomatic/releases/tag/v4.25.3),[{octicon}`download` `windows-arm64`](https://github.com/kdeldycke/repomatic/releases/download/v4.25.3/gha-utils-windows-arm64.exe),2025-12-19,[{octicon}`shield` analysis](https://www.virustotal.com/gui/file/b150d72eb7c46da886daf94d80d4cfb0dd76f081e84486e7bb665630bad35cad)
[`4.25.3` {octicon}`link-external`](https://github.com/kdeldycke/repomatic/releases/tag/v4.25.3),[{octicon}`download` `windows-x64`](https://github.com/kdeldycke/repomatic/releases/download/v4.25.3/gha-utils-windows-x64.exe),2025-12-19,[{octicon}`shield` analysis](https://www.virustotal.com/gui/file/29d02acd4cb018a29fba509c5c01032f2ac464a0f98347436321f57a20cab5d1)
[`4.25.2` {octicon}`link-external`](https://github.com/kdeldycke/repomatic/releases/tag/v4.25.2),[{octicon}`download` `linux-arm64`](https://github.com/kdeldycke/repomatic/releases/download/v4.25.2/gha-utils-linux-arm64.bin),2025-12-07,[{octicon}`shield` analysis](https://www.virustotal.com/gui/file/bcbb6cfee232d904f675634351640057ab758bf2a7a7e107640a5616f8a4f571)
[`4.25.2` {octicon}`link-external`](https://github.com/kdeldycke/repomatic/releases/tag/v4.25.2),[{octicon}`download` `linux-x64`](https://github.com/kdeldycke/repomatic/releases/download/v4.25.2/gha-utils-linux-x64.bin),2025-12-07,[{octicon}`shield` analysis](https://www.virustotal.com/gui/file/4713c820106b53db4a22869fa006c42e6742ac29187c0a3e9a9a0e71fd02460e)
[`4.25.2` {octicon}`link-external`](https://github.com/kdeldycke/repomatic/releases/tag/v4.25.2),[{octicon}`download` `macos-arm64`](https://github.com/kdeldycke/repomatic/releases/download/v4.25.2/gha-utils-macos-arm64.bin),2025-12-07,[{octicon}`shield` analysis](https://www.virustotal.com/gui/file/27cbb5925d36274c2b4343a174a027350b2d6122e304a926aa4769d76cdd5af7)
[`4.25.2` {octicon}`link-external`](https://github.com/kdeldycke/repomatic/releases/tag/v4.25.2),[{octicon}`download` `macos-x64`](https://github.com/kdeldycke/repomatic/releases/download/v4.25.2/gha-utils-macos-x64.bin),2025-12-07,[{octicon}`shield` analysis](https://www.virustotal.com/gui/file/22f1df0fd867ca5334c3e7a41850b4871988788d1772861f74e637d520d6f2db)
[`4.25.2` {octicon}`link-external`](https://github.com/kdeldycke/repomatic/releases/tag/v4.25.2),[{octicon}`download` `windows-arm64`](https://github.com/kdeldycke/repomatic/releases/download/v4.25.2/gha-utils-windows-arm64.exe),2025-12-07,[{octicon}`shield` analysis](https://www.virustotal.com/gui/file/c87132cc2622b57b80839623c042fc70297ff0538d84d95a0a10aaf25a3bf1cc)
[`4.25.2` {octicon}`link-external`](https://github.com/kdeldycke/repomatic/releases/tag/v4.25.2),[{octicon}`download` `windows-x64`](https://github.com/kdeldycke/repomatic/releases/download/v4.25.2/gha-utils-windows-x64.exe),2025-12-07,[{octicon}`shield` analysis](https://www.virustotal.com/gui/file/06a4fbe563addc581495d263083e73208c910be01560106681704e521b406610)
[`4.25.1` {octicon}`link-external`](https://github.com/kdeldycke/repomatic/releases/tag/v4.25.1),[{octicon}`download` `linux-arm64`](https://github.com/kdeldycke/repomatic/releases/download/v4.25.1/gha-utils-linux-arm64.bin),2025-12-06,[{octicon}`shield` analysis](https://www.virustotal.com/gui/file/06b8c66fdc8c3dffbfd17b4d6aba435cbaaba63e572206df0645a72cc4348cb3)
[`4.25.1` {octicon}`link-external`](https://github.com/kdeldycke/repomatic/releases/tag/v4.25.1),[{octicon}`download` `linux-x64`](https://github.com/kdeldycke/repomatic/releases/download/v4.25.1/gha-utils-linux-x64.bin),2025-12-06,[{octicon}`shield` analysis](https://www.virustotal.com/gui/file/233fa837f56d34960f10354e14e53f47e262f187754639f9cf98d5708d63d35c)
[`4.25.1` {octicon}`link-external`](https://github.com/kdeldycke/repomatic/releases/tag/v4.25.1),[{octicon}`download` `macos-arm64`](https://github.com/kdeldycke/repomatic/releases/download/v4.25.1/gha-utils-macos-arm64.bin),2025-12-06,[{octicon}`shield` analysis](https://www.virustotal.com/gui/file/6ff34ab84446bf100041466d0d8f31d035912d818506ea1aeaf65ddda923c915)
[`4.25.1` {octicon}`link-external`](https://github.com/kdeldycke/repomatic/releases/tag/v4.25.1),[{octicon}`download` `macos-x64`](https://github.com/kdeldycke/repomatic/releases/download/v4.25.1/gha-utils-macos-x64.bin),2025-12-06,[{octicon}`shield` analysis](https://www.virustotal.com/gui/file/af279dba3d76b2b6f8765f64a9b6e42b6a475dc9960824c73f4a49e2dcf9e19e)
[`4.25.1` {octicon}`link-external`](https://github.com/kdeldycke/repomatic/releases/tag/v4.25.1),[{octicon}`download` `windows-arm64`](https://github.com/kdeldycke/repomatic/releases/download/v4.25.1/gha-utils-windows-arm64.exe),2025-12-06,[{octicon}`shield` analysis](https://www.virustotal.com/gui/file/ea553b6a48b89d397e34710897d85b9d956d731422d82f37af3caf700ffb60ce)
[`4.25.1` {octicon}`link-external`](https://github.com/kdeldycke/repomatic/releases/tag/v4.25.1),[{octicon}`download` `windows-x64`](https://github.com/kdeldycke/repomatic/releases/download/v4.25.1/gha-utils-windows-x64.exe),2025-12-06,[{octicon}`shield` analysis](https://www.virustotal.com/gui/file/42127e520eca79f16ce5ab807332ed0ecd4c3da06408c851a85ea3a0426d85f2)
[`4.25.0` {octicon}`link-external`](https://github.com/kdeldycke/repomatic/releases/tag/v4.25.0),[{octicon}`download` `linux-arm64`](https://github.com/kdeldycke/repomatic/releases/download/v4.25.0/gha-utils-linux-arm64.bin),2025-12-06,[{octicon}`shield` analysis](https://www.virustotal.com/gui/file/923889a1564d00b2acc377597760101afd4d19010d14a98db6a49420486ef1e0)
[`4.25.0` {octicon}`link-external`](https://github.com/kdeldycke/repomatic/releases/tag/v4.25.0),[{octicon}`download` `linux-x64`](https://github.com/kdeldycke/repomatic/releases/download/v4.25.0/gha-utils-linux-x64.bin),2025-12-06,[{octicon}`shield` analysis](https://www.virustotal.com/gui/file/56d2f895564b7940d700e2eecf9daf23597cdacf53f58781267e216eb9c3441d)
[`4.25.0` {octicon}`link-external`](https://github.com/kdeldycke/repomatic/releases/tag/v4.25.0),[{octicon}`download` `macos-arm64`](https://github.com/kdeldycke/repomatic/releases/download/v4.25.0/gha-utils-macos-arm64.bin),2025-12-06,[{octicon}`shield` analysis](https://www.virustotal.com/gui/file/b3080f7582fcbe67f1f9c10bf99616c24e749824ca5fdec68f8d2247df42c165)
[`4.25.0` {octicon}`link-external`](https://github.com/kdeldycke/repomatic/releases/tag/v4.25.0),[{octicon}`download` `macos-x64`](https://github.com/kdeldycke/repomatic/releases/download/v4.25.0/gha-utils-macos-x64.bin),2025-12-06,[{octicon}`shield` analysis](https://www.virustotal.com/gui/file/24d573bc956707cab49a22206275c87197656c13f49cd5ba665d0348ad79d346)
[`4.25.0` {octicon}`link-external`](https://github.com/kdeldycke/repomatic/releases/tag/v4.25.0),[{octicon}`download` `windows-arm64`](https://github.com/kdeldycke/repomatic/releases/download/v4.25.0/gha-utils-windows-arm64.exe),2025-12-06,[{octicon}`shield` analysis](https://www.virustotal.com/gui/file/2bd5a84d95092eac8c4de22a3716f40a35eea9f072757165e6e57d493676f85c)
[`4.25.0` {octicon}`link-external`](https://github.com/kdeldycke/repomatic/releases/tag/v4.25.0),[{octicon}`download` `windows-x64`](https://github.com/kdeldycke/repomatic/releases/download/v4.25.0/gha-utils-windows-x64.exe),2025-12-06,[{octicon}`shield` analysis](https://www.virustotal.com/gui/file/321eec700adf21b0bfe18eb9569091b5da4b97810db918bbedfd7ef8a0205fdf)
[`4.24.6` {octicon}`link-external`](https://github.com/kdeldycke/repomatic/releases/tag/v4.24.6),[{octicon}`download` `linux-arm64`](https://github.com/kdeldycke/repomatic/releases/download/v4.24.6/gha-utils-linux-arm64.bin),2025-12-01,[{octicon}`shield` analysis](https://www.virustotal.com/gui/file/c112233ee1af9a10b5f4fced2c42dfd69b80a2e2753bf52287a2a077e564f778)
[`4.24.6` {octicon}`link-external`](https://github.com/kdeldycke/repomatic/releases/tag/v4.24.6),[{octicon}`download` `linux-x64`](https://github.com/kdeldycke/repomatic/releases/download/v4.24.6/gha-utils-linux-x64.bin),2025-12-01,[{octicon}`shield` analysis](https://www.virustotal.com/gui/file/2fd017e83844233302b980e6e5b3d0ef7582c4dafe0e8595aa93e2c74bab24bc)
[`4.24.6` {octicon}`link-external`](https://github.com/kdeldycke/repomatic/releases/tag/v4.24.6),[{octicon}`download` `macos-arm64`](https://github.com/kdeldycke/repomatic/releases/download/v4.24.6/gha-utils-macos-arm64.bin),2025-12-01,[{octicon}`shield` analysis](https://www.virustotal.com/gui/file/2b053a027d5745fb91e3adb5fbd04c3aa47f4c99e44dbe4d38ca3dccc9360cb7)
[`4.24.6` {octicon}`link-external`](https://github.com/kdeldycke/repomatic/releases/tag/v4.24.6),[{octicon}`download` `macos-x64`](https://github.com/kdeldycke/repomatic/releases/download/v4.24.6/gha-utils-macos-x64.bin),2025-12-01,[{octicon}`shield` analysis](https://www.virustotal.com/gui/file/a87d6e57495ec21cca18ecba811c276355fc8fb13f006c3367d1f078b5e47fff)
[`4.24.6` {octicon}`link-external`](https://github.com/kdeldycke/repomatic/releases/tag/v4.24.6),[{octicon}`download` `windows-arm64`](https://github.com/kdeldycke/repomatic/releases/download/v4.24.6/gha-utils-windows-arm64.exe),2025-12-01,[{octicon}`shield` analysis](https://www.virustotal.com/gui/file/9387a1e47014a60d95f00fe176611aa0bbb2ff22962b682117fc6bb14dd289d5)
[`4.24.6` {octicon}`link-external`](https://github.com/kdeldycke/repomatic/releases/tag/v4.24.6),[{octicon}`download` `windows-x64`](https://github.com/kdeldycke/repomatic/releases/download/v4.24.6/gha-utils-windows-x64.exe),2025-12-01,[{octicon}`shield` analysis](https://www.virustotal.com/gui/file/efe5f0c6c1a1db00b524710d80cfce2a5acb30126600bc3c363c5c4875377059)
[`4.24.5` {octicon}`link-external`](https://github.com/kdeldycke/repomatic/releases/tag/v4.24.5),[{octicon}`download` `linux-arm64`](https://github.com/kdeldycke/repomatic/releases/download/v4.24.5/gha-utils-linux-arm64.bin),2025-11-28,[{octicon}`shield` analysis](https://www.virustotal.com/gui/file/64c4ff2ea3be0bef117fa3e953d003b8fb54d24bc54423d2714816f23efbd98f)
[`4.24.5` {octicon}`link-external`](https://github.com/kdeldycke/repomatic/releases/tag/v4.24.5),[{octicon}`download` `linux-x64`](https://github.com/kdeldycke/repomatic/releases/download/v4.24.5/gha-utils-linux-x64.bin),2025-11-28,[{octicon}`shield` analysis](https://www.virustotal.com/gui/file/a9fe44005ab60a1e7b362ca433dc3982bca261f5a88e7cbc566d3b1efb2c2671)
[`4.24.5` {octicon}`link-external`](https://github.com/kdeldycke/repomatic/releases/tag/v4.24.5),[{octicon}`download` `macos-arm64`](https://github.com/kdeldycke/repomatic/releases/download/v4.24.5/gha-utils-macos-arm64.bin),2025-11-28,[{octicon}`shield` analysis](https://www.virustotal.com/gui/file/4554f6faa8c62a998a4e23f50a2aab3fbec679e2abd1e3a28a1c0e4d9043539d)
[`4.24.5` {octicon}`link-external`](https://github.com/kdeldycke/repomatic/releases/tag/v4.24.5),[{octicon}`download` `macos-x64`](https://github.com/kdeldycke/repomatic/releases/download/v4.24.5/gha-utils-macos-x64.bin),2025-11-28,[{octicon}`shield` analysis](https://www.virustotal.com/gui/file/6aa70a0c320a1b0b9ef1a33e46db6c6e248460e24ffa0ff926f10dc65159c63c)
[`4.24.5` {octicon}`link-external`](https://github.com/kdeldycke/repomatic/releases/tag/v4.24.5),[{octicon}`download` `windows-arm64`](https://github.com/kdeldycke/repomatic/releases/download/v4.24.5/gha-utils-windows-arm64.exe),2025-11-28,[{octicon}`shield` analysis](https://www.virustotal.com/gui/file/798155320fb98de46b0e8368a5277212ca93ec45533a12f5072dfcd621dc4937)
[`4.24.5` {octicon}`link-external`](https://github.com/kdeldycke/repomatic/releases/tag/v4.24.5),[{octicon}`download` `windows-x64`](https://github.com/kdeldycke/repomatic/releases/download/v4.24.5/gha-utils-windows-x64.exe),2025-11-28,[{octicon}`shield` analysis](https://www.virustotal.com/gui/file/74706310825cf0709c7969853cbb8ee3ed94fa9f39944ba9eafeb08b0128b80a)
[`4.24.4` {octicon}`link-external`](https://github.com/kdeldycke/repomatic/releases/tag/v4.24.4),[{octicon}`download` `linux-arm64`](https://github.com/kdeldycke/repomatic/releases/download/v4.24.4/gha-utils-linux-arm64.bin),2025-11-27,[{octicon}`shield` analysis](https://www.virustotal.com/gui/file/35b8653370075c0edd9efb38f37262008cca7cd04a3dd619fb074b9ed5c198f1)
[`4.24.4` {octicon}`link-external`](https://github.com/kdeldycke/repomatic/releases/tag/v4.24.4),[{octicon}`download` `linux-x64`](https://github.com/kdeldycke/repomatic/releases/download/v4.24.4/gha-utils-linux-x64.bin),2025-11-27,[{octicon}`shield` analysis](https://www.virustotal.com/gui/file/72761cd6befccb2b001a7e9fdc66d8be0caa8038a322d685296430201bb9c119)
[`4.24.4` {octicon}`link-external`](https://github.com/kdeldycke/repomatic/releases/tag/v4.24.4),[{octicon}`download` `macos-arm64`](https://github.com/kdeldycke/repomatic/releases/download/v4.24.4/gha-utils-macos-arm64.bin),2025-11-27,[{octicon}`shield` analysis](https://www.virustotal.com/gui/file/878243e737c21fee0e3776ac1884ee5b1cb81f6fb01c9597bdbe8ba4b58641ae)
[`4.24.4` {octicon}`link-external`](https://github.com/kdeldycke/repomatic/releases/tag/v4.24.4),[{octicon}`download` `macos-x64`](https://github.com/kdeldycke/repomatic/releases/download/v4.24.4/gha-utils-macos-x64.bin),2025-11-27,[{octicon}`shield` analysis](https://www.virustotal.com/gui/file/c19860adc72db90377fb27da6bee99bd4a2280973af886c9431e0d209e8359b0)
[`4.24.4` {octicon}`link-external`](https://github.com/kdeldycke/repomatic/releases/tag/v4.24.4),[{octicon}`download` `windows-arm64`](https://github.com/kdeldycke/repomatic/releases/download/v4.24.4/gha-utils-windows-arm64.exe),2025-11-27,[{octicon}`shield` analysis](https://www.virustotal.com/gui/file/ae69887800d3750a25cd5aa18bdf6c7f3f9289b198afa696fbee68a0ef7f01c0)
[`4.24.4` {octicon}`link-external`](https://github.com/kdeldycke/repomatic/releases/tag/v4.24.4),[{octicon}`download` `windows-x64`](https://github.com/kdeldycke/repomatic/releases/download/v4.24.4/gha-utils-windows-x64.exe),2025-11-27,[{octicon}`shield` analysis](https://www.virustotal.com/gui/file/c42d900ae0e7aeae3ceab38ecece73597f6e47d8827d8421bd447fe81529444f)
[`4.24.3` {octicon}`link-external`](https://github.com/kdeldycke/repomatic/releases/tag/v4.24.3),[{octicon}`download` `linux-arm64`](https://github.com/kdeldycke/repomatic/releases/download/v4.24.3/gha-utils-linux-arm64.bin),2025-11-24,[{octicon}`shield` analysis](https://www.virustotal.com/gui/file/0845337365687b9327c3a078ec02c2541098c6e4471b1789ea7e4480c8734c72)
[`4.24.3` {octicon}`link-external`](https://github.com/kdeldycke/repomatic/releases/tag/v4.24.3),[{octicon}`download` `linux-x64`](https://github.com/kdeldycke/repomatic/releases/download/v4.24.3/gha-utils-linux-x64.bin),2025-11-24,[{octicon}`shield` analysis](https://www.virustotal.com/gui/file/a843980c3b81f354a926641fb06f2cd1a15e2ba91b3f89787588a3d9be2e0283)
[`4.24.3` {octicon}`link-external`](https://github.com/kdeldycke/repomatic/releases/tag/v4.24.3),[{octicon}`download` `macos-arm64`](https://github.com/kdeldycke/repomatic/releases/download/v4.24.3/gha-utils-macos-arm64.bin),2025-11-24,[{octicon}`shield` analysis](https://www.virustotal.com/gui/file/d8460eb240577434511ab8c77a2da25721e7935188137c928f54117fc1c84bc3)
[`4.24.3` {octicon}`link-external`](https://github.com/kdeldycke/repomatic/releases/tag/v4.24.3),[{octicon}`download` `macos-x64`](https://github.com/kdeldycke/repomatic/releases/download/v4.24.3/gha-utils-macos-x64.bin),2025-11-24,[{octicon}`shield` analysis](https://www.virustotal.com/gui/file/c8cc8ce4076e515ade4d98b08abc20dd1c75046fa347be6674341991f663a9fc)
[`4.24.3` {octicon}`link-external`](https://github.com/kdeldycke/repomatic/releases/tag/v4.24.3),[{octicon}`download` `windows-arm64`](https://github.com/kdeldycke/repomatic/releases/download/v4.24.3/gha-utils-windows-arm64.exe),2025-11-24,[{octicon}`shield` analysis](https://www.virustotal.com/gui/file/989e5e7e63eb65529ae2aa10f795e0dcf2c8d8200851abdbae961bf493518b46)
[`4.24.3` {octicon}`link-external`](https://github.com/kdeldycke/repomatic/releases/tag/v4.24.3),[{octicon}`download` `windows-x64`](https://github.com/kdeldycke/repomatic/releases/download/v4.24.3/gha-utils-windows-x64.exe),2025-11-24,[{octicon}`shield` analysis](https://www.virustotal.com/gui/file/f0ba4b7128f11fd41d48be44e722675e7b1bed570f78ccc6a74bfdf5f2b7a60a)
[`4.24.2` {octicon}`link-external`](https://github.com/kdeldycke/repomatic/releases/tag/v4.24.2),[{octicon}`download` `linux-arm64`](https://github.com/kdeldycke/repomatic/releases/download/v4.24.2/gha-utils-linux-arm64.bin),2025-11-23,[{octicon}`shield` analysis](https://www.virustotal.com/gui/file/d6790f16edd52eec32d99147dc76927b7883f8887d59df1b4e22db7fe3bef8ae)
[`4.24.2` {octicon}`link-external`](https://github.com/kdeldycke/repomatic/releases/tag/v4.24.2),[{octicon}`download` `linux-x64`](https://github.com/kdeldycke/repomatic/releases/download/v4.24.2/gha-utils-linux-x64.bin),2025-11-23,[{octicon}`shield` analysis](https://www.virustotal.com/gui/file/25e096012d09d17d668c217a7c6cf996722ac5908a39416c045929e205596391)
[`4.24.2` {octicon}`link-external`](https://github.com/kdeldycke/repomatic/releases/tag/v4.24.2),[{octicon}`download` `macos-arm64`](https://github.com/kdeldycke/repomatic/releases/download/v4.24.2/gha-utils-macos-arm64.bin),2025-11-23,[{octicon}`shield` analysis](https://www.virustotal.com/gui/file/0f84b344aacf7bb40f68ac75c9c81c466af73271ccf3bc80752e9ec4416bda5c)
[`4.24.2` {octicon}`link-external`](https://github.com/kdeldycke/repomatic/releases/tag/v4.24.2),[{octicon}`download` `macos-x64`](https://github.com/kdeldycke/repomatic/releases/download/v4.24.2/gha-utils-macos-x64.bin),2025-11-23,[{octicon}`shield` analysis](https://www.virustotal.com/gui/file/c5280c31572230ff38dedbdc9fc2f6421d4af11f7af94a3e970c8cb631e4f8dc)
[`4.24.2` {octicon}`link-external`](https://github.com/kdeldycke/repomatic/releases/tag/v4.24.2),[{octicon}`download` `windows-arm64`](https://github.com/kdeldycke/repomatic/releases/download/v4.24.2/gha-utils-windows-arm64.exe),2025-11-23,[{octicon}`shield` analysis](https://www.virustotal.com/gui/file/9220d4979433c4a57a93b292dd3aeb408aa048ddae169a5859f1242e4fb8276e)
[`4.24.2` {octicon}`link-external`](https://github.com/kdeldycke/repomatic/releases/tag/v4.24.2),[{octicon}`download` `windows-x64`](https://github.com/kdeldycke/repomatic/releases/download/v4.24.2/gha-utils-windows-x64.exe),2025-11-23,[{octicon}`shield` analysis](https://www.virustotal.com/gui/file/d7c50471b4918199c2b208a79ab997ffa1d5bad1e851738ee6cc473dabf55540)
[`4.23.4` {octicon}`link-external`](https://github.com/kdeldycke/repomatic/releases/tag/v4.23.4),[{octicon}`download` `linux-arm64`](https://github.com/kdeldycke/repomatic/releases/download/v4.23.4/gha-utils-linux-arm64.bin),2025-11-19,[{octicon}`shield` analysis](https://www.virustotal.com/gui/file/4d36be841bd9b25c93d491278aed56356d1fc7d7b606bab4f321a5ca92ccab99)
[`4.23.4` {octicon}`link-external`](https://github.com/kdeldycke/repomatic/releases/tag/v4.23.4),[{octicon}`download` `linux-x64`](https://github.com/kdeldycke/repomatic/releases/download/v4.23.4/gha-utils-linux-x64.bin),2025-11-19,[{octicon}`shield` analysis](https://www.virustotal.com/gui/file/e78bdfc0340e9d44f7e7c65901896ee6e010b4978d264a0910654484928de3b5)
[`4.23.4` {octicon}`link-external`](https://github.com/kdeldycke/repomatic/releases/tag/v4.23.4),[{octicon}`download` `macos-arm64`](https://github.com/kdeldycke/repomatic/releases/download/v4.23.4/gha-utils-macos-arm64.bin),2025-11-19,[{octicon}`shield` analysis](https://www.virustotal.com/gui/file/3805055519fac69ea49d33565b0bbcd5c2ba9cb98bc509e3c73efc0ccb55e2fd)
[`4.23.4` {octicon}`link-external`](https://github.com/kdeldycke/repomatic/releases/tag/v4.23.4),[{octicon}`download` `macos-x64`](https://github.com/kdeldycke/repomatic/releases/download/v4.23.4/gha-utils-macos-x64.bin),2025-11-19,[{octicon}`shield` analysis](https://www.virustotal.com/gui/file/9c1cbea2f88a0b572895270ef3e6317c4e7a05a6c1bed3c7c1fdc54547ae1707)
[`4.23.4` {octicon}`link-external`](https://github.com/kdeldycke/repomatic/releases/tag/v4.23.4),[{octicon}`download` `windows-arm64`](https://github.com/kdeldycke/repomatic/releases/download/v4.23.4/gha-utils-windows-arm64.exe),2025-11-19,[{octicon}`shield` analysis](https://www.virustotal.com/gui/file/bbb3f9b40a48a60775d121e9a4ab1e0c9819b76c33da71b50a2da8c740f8bbd7)
[`4.23.4` {octicon}`link-external`](https://github.com/kdeldycke/repomatic/releases/tag/v4.23.4),[{octicon}`download` `windows-x64`](https://github.com/kdeldycke/repomatic/releases/download/v4.23.4/gha-utils-windows-x64.exe),2025-11-19,[{octicon}`shield` analysis](https://www.virustotal.com/gui/file/6224270bf5c41a4b16d7860b14bf108600b177b8c7f951128eedbf9e9b237180)
[`4.23.3` {octicon}`link-external`](https://github.com/kdeldycke/repomatic/releases/tag/v4.23.3),[{octicon}`download` `linux-arm64`](https://github.com/kdeldycke/repomatic/releases/download/v4.23.3/gha-utils-linux-arm64.bin),2025-11-18,[{octicon}`shield` analysis](https://www.virustotal.com/gui/file/df86f385b26bbe93b56b417ae93a75f9a763ddea1f614460d26808586c767d35)
[`4.23.3` {octicon}`link-external`](https://github.com/kdeldycke/repomatic/releases/tag/v4.23.3),[{octicon}`download` `linux-x64`](https://github.com/kdeldycke/repomatic/releases/download/v4.23.3/gha-utils-linux-x64.bin),2025-11-18,[{octicon}`shield` analysis](https://www.virustotal.com/gui/file/c1b02bb6b9584623b87dd51dc23d14ffa35169a8588f15fb6e843cc577913e79)
[`4.23.3` {octicon}`link-external`](https://github.com/kdeldycke/repomatic/releases/tag/v4.23.3),[{octicon}`download` `windows-arm64`](https://github.com/kdeldycke/repomatic/releases/download/v4.23.3/gha-utils-windows-arm64.exe),2025-11-18,[{octicon}`shield` analysis](https://www.virustotal.com/gui/file/62135a9cdda1e110c7cfc8531d36eeb7c9fd2626e45d6485c3f03ad3d5928561)
[`4.23.3` {octicon}`link-external`](https://github.com/kdeldycke/repomatic/releases/tag/v4.23.3),[{octicon}`download` `windows-x64`](https://github.com/kdeldycke/repomatic/releases/download/v4.23.3/gha-utils-windows-x64.exe),2025-11-18,[{octicon}`shield` analysis](https://www.virustotal.com/gui/file/c9994a7fe608de722800f3606c768219d8cf8f3c29515d05499c15028990f7c7)
[`4.23.2` {octicon}`link-external`](https://github.com/kdeldycke/repomatic/releases/tag/v4.23.2),[{octicon}`download` `linux-arm64`](https://github.com/kdeldycke/repomatic/releases/download/v4.23.2/gha-utils-linux-arm64.bin),2025-11-17,[{octicon}`shield` analysis](https://www.virustotal.com/gui/file/50d5922ce1ca0acb0850a9b0b11ca3a32a7be1a505c5affa18843a9886173773)
[`4.23.2` {octicon}`link-external`](https://github.com/kdeldycke/repomatic/releases/tag/v4.23.2),[{octicon}`download` `linux-x64`](https://github.com/kdeldycke/repomatic/releases/download/v4.23.2/gha-utils-linux-x64.bin),2025-11-17,[{octicon}`shield` analysis](https://www.virustotal.com/gui/file/b4c2a1728b1d581fced0dad7266831088601cdd95ece017f6696c30c7b423a2f)
[`4.23.2` {octicon}`link-external`](https://github.com/kdeldycke/repomatic/releases/tag/v4.23.2),[{octicon}`download` `macos-arm64`](https://github.com/kdeldycke/repomatic/releases/download/v4.23.2/gha-utils-macos-arm64.bin),2025-11-17,[{octicon}`shield` analysis](https://www.virustotal.com/gui/file/b895efe7cc9d70e16760eb54ec0a83337cc8cf972a2ffa2c8eeb091cee87405e)
[`4.23.2` {octicon}`link-external`](https://github.com/kdeldycke/repomatic/releases/tag/v4.23.2),[{octicon}`download` `macos-x64`](https://github.com/kdeldycke/repomatic/releases/download/v4.23.2/gha-utils-macos-x64.bin),2025-11-17,[{octicon}`shield` analysis](https://www.virustotal.com/gui/file/21849999697c40ebf3e7c12ef6b402eb7e7be00f7ef848c8ee0c131cb5e26dd6)
[`4.23.2` {octicon}`link-external`](https://github.com/kdeldycke/repomatic/releases/tag/v4.23.2),[{octicon}`download` `windows-arm64`](https://github.com/kdeldycke/repomatic/releases/download/v4.23.2/gha-utils-windows-arm64.exe),2025-11-17,[{octicon}`shield` analysis](https://www.virustotal.com/gui/file/82446183addb0103b17f5e50567aadc1d32b66219d63fbd787ffd053045d5376)
[`4.23.2` {octicon}`link-external`](https://github.com/kdeldycke/repomatic/releases/tag/v4.23.2),[{octicon}`download` `windows-x64`](https://github.com/kdeldycke/repomatic/releases/download/v4.23.2/gha-utils-windows-x64.exe),2025-11-17,[{octicon}`shield` analysis](https://www.virustotal.com/gui/file/f5f997e68107e96ac9821d033a426be0263d4481e234a4e2b3c044684c8708d6)
[`4.23.1` {octicon}`link-external`](https://github.com/kdeldycke/repomatic/releases/tag/v4.23.1),[{octicon}`download` `linux-arm64`](https://github.com/kdeldycke/repomatic/releases/download/v4.23.1/gha-utils-linux-arm64.bin),2025-11-02,[{octicon}`shield` analysis](https://www.virustotal.com/gui/file/0dd5a1da95016652bfd60615059ac777fb485d43e2cf7011e4e72ba27efe8d4d)
[`4.23.1` {octicon}`link-external`](https://github.com/kdeldycke/repomatic/releases/tag/v4.23.1),[{octicon}`download` `linux-x64`](https://github.com/kdeldycke/repomatic/releases/download/v4.23.1/gha-utils-linux-x64.bin),2025-11-02,[{octicon}`shield` analysis](https://www.virustotal.com/gui/file/4a819474a3324a4bdb49535ace28a7ff5f5830edfa5449a32415354ae272af19)
[`4.23.1` {octicon}`link-external`](https://github.com/kdeldycke/repomatic/releases/tag/v4.23.1),[{octicon}`download` `macos-arm64`](https://github.com/kdeldycke/repomatic/releases/download/v4.23.1/gha-utils-macos-arm64.bin),2025-11-02,[{octicon}`shield` analysis](https://www.virustotal.com/gui/file/a176ab8b78e64f0f85c4d10138f2e775c689e6cf8395d35576dfe820520532e3)
[`4.23.1` {octicon}`link-external`](https://github.com/kdeldycke/repomatic/releases/tag/v4.23.1),[{octicon}`download` `macos-x64`](https://github.com/kdeldycke/repomatic/releases/download/v4.23.1/gha-utils-macos-x64.bin),2025-11-02,[{octicon}`shield` analysis](https://www.virustotal.com/gui/file/b29f42199bf82718a404854f05f13689bed7200cc875d3ff490cdef253c39a86)
[`4.23.1` {octicon}`link-external`](https://github.com/kdeldycke/repomatic/releases/tag/v4.23.1),[{octicon}`download` `windows-arm64`](https://github.com/kdeldycke/repomatic/releases/download/v4.23.1/gha-utils-windows-arm64.exe),2025-11-02,[{octicon}`shield` analysis](https://www.virustotal.com/gui/file/fbc0b415abb793686ebdb4684479451eb2899f60fc868a5a827aa5899d8eb2b8)
[`4.23.1` {octicon}`link-external`](https://github.com/kdeldycke/repomatic/releases/tag/v4.23.1),[{octicon}`download` `windows-x64`](https://github.com/kdeldycke/repomatic/releases/download/v4.23.1/gha-utils-windows-x64.exe),2025-11-02,[{octicon}`shield` analysis](https://www.virustotal.com/gui/file/d3751aa7a6ff269b3a3ed4b31a0e8b0c6c02298d36187df265aee9d71e753467)
[`4.23.0` {octicon}`link-external`](https://github.com/kdeldycke/repomatic/releases/tag/v4.23.0),[{octicon}`download` `linux-arm64`](https://github.com/kdeldycke/repomatic/releases/download/v4.23.0/gha-utils-linux-arm64.bin),2025-10-25,[{octicon}`shield` analysis](https://www.virustotal.com/gui/file/bac13e1a39b245636c09437c4a3948f71a7baeb7d53b132c241af36ff7abd01d)
[`4.23.0` {octicon}`link-external`](https://github.com/kdeldycke/repomatic/releases/tag/v4.23.0),[{octicon}`download` `linux-x64`](https://github.com/kdeldycke/repomatic/releases/download/v4.23.0/gha-utils-linux-x64.bin),2025-10-25,[{octicon}`shield` analysis](https://www.virustotal.com/gui/file/efd32a4a0a4e52662cebb7210901518bc1d54d24e54a47d27362071a550517b8)
[`4.23.0` {octicon}`link-external`](https://github.com/kdeldycke/repomatic/releases/tag/v4.23.0),[{octicon}`download` `macos-arm64`](https://github.com/kdeldycke/repomatic/releases/download/v4.23.0/gha-utils-macos-arm64.bin),2025-10-25,[{octicon}`shield` analysis](https://www.virustotal.com/gui/file/243e1bdc9ea80a856c6818276b825773fa90108fefd8b9116de5c0e6d3217c57)
[`4.23.0` {octicon}`link-external`](https://github.com/kdeldycke/repomatic/releases/tag/v4.23.0),[{octicon}`download` `macos-x64`](https://github.com/kdeldycke/repomatic/releases/download/v4.23.0/gha-utils-macos-x64.bin),2025-10-25,[{octicon}`shield` analysis](https://www.virustotal.com/gui/file/6a978125285059e0c1f2d19671edaaaeec2678721fef0059a1876770625a09ad)
[`4.23.0` {octicon}`link-external`](https://github.com/kdeldycke/repomatic/releases/tag/v4.23.0),[{octicon}`download` `windows-arm64`](https://github.com/kdeldycke/repomatic/releases/download/v4.23.0/gha-utils-windows-arm64.exe),2025-10-25,[{octicon}`shield` analysis](https://www.virustotal.com/gui/file/f61fc23b9863a220f56f64fd084eee2b56b67eeff8415bd62a88d2b9cdb0c48b)
[`4.23.0` {octicon}`link-external`](https://github.com/kdeldycke/repomatic/releases/tag/v4.23.0),[{octicon}`download` `windows-x64`](https://github.com/kdeldycke/repomatic/releases/download/v4.23.0/gha-utils-windows-x64.exe),2025-10-25,[{octicon}`shield` analysis](https://www.virustotal.com/gui/file/2f2e132fcac54fe2963e62f51264dab4b4e31348c5a694d5cffd2218f3db0d2d)
[`4.22.0` {octicon}`link-external`](https://github.com/kdeldycke/repomatic/releases/tag/v4.22.0),[{octicon}`download` `linux-arm64`](https://github.com/kdeldycke/repomatic/releases/download/v4.22.0/gha-utils-linux-arm64.bin),2025-10-12,[{octicon}`shield` analysis](https://www.virustotal.com/gui/file/585eab497c236f231d3b3f0d2ad15f426b0b301a679c71bb89d87d4e57e060bd)
[`4.22.0` {octicon}`link-external`](https://github.com/kdeldycke/repomatic/releases/tag/v4.22.0),[{octicon}`download` `linux-x64`](https://github.com/kdeldycke/repomatic/releases/download/v4.22.0/gha-utils-linux-x64.bin),2025-10-12,[{octicon}`shield` analysis](https://www.virustotal.com/gui/file/e19255ac1a4bcfec5babb2620f07849c00d42d65c7826b5d8d4bc2ddb6790de0)
[`4.22.0` {octicon}`link-external`](https://github.com/kdeldycke/repomatic/releases/tag/v4.22.0),[{octicon}`download` `macos-x64`](https://github.com/kdeldycke/repomatic/releases/download/v4.22.0/gha-utils-macos-x64.bin),2025-10-12,[{octicon}`shield` analysis](https://www.virustotal.com/gui/file/625bc918e42130f03122597eba5d3aaaf5cb64dbef3e27fe9ba169e30e699fb6)
[`4.22.0` {octicon}`link-external`](https://github.com/kdeldycke/repomatic/releases/tag/v4.22.0),[{octicon}`download` `windows-arm64`](https://github.com/kdeldycke/repomatic/releases/download/v4.22.0/gha-utils-windows-arm64.exe),2025-10-12,[{octicon}`shield` analysis](https://www.virustotal.com/gui/file/bf0ee6082c44f2e9a06df3ab74770665daf75557a6fb45ebe8ac82f52dac2291)
[`4.22.0` {octicon}`link-external`](https://github.com/kdeldycke/repomatic/releases/tag/v4.22.0),[{octicon}`download` `windows-x64`](https://github.com/kdeldycke/repomatic/releases/download/v4.22.0/gha-utils-windows-x64.exe),2025-10-12,[{octicon}`shield` analysis](https://www.virustotal.com/gui/file/0853642b6090e5e718144281cefea13022038575b84a20c9106deb3888b57dce)
[`4.21.0` {octicon}`link-external`](https://github.com/kdeldycke/repomatic/releases/tag/v4.21.0),[{octicon}`download` `linux-arm64`](https://github.com/kdeldycke/repomatic/releases/download/v4.21.0/gha-utils-linux-arm64.bin),2025-10-11,[{octicon}`shield` analysis](https://www.virustotal.com/gui/file/4a2804956f3f954b1422f27cb2725c2cb4210f6ecc20b3ce73cffac8a4634cd3)
[`4.21.0` {octicon}`link-external`](https://github.com/kdeldycke/repomatic/releases/tag/v4.21.0),[{octicon}`download` `linux-x64`](https://github.com/kdeldycke/repomatic/releases/download/v4.21.0/gha-utils-linux-x64.bin),2025-10-11,[{octicon}`shield` analysis](https://www.virustotal.com/gui/file/90db39665ad78a78daccca911650676f1900cb8c0c7c865287cbf87f57472b45)
[`4.21.0` {octicon}`link-external`](https://github.com/kdeldycke/repomatic/releases/tag/v4.21.0),[{octicon}`download` `macos-arm64`](https://github.com/kdeldycke/repomatic/releases/download/v4.21.0/gha-utils-macos-arm64.bin),2025-10-11,[{octicon}`shield` analysis](https://www.virustotal.com/gui/file/2b310fc6efb2ddd56e99845620c1550acefab00813e89a8334d7bcea1e56cd79)
[`4.21.0` {octicon}`link-external`](https://github.com/kdeldycke/repomatic/releases/tag/v4.21.0),[{octicon}`download` `macos-x64`](https://github.com/kdeldycke/repomatic/releases/download/v4.21.0/gha-utils-macos-x64.bin),2025-10-11,[{octicon}`shield` analysis](https://www.virustotal.com/gui/file/49494f9c3a0af265408c45720405246190630f63f0a4d8d12d645a25943f7ff7)
[`4.21.0` {octicon}`link-external`](https://github.com/kdeldycke/repomatic/releases/tag/v4.21.0),[{octicon}`download` `windows-arm64`](https://github.com/kdeldycke/repomatic/releases/download/v4.21.0/gha-utils-windows-arm64.exe),2025-10-11,[{octicon}`shield` analysis](https://www.virustotal.com/gui/file/02b44b592a0f64ee2cf5f1a9c4c539e69396389324aa7acc6c7517f63292e1ef)
[`4.21.0` {octicon}`link-external`](https://github.com/kdeldycke/repomatic/releases/tag/v4.21.0),[{octicon}`download` `windows-x64`](https://github.com/kdeldycke/repomatic/releases/download/v4.21.0/gha-utils-windows-x64.exe),2025-10-11,[{octicon}`shield` analysis](https://www.virustotal.com/gui/file/5157ac6d7625cd935c1fc96cea61a6800772add81a067ffe2c5d3bdf24879023)
[`4.20.0` {octicon}`link-external`](https://github.com/kdeldycke/repomatic/releases/tag/v4.20.0),[{octicon}`download` `linux-arm64`](https://github.com/kdeldycke/repomatic/releases/download/v4.20.0/gha-utils-linux-arm64.bin),2025-10-10,[{octicon}`shield` analysis](https://www.virustotal.com/gui/file/7328cd7d975687d6ba351c8d2bac76048410e90a418c73b2278c214c458101a6)
[`4.20.0` {octicon}`link-external`](https://github.com/kdeldycke/repomatic/releases/tag/v4.20.0),[{octicon}`download` `linux-x64`](https://github.com/kdeldycke/repomatic/releases/download/v4.20.0/gha-utils-linux-x64.bin),2025-10-10,[{octicon}`shield` analysis](https://www.virustotal.com/gui/file/bdf21020ddfedf8a04add511cea185570826fec5569a39a0aa28d2c8317ea83e)
[`4.20.0` {octicon}`link-external`](https://github.com/kdeldycke/repomatic/releases/tag/v4.20.0),[{octicon}`download` `macos-arm64`](https://github.com/kdeldycke/repomatic/releases/download/v4.20.0/gha-utils-macos-arm64.bin),2025-10-10,[{octicon}`shield` analysis](https://www.virustotal.com/gui/file/9cce6a120a3fbf1c3555248fec5daf4f250a90c1f76d13a3e194d8f859f9777e)
[`4.20.0` {octicon}`link-external`](https://github.com/kdeldycke/repomatic/releases/tag/v4.20.0),[{octicon}`download` `macos-x64`](https://github.com/kdeldycke/repomatic/releases/download/v4.20.0/gha-utils-macos-x64.bin),2025-10-10,[{octicon}`shield` analysis](https://www.virustotal.com/gui/file/78eb0a4d8692acdb3dd2bf81b193d08c7bc715feceecb48a878bf64159e6e931)
[`4.20.0` {octicon}`link-external`](https://github.com/kdeldycke/repomatic/releases/tag/v4.20.0),[{octicon}`download` `windows-arm64`](https://github.com/kdeldycke/repomatic/releases/download/v4.20.0/gha-utils-windows-arm64.exe),2025-10-10,[{octicon}`shield` analysis](https://www.virustotal.com/gui/file/dbf2c3c0696208a4f25ec3a7dbefde5119cb97eb3b9c1354d031dfb3aa0eae85)
[`4.20.0` {octicon}`link-external`](https://github.com/kdeldycke/repomatic/releases/tag/v4.20.0),[{octicon}`download` `windows-x64`](https://github.com/kdeldycke/repomatic/releases/download/v4.20.0/gha-utils-windows-x64.exe),2025-10-10,[{octicon}`shield` analysis](https://www.virustotal.com/gui/file/e71b153626111fb0210cad452d89a8d025310b2ba88b67518a6e27358a82a0b6)
[`4.19.1` {octicon}`link-external`](https://github.com/kdeldycke/repomatic/releases/tag/v4.19.1),[{octicon}`download` `linux-arm64`](https://github.com/kdeldycke/repomatic/releases/download/v4.19.1/gha-utils-linux-arm64.bin),2025-09-25,[{octicon}`shield` analysis](https://www.virustotal.com/gui/file/452df57d743adc2570fbfb44655479d285f62a64df508b331aca7803e6426c30)
[`4.19.1` {octicon}`link-external`](https://github.com/kdeldycke/repomatic/releases/tag/v4.19.1),[{octicon}`download` `linux-x64`](https://github.com/kdeldycke/repomatic/releases/download/v4.19.1/gha-utils-linux-x64.bin),2025-09-25,[{octicon}`shield` analysis](https://www.virustotal.com/gui/file/8c7798cfc127e28b9678ca53ca231d1da1649ccdf4321c85369e4b5dabe544a0)
[`4.19.1` {octicon}`link-external`](https://github.com/kdeldycke/repomatic/releases/tag/v4.19.1),[{octicon}`download` `macos-arm64`](https://github.com/kdeldycke/repomatic/releases/download/v4.19.1/gha-utils-macos-arm64.bin),2025-09-25,[{octicon}`shield` analysis](https://www.virustotal.com/gui/file/5479c5e3b829b2023ec29c8d8218c3cc435c81623c85b75c4cfc1e2f47c294b1)
[`4.19.1` {octicon}`link-external`](https://github.com/kdeldycke/repomatic/releases/tag/v4.19.1),[{octicon}`download` `macos-x64`](https://github.com/kdeldycke/repomatic/releases/download/v4.19.1/gha-utils-macos-x64.bin),2025-09-25,[{octicon}`shield` analysis](https://www.virustotal.com/gui/file/0f66fcbe2f1096c111b8dccac43bd09a94ed146bd151ba4948bcbf69cdc9a197)
[`4.19.1` {octicon}`link-external`](https://github.com/kdeldycke/repomatic/releases/tag/v4.19.1),[{octicon}`download` `windows-arm64`](https://github.com/kdeldycke/repomatic/releases/download/v4.19.1/gha-utils-windows-arm64.exe),2025-09-25,[{octicon}`shield` analysis](https://www.virustotal.com/gui/file/de0d95d46b13177849b3baebba25b69ce84d67f1cbf7b9a815f2846c60964e54)
[`4.19.1` {octicon}`link-external`](https://github.com/kdeldycke/repomatic/releases/tag/v4.19.1),[{octicon}`download` `windows-x64`](https://github.com/kdeldycke/repomatic/releases/download/v4.19.1/gha-utils-windows-x64.exe),2025-09-25,[{octicon}`shield` analysis](https://www.virustotal.com/gui/file/4b3e43e19f9ad6e161c43324763f8644efdba33562db66a0a42d22dab0f246ed)
[`4.19.0` {octicon}`link-external`](https://github.com/kdeldycke/repomatic/releases/tag/v4.19.0),[{octicon}`download` `linux-arm64`](https://github.com/kdeldycke/repomatic/releases/download/v4.19.0/gha-utils-linux-arm64.bin),2025-09-25,[{octicon}`shield` analysis](https://www.virustotal.com/gui/file/90c8703a9cae946e032ad07343fc0360374b4ac3f7614177d0ffc88b9adf9e5f)
[`4.19.0` {octicon}`link-external`](https://github.com/kdeldycke/repomatic/releases/tag/v4.19.0),[{octicon}`download` `linux-x64`](https://github.com/kdeldycke/repomatic/releases/download/v4.19.0/gha-utils-linux-x64.bin),2025-09-25,[{octicon}`shield` analysis](https://www.virustotal.com/gui/file/a90e34fd4cdb8d689559a2f0353e84aa160e4aa6a351cc9c126e823403085138)
[`4.19.0` {octicon}`link-external`](https://github.com/kdeldycke/repomatic/releases/tag/v4.19.0),[{octicon}`download` `macos-arm64`](https://github.com/kdeldycke/repomatic/releases/download/v4.19.0/gha-utils-macos-arm64.bin),2025-09-25,[{octicon}`shield` analysis](https://www.virustotal.com/gui/file/d404e7f074699826aafda348ccf4b6c86421eabfd146f85939dabfb2340519dc)
[`4.19.0` {octicon}`link-external`](https://github.com/kdeldycke/repomatic/releases/tag/v4.19.0),[{octicon}`download` `macos-x64`](https://github.com/kdeldycke/repomatic/releases/download/v4.19.0/gha-utils-macos-x64.bin),2025-09-25,[{octicon}`shield` analysis](https://www.virustotal.com/gui/file/1e44d010af9aace63b46a1d62711b170e1abc01bc33c1c046bfff70f35806c6c)
[`4.19.0` {octicon}`link-external`](https://github.com/kdeldycke/repomatic/releases/tag/v4.19.0),[{octicon}`download` `windows-arm64`](https://github.com/kdeldycke/repomatic/releases/download/v4.19.0/gha-utils-windows-arm64.exe),2025-09-25,[{octicon}`shield` analysis](https://www.virustotal.com/gui/file/bcdbc736618149668aa7f6735f0cf42aa322a32ed7704e24a6256a73bf2a48ca)
[`4.19.0` {octicon}`link-external`](https://github.com/kdeldycke/repomatic/releases/tag/v4.19.0),[{octicon}`download` `windows-x64`](https://github.com/kdeldycke/repomatic/releases/download/v4.19.0/gha-utils-windows-x64.exe),2025-09-25,[{octicon}`shield` analysis](https://www.virustotal.com/gui/file/04dd9db9c12292c70755507130e767c8de5a8276dba4983f366bf236d2de1d6b)
[`4.18.1` {octicon}`link-external`](https://github.com/kdeldycke/repomatic/releases/tag/v4.18.1),[{octicon}`download` `linux-arm64`](https://github.com/kdeldycke/repomatic/releases/download/v4.18.1/gha-utils-linux-arm64.bin),2025-08-18,[{octicon}`shield` analysis](https://www.virustotal.com/gui/file/cc336ac89e771f45ff3d75a3c3c9093e17b1952845849f1cfa595e2bc2536e0a)
[`4.18.1` {octicon}`link-external`](https://github.com/kdeldycke/repomatic/releases/tag/v4.18.1),[{octicon}`download` `linux-x64`](https://github.com/kdeldycke/repomatic/releases/download/v4.18.1/gha-utils-linux-x64.bin),2025-08-18,[{octicon}`shield` analysis](https://www.virustotal.com/gui/file/b9443a90cafa7174a13df2da09c7458dfa896b4814919f6fc47d384eb39b9322)
[`4.18.1` {octicon}`link-external`](https://github.com/kdeldycke/repomatic/releases/tag/v4.18.1),[{octicon}`download` `macos-arm64`](https://github.com/kdeldycke/repomatic/releases/download/v4.18.1/gha-utils-macos-arm64.bin),2025-08-18,[{octicon}`shield` analysis](https://www.virustotal.com/gui/file/b022304bceb175b394be14d617c70aaaff4447a086e043ecfcebfcdb6743c21e)
[`4.18.1` {octicon}`link-external`](https://github.com/kdeldycke/repomatic/releases/tag/v4.18.1),[{octicon}`download` `macos-x64`](https://github.com/kdeldycke/repomatic/releases/download/v4.18.1/gha-utils-macos-x64.bin),2025-08-18,[{octicon}`shield` analysis](https://www.virustotal.com/gui/file/f820365a48e9b6841719a7894b162e1694d09ce25fc5690d8bd5ee7b5077a9c8)
[`4.18.1` {octicon}`link-external`](https://github.com/kdeldycke/repomatic/releases/tag/v4.18.1),[{octicon}`download` `windows-arm64`](https://github.com/kdeldycke/repomatic/releases/download/v4.18.1/gha-utils-windows-arm64.exe),2025-08-18,[{octicon}`shield` analysis](https://www.virustotal.com/gui/file/b7e359b95c619d4c2fbfb0863bb13ac0be75a18c2d4816624c78628336b6aef8)
[`4.18.1` {octicon}`link-external`](https://github.com/kdeldycke/repomatic/releases/tag/v4.18.1),[{octicon}`download` `windows-x64`](https://github.com/kdeldycke/repomatic/releases/download/v4.18.1/gha-utils-windows-x64.exe),2025-08-18,[{octicon}`shield` analysis](https://www.virustotal.com/gui/file/a34933962fd2746a56a6f5497be63e26c38ee4038ba1e06d496b9b628d0c47d7)
[`4.18.0` {octicon}`link-external`](https://github.com/kdeldycke/repomatic/releases/tag/v4.18.0),[{octicon}`download` `linux-arm64`](https://github.com/kdeldycke/repomatic/releases/download/v4.18.0/gha-utils-linux-arm64.bin),2025-08-17,[{octicon}`shield` analysis](https://www.virustotal.com/gui/file/9d3f31721fc5d5356535e869523be55bbe605fca01f7926ea612494b856dec67)
[`4.18.0` {octicon}`link-external`](https://github.com/kdeldycke/repomatic/releases/tag/v4.18.0),[{octicon}`download` `linux-x64`](https://github.com/kdeldycke/repomatic/releases/download/v4.18.0/gha-utils-linux-x64.bin),2025-08-17,[{octicon}`shield` analysis](https://www.virustotal.com/gui/file/d23a1772341d8717bd10f36b978c32b1874dcec93ef7ba8ebd1beda310e0c51f)
[`4.18.0` {octicon}`link-external`](https://github.com/kdeldycke/repomatic/releases/tag/v4.18.0),[{octicon}`download` `macos-arm64`](https://github.com/kdeldycke/repomatic/releases/download/v4.18.0/gha-utils-macos-arm64.bin),2025-08-17,[{octicon}`shield` analysis](https://www.virustotal.com/gui/file/4a7ef904ded08a23c09a1d0b499eb0d84052573a628c0c5e19fa1c53952578ff)
[`4.18.0` {octicon}`link-external`](https://github.com/kdeldycke/repomatic/releases/tag/v4.18.0),[{octicon}`download` `macos-x64`](https://github.com/kdeldycke/repomatic/releases/download/v4.18.0/gha-utils-macos-x64.bin),2025-08-17,[{octicon}`shield` analysis](https://www.virustotal.com/gui/file/8fe459d9c60d1050d445f9f4e36a3da62278fd48f57d2c099b5c76119f93cc47)
[`4.18.0` {octicon}`link-external`](https://github.com/kdeldycke/repomatic/releases/tag/v4.18.0),[{octicon}`download` `windows-arm64`](https://github.com/kdeldycke/repomatic/releases/download/v4.18.0/gha-utils-windows-arm64.exe),2025-08-17,[{octicon}`shield` analysis](https://www.virustotal.com/gui/file/57b464688e136b565b9331b66466cbfa20218723594c542cd5b84d21ff563f4b)
[`4.18.0` {octicon}`link-external`](https://github.com/kdeldycke/repomatic/releases/tag/v4.18.0),[{octicon}`download` `windows-x64`](https://github.com/kdeldycke/repomatic/releases/download/v4.18.0/gha-utils-windows-x64.exe),2025-08-17,[{octicon}`shield` analysis](https://www.virustotal.com/gui/file/10a9ad5ae8393bc44b9bc4c9493068ad5c448beb267cbfa0f874ff74a62f00b6)
[`4.17.9` {octicon}`link-external`](https://github.com/kdeldycke/repomatic/releases/tag/v4.17.9),[{octicon}`download` `linux-arm64`](https://github.com/kdeldycke/repomatic/releases/download/v4.17.9/gha-utils-linux-arm64.bin),2025-07-17,[{octicon}`shield` analysis](https://www.virustotal.com/gui/file/a1e8221ea2254c9111d2a68ceef37988a463d5f1d1db5750891254839e1d7116)
[`4.17.9` {octicon}`link-external`](https://github.com/kdeldycke/repomatic/releases/tag/v4.17.9),[{octicon}`download` `linux-x64`](https://github.com/kdeldycke/repomatic/releases/download/v4.17.9/gha-utils-linux-x64.bin),2025-07-17,[{octicon}`shield` analysis](https://www.virustotal.com/gui/file/4b70cc15b4399bb6eac3f8fbce88875794544ae496202435c3b63bcc815ccf1c)
[`4.17.9` {octicon}`link-external`](https://github.com/kdeldycke/repomatic/releases/tag/v4.17.9),[{octicon}`download` `macos-arm64`](https://github.com/kdeldycke/repomatic/releases/download/v4.17.9/gha-utils-macos-arm64.bin),2025-07-17,[{octicon}`shield` analysis](https://www.virustotal.com/gui/file/7266e29a71466afe367da62822da650e100e6f2dc5d5c932f83f09de18845ca8)
[`4.17.9` {octicon}`link-external`](https://github.com/kdeldycke/repomatic/releases/tag/v4.17.9),[{octicon}`download` `macos-x64`](https://github.com/kdeldycke/repomatic/releases/download/v4.17.9/gha-utils-macos-x64.bin),2025-07-17,[{octicon}`shield` analysis](https://www.virustotal.com/gui/file/999b659ad26f29860bee6a96e6f5b3fb63cc648bca092eefe5a3101ea3e1efae)
[`4.17.9` {octicon}`link-external`](https://github.com/kdeldycke/repomatic/releases/tag/v4.17.9),[{octicon}`download` `windows-arm64`](https://github.com/kdeldycke/repomatic/releases/download/v4.17.9/gha-utils-windows-arm64.exe),2025-07-17,[{octicon}`shield` analysis](https://www.virustotal.com/gui/file/fef6ff26b13a9925c8c5878ab4455937658d7cd9a85778782351ee47a7567751)
[`4.17.9` {octicon}`link-external`](https://github.com/kdeldycke/repomatic/releases/tag/v4.17.9),[{octicon}`download` `windows-x64`](https://github.com/kdeldycke/repomatic/releases/download/v4.17.9/gha-utils-windows-x64.exe),2025-07-17,[{octicon}`shield` analysis](https://www.virustotal.com/gui/file/139a18e7be16f7f928858f097f004141ad87072f8c7b8b1a40667fcb2abb5f18)
[`4.17.8` {octicon}`link-external`](https://github.com/kdeldycke/repomatic/releases/tag/v4.17.8),[{octicon}`download` `linux-arm64`](https://github.com/kdeldycke/repomatic/releases/download/v4.17.8/gha-utils-linux-arm64.bin),2025-07-17,[{octicon}`shield` analysis](https://www.virustotal.com/gui/file/24dcad98ee12e6f3b21eda5e48fd34ce71b9fefd9bd8207cc75d88c17b574ed9)
[`4.17.8` {octicon}`link-external`](https://github.com/kdeldycke/repomatic/releases/tag/v4.17.8),[{octicon}`download` `linux-x64`](https://github.com/kdeldycke/repomatic/releases/download/v4.17.8/gha-utils-linux-x64.bin),2025-07-17,[{octicon}`shield` analysis](https://www.virustotal.com/gui/file/25c1be3210e29ce20499536cb89384ecb27f404d03d9a424bab9545fac6b6c1a)
[`4.17.8` {octicon}`link-external`](https://github.com/kdeldycke/repomatic/releases/tag/v4.17.8),[{octicon}`download` `macos-arm64`](https://github.com/kdeldycke/repomatic/releases/download/v4.17.8/gha-utils-macos-arm64.bin),2025-07-17,[{octicon}`shield` analysis](https://www.virustotal.com/gui/file/fa31550f3e8d3bd1af4db9a57a098e95ef09c2fe65fe9f65bebf8d329bc8a50c)
[`4.17.8` {octicon}`link-external`](https://github.com/kdeldycke/repomatic/releases/tag/v4.17.8),[{octicon}`download` `macos-x64`](https://github.com/kdeldycke/repomatic/releases/download/v4.17.8/gha-utils-macos-x64.bin),2025-07-17,[{octicon}`shield` analysis](https://www.virustotal.com/gui/file/be72f0c3a41cabd2c0a35e069e8a9ce674192f3f58e496aebe703bbd5a090a60)
[`4.17.8` {octicon}`link-external`](https://github.com/kdeldycke/repomatic/releases/tag/v4.17.8),[{octicon}`download` `windows-arm64`](https://github.com/kdeldycke/repomatic/releases/download/v4.17.8/gha-utils-windows-arm64.exe),2025-07-17,[{octicon}`shield` analysis](https://www.virustotal.com/gui/file/fbb94f860a41a71ec6aacca07fb9989e963c85ac671e27077c64566e117d2b3e)
[`4.17.8` {octicon}`link-external`](https://github.com/kdeldycke/repomatic/releases/tag/v4.17.8),[{octicon}`download` `windows-x64`](https://github.com/kdeldycke/repomatic/releases/download/v4.17.8/gha-utils-windows-x64.exe),2025-07-17,[{octicon}`shield` analysis](https://www.virustotal.com/gui/file/df6cbb5305c3e10264f1877bd4ab4d9c857e00eb9c179784a808916487f8f1e3)
[`4.17.7` {octicon}`link-external`](https://github.com/kdeldycke/repomatic/releases/tag/v4.17.7),[{octicon}`download` `linux-arm64`](https://github.com/kdeldycke/repomatic/releases/download/v4.17.7/gha-utils-linux-arm64.bin),2025-07-17,[{octicon}`shield` analysis](https://www.virustotal.com/gui/file/b6ec4fa8f933125a9982a6d48e6e5828031dd21b3186cd1cd95caf1992df8852)
[`4.17.7` {octicon}`link-external`](https://github.com/kdeldycke/repomatic/releases/tag/v4.17.7),[{octicon}`download` `linux-x64`](https://github.com/kdeldycke/repomatic/releases/download/v4.17.7/gha-utils-linux-x64.bin),2025-07-17,[{octicon}`shield` analysis](https://www.virustotal.com/gui/file/8d78b30f80ad8d2d2050a1157c6e10fb8609292fc2cc7f133407ccefe992ff97)
[`4.17.7` {octicon}`link-external`](https://github.com/kdeldycke/repomatic/releases/tag/v4.17.7),[{octicon}`download` `macos-arm64`](https://github.com/kdeldycke/repomatic/releases/download/v4.17.7/gha-utils-macos-arm64.bin),2025-07-17,[{octicon}`shield` analysis](https://www.virustotal.com/gui/file/ecb09a171e09eceea2e3711ab0760d293c51c2d7205498dd84aae9edd7cbf526)
[`4.17.7` {octicon}`link-external`](https://github.com/kdeldycke/repomatic/releases/tag/v4.17.7),[{octicon}`download` `macos-x64`](https://github.com/kdeldycke/repomatic/releases/download/v4.17.7/gha-utils-macos-x64.bin),2025-07-17,[{octicon}`shield` analysis](https://www.virustotal.com/gui/file/bda230a5dad329d29237eb327368f36ac0cda1568b103a6fe863b185a03b318c)
[`4.17.7` {octicon}`link-external`](https://github.com/kdeldycke/repomatic/releases/tag/v4.17.7),[{octicon}`download` `windows-arm64`](https://github.com/kdeldycke/repomatic/releases/download/v4.17.7/gha-utils-windows-arm64.exe),2025-07-17,[{octicon}`shield` analysis](https://www.virustotal.com/gui/file/34602a3cf73854106e4fa97cf8692168a8bf64a58af53ff72b5de1a5eb7c73b5)
[`4.17.7` {octicon}`link-external`](https://github.com/kdeldycke/repomatic/releases/tag/v4.17.7),[{octicon}`download` `windows-x64`](https://github.com/kdeldycke/repomatic/releases/download/v4.17.7/gha-utils-windows-x64.exe),2025-07-17,[{octicon}`shield` analysis](https://www.virustotal.com/gui/file/852b55cd383ecdaabba8aad272a2e62fbad447907952b14a458260cc298fe6ff)
[`4.17.6` {octicon}`link-external`](https://github.com/kdeldycke/repomatic/releases/tag/v4.17.6),[{octicon}`download` `linux-arm64`](https://github.com/kdeldycke/repomatic/releases/download/v4.17.6/gha-utils-linux-arm64.bin),2025-07-17,[{octicon}`shield` analysis](https://www.virustotal.com/gui/file/ea9666ca28233734d9cc7c6230186dc2c372678dafb0cee6471c2b0efe870673)
[`4.17.6` {octicon}`link-external`](https://github.com/kdeldycke/repomatic/releases/tag/v4.17.6),[{octicon}`download` `linux-x64`](https://github.com/kdeldycke/repomatic/releases/download/v4.17.6/gha-utils-linux-x64.bin),2025-07-17,[{octicon}`shield` analysis](https://www.virustotal.com/gui/file/9eda3ca0b699e9c21647e53cdb614af502f842be6242242c33f57005a715485c)
[`4.17.6` {octicon}`link-external`](https://github.com/kdeldycke/repomatic/releases/tag/v4.17.6),[{octicon}`download` `macos-arm64`](https://github.com/kdeldycke/repomatic/releases/download/v4.17.6/gha-utils-macos-arm64.bin),2025-07-17,[{octicon}`shield` analysis](https://www.virustotal.com/gui/file/969b0c7ca984772af32b8f666241558bd0905295f95740ef17971b1560908295)
[`4.17.6` {octicon}`link-external`](https://github.com/kdeldycke/repomatic/releases/tag/v4.17.6),[{octicon}`download` `macos-x64`](https://github.com/kdeldycke/repomatic/releases/download/v4.17.6/gha-utils-macos-x64.bin),2025-07-17,[{octicon}`shield` analysis](https://www.virustotal.com/gui/file/26d6303261f6b9ce3211416f18aa2124e49d2ffd1524dfb57d0c28b1884e3098)
[`4.17.6` {octicon}`link-external`](https://github.com/kdeldycke/repomatic/releases/tag/v4.17.6),[{octicon}`download` `windows-arm64`](https://github.com/kdeldycke/repomatic/releases/download/v4.17.6/gha-utils-windows-arm64.exe),2025-07-17,[{octicon}`shield` analysis](https://www.virustotal.com/gui/file/9abe4f44f02914c4bcf39e38ece7c5742cbeeedd6fd601e5f90105ba575658e0)
[`4.17.6` {octicon}`link-external`](https://github.com/kdeldycke/repomatic/releases/tag/v4.17.6),[{octicon}`download` `windows-x64`](https://github.com/kdeldycke/repomatic/releases/download/v4.17.6/gha-utils-windows-x64.exe),2025-07-17,[{octicon}`shield` analysis](https://www.virustotal.com/gui/file/18f786c610dfe84aed7d568015a83d2c29011187c8ebcbde255cbd24a1bed145)
[`4.17.5` {octicon}`link-external`](https://github.com/kdeldycke/repomatic/releases/tag/v4.17.5),[{octicon}`download` `linux-arm64`](https://github.com/kdeldycke/repomatic/releases/download/v4.17.5/gha-utils-linux-arm64.bin),2025-06-26,[{octicon}`shield` analysis](https://www.virustotal.com/gui/file/b8a299de4b6aafb9c98e643a8c9bddc2bb8ee2d18c406e4a71b876cd7a73a97f)
[`4.17.5` {octicon}`link-external`](https://github.com/kdeldycke/repomatic/releases/tag/v4.17.5),[{octicon}`download` `linux-x64`](https://github.com/kdeldycke/repomatic/releases/download/v4.17.5/gha-utils-linux-x64.bin),2025-06-26,[{octicon}`shield` analysis](https://www.virustotal.com/gui/file/1c84ca1d76d5f9552af7402b39dd3494ec3c9c620b94b8b89de08b4022f01417)
[`4.17.5` {octicon}`link-external`](https://github.com/kdeldycke/repomatic/releases/tag/v4.17.5),[{octicon}`download` `macos-arm64`](https://github.com/kdeldycke/repomatic/releases/download/v4.17.5/gha-utils-macos-arm64.bin),2025-06-26,[{octicon}`shield` analysis](https://www.virustotal.com/gui/file/e0b1462a160feab86018228096dc1fbe426abb1e232a35d82e8f09f831a42fb2)
[`4.17.5` {octicon}`link-external`](https://github.com/kdeldycke/repomatic/releases/tag/v4.17.5),[{octicon}`download` `macos-x64`](https://github.com/kdeldycke/repomatic/releases/download/v4.17.5/gha-utils-macos-x64.bin),2025-06-26,[{octicon}`shield` analysis](https://www.virustotal.com/gui/file/9c3d5d415007445f498347038113839f6146a76692b769434ed459530f8b5968)
[`4.17.5` {octicon}`link-external`](https://github.com/kdeldycke/repomatic/releases/tag/v4.17.5),[{octicon}`download` `windows-arm64`](https://github.com/kdeldycke/repomatic/releases/download/v4.17.5/gha-utils-windows-arm64.exe),2025-06-26,[{octicon}`shield` analysis](https://www.virustotal.com/gui/file/4fab829debdad7e81c49d3c0b9443c28f9af239d43b5bc52915a5673394726a4)
[`4.17.5` {octicon}`link-external`](https://github.com/kdeldycke/repomatic/releases/tag/v4.17.5),[{octicon}`download` `windows-x64`](https://github.com/kdeldycke/repomatic/releases/download/v4.17.5/gha-utils-windows-x64.exe),2025-06-26,[{octicon}`shield` analysis](https://www.virustotal.com/gui/file/2fef7cfb6d6b5879c9806bfe3f1675de94c44fd52baed2af6c431b5f9572e4eb)
[`4.17.4` {octicon}`link-external`](https://github.com/kdeldycke/repomatic/releases/tag/v4.17.4),[{octicon}`download` `linux-arm64`](https://github.com/kdeldycke/repomatic/releases/download/v4.17.4/gha-utils-linux-arm64.bin),2025-06-20,[{octicon}`shield` analysis](https://www.virustotal.com/gui/file/679a18f245033c6fb28cdd8450ac18e21a32319e10274a22cd69cf7aecbbdfb0)
[`4.17.4` {octicon}`link-external`](https://github.com/kdeldycke/repomatic/releases/tag/v4.17.4),[{octicon}`download` `linux-x64`](https://github.com/kdeldycke/repomatic/releases/download/v4.17.4/gha-utils-linux-x64.bin),2025-06-20,[{octicon}`shield` analysis](https://www.virustotal.com/gui/file/4ac7d4e2ad347ac61dd63e53cda467f9afc70b04b7f120e38d62ad81d839d319)
[`4.17.4` {octicon}`link-external`](https://github.com/kdeldycke/repomatic/releases/tag/v4.17.4),[{octicon}`download` `macos-arm64`](https://github.com/kdeldycke/repomatic/releases/download/v4.17.4/gha-utils-macos-arm64.bin),2025-06-20,[{octicon}`shield` analysis](https://www.virustotal.com/gui/file/d98db131b34e2fb3233cfea0e4c50a8ae0fc2d59e38b201f3e7d95aa180e4de2)
[`4.17.4` {octicon}`link-external`](https://github.com/kdeldycke/repomatic/releases/tag/v4.17.4),[{octicon}`download` `macos-x64`](https://github.com/kdeldycke/repomatic/releases/download/v4.17.4/gha-utils-macos-x64.bin),2025-06-20,[{octicon}`shield` analysis](https://www.virustotal.com/gui/file/4fb9f858eb9b581252803c6ce3d9e33c967ec828e3f98c87b750916a034678f2)
[`4.17.4` {octicon}`link-external`](https://github.com/kdeldycke/repomatic/releases/tag/v4.17.4),[{octicon}`download` `windows-arm64`](https://github.com/kdeldycke/repomatic/releases/download/v4.17.4/gha-utils-windows-arm64.exe),2025-06-20,[{octicon}`shield` analysis](https://www.virustotal.com/gui/file/fb3369108f3d854fb236e6e2c98ec0d45f82b5110f03759b3c1545061ad5bc38)
[`4.17.4` {octicon}`link-external`](https://github.com/kdeldycke/repomatic/releases/tag/v4.17.4),[{octicon}`download` `windows-x64`](https://github.com/kdeldycke/repomatic/releases/download/v4.17.4/gha-utils-windows-x64.exe),2025-06-20,[{octicon}`shield` analysis](https://www.virustotal.com/gui/file/0795610039a0352895f08fd720c53a37e212fff7b0d338d106e6d5af4a537635)
[`4.17.3` {octicon}`link-external`](https://github.com/kdeldycke/repomatic/releases/tag/v4.17.3),[{octicon}`download` `linux-arm64`](https://github.com/kdeldycke/repomatic/releases/download/v4.17.3/gha-utils-linux-arm64.bin),2025-06-08,[{octicon}`shield` analysis](https://www.virustotal.com/gui/file/5717f9855d061b2ba721a6956d9688468eb9591b30dda8eb1c95efe9dcecd837)
[`4.17.3` {octicon}`link-external`](https://github.com/kdeldycke/repomatic/releases/tag/v4.17.3),[{octicon}`download` `linux-x64`](https://github.com/kdeldycke/repomatic/releases/download/v4.17.3/gha-utils-linux-x64.bin),2025-06-08,[{octicon}`shield` analysis](https://www.virustotal.com/gui/file/d8ca6ddaf56ead5432848c08eaf7ddd718051b71ae7010658db2969abf96289c)
[`4.17.3` {octicon}`link-external`](https://github.com/kdeldycke/repomatic/releases/tag/v4.17.3),[{octicon}`download` `macos-arm64`](https://github.com/kdeldycke/repomatic/releases/download/v4.17.3/gha-utils-macos-arm64.bin),2025-06-08,[{octicon}`shield` analysis](https://www.virustotal.com/gui/file/8f4fbeae3f7cd9bf754d35de3e5fa49160c555ce6aaa095c9663600e8b3ebd46)
[`4.17.3` {octicon}`link-external`](https://github.com/kdeldycke/repomatic/releases/tag/v4.17.3),[{octicon}`download` `macos-x64`](https://github.com/kdeldycke/repomatic/releases/download/v4.17.3/gha-utils-macos-x64.bin),2025-06-08,[{octicon}`shield` analysis](https://www.virustotal.com/gui/file/3db54d9fbd11250a618bcfbccc783935486339f862ea44dca39759ca9ec83a58)
[`4.17.3` {octicon}`link-external`](https://github.com/kdeldycke/repomatic/releases/tag/v4.17.3),[{octicon}`download` `windows-arm64`](https://github.com/kdeldycke/repomatic/releases/download/v4.17.3/gha-utils-windows-arm64.exe),2025-06-08,[{octicon}`shield` analysis](https://www.virustotal.com/gui/file/29a61e4af55dfeaa86249e702b609f529a70cf85513062578a6d0f3083c8b005)
[`4.17.3` {octicon}`link-external`](https://github.com/kdeldycke/repomatic/releases/tag/v4.17.3),[{octicon}`download` `windows-x64`](https://github.com/kdeldycke/repomatic/releases/download/v4.17.3/gha-utils-windows-x64.exe),2025-06-08,[{octicon}`shield` analysis](https://www.virustotal.com/gui/file/937a992a71ebb184f3a3c3b496bb44e83f99ffdda24e9f28d16b766f9a7592df)
[`4.17.2` {octicon}`link-external`](https://github.com/kdeldycke/repomatic/releases/tag/v4.17.2),[{octicon}`download` `linux-arm64`](https://github.com/kdeldycke/repomatic/releases/download/v4.17.2/gha-utils-linux-arm64.bin),2025-06-08,[{octicon}`shield` analysis](https://www.virustotal.com/gui/file/b028720e128ad1251f5c1b72ec7ea6c77fa0b1024db87a99a273ec87f92db352)
[`4.17.2` {octicon}`link-external`](https://github.com/kdeldycke/repomatic/releases/tag/v4.17.2),[{octicon}`download` `linux-x64`](https://github.com/kdeldycke/repomatic/releases/download/v4.17.2/gha-utils-linux-x64.bin),2025-06-08,[{octicon}`shield` analysis](https://www.virustotal.com/gui/file/9574191126525a5382bc3a1c5dd4c55b7e731c26d9c715a482be5d9ec5a98943)
[`4.17.2` {octicon}`link-external`](https://github.com/kdeldycke/repomatic/releases/tag/v4.17.2),[{octicon}`download` `macos-arm64`](https://github.com/kdeldycke/repomatic/releases/download/v4.17.2/gha-utils-macos-arm64.bin),2025-06-08,[{octicon}`shield` analysis](https://www.virustotal.com/gui/file/95b68e3151a4f3bc72d293176644e7732a7d092e7a73fa2c5b1201ebdaa189ab)
[`4.17.2` {octicon}`link-external`](https://github.com/kdeldycke/repomatic/releases/tag/v4.17.2),[{octicon}`download` `macos-x64`](https://github.com/kdeldycke/repomatic/releases/download/v4.17.2/gha-utils-macos-x64.bin),2025-06-08,[{octicon}`shield` analysis](https://www.virustotal.com/gui/file/b63cd6cce1e3d6f3fdf592da0fea1245a8ba97545f284244a2ff62bc6a0c7dd8)
[`4.17.2` {octicon}`link-external`](https://github.com/kdeldycke/repomatic/releases/tag/v4.17.2),[{octicon}`download` `windows-arm64`](https://github.com/kdeldycke/repomatic/releases/download/v4.17.2/gha-utils-windows-arm64.exe),2025-06-08,[{octicon}`shield` analysis](https://www.virustotal.com/gui/file/d1b93f748a57fb2f3410feba2f8d77c602b76a631ba9bace6fded1e0006dbe19)
[`4.17.2` {octicon}`link-external`](https://github.com/kdeldycke/repomatic/releases/tag/v4.17.2),[{octicon}`download` `windows-x64`](https://github.com/kdeldycke/repomatic/releases/download/v4.17.2/gha-utils-windows-x64.exe),2025-06-08,[{octicon}`shield` analysis](https://www.virustotal.com/gui/file/b3cd996996dc86003c9ce4b3003121a18c916d20f35adb60e152f66c3570606a)
[`4.17.1` {octicon}`link-external`](https://github.com/kdeldycke/repomatic/releases/tag/v4.17.1),[{octicon}`download` `linux-arm64`](https://github.com/kdeldycke/repomatic/releases/download/v4.17.1/gha-utils-linux-arm64.bin),2025-05-27,
[`4.17.1` {octicon}`link-external`](https://github.com/kdeldycke/repomatic/releases/tag/v4.17.1),[{octicon}`download` `linux-x64`](https://github.com/kdeldycke/repomatic/releases/download/v4.17.1/gha-utils-linux-x64.bin),2025-05-27,
[`4.17.1` {octicon}`link-external`](https://github.com/kdeldycke/repomatic/releases/tag/v4.17.1),[{octicon}`download` `macos-arm64`](https://github.com/kdeldycke/repomatic/releases/download/v4.17.1/gha-utils-macos-arm64.bin),2025-05-27,
[`4.17.1` {octicon}`link-external`](https://github.com/kdeldycke/repomatic/releases/tag/v4.17.1),[{octicon}`download` `macos-x64`](https://github.com/kdeldycke/repomatic/releases/download/v4.17.1/gha-utils-macos-x64.bin),2025-05-27,
[`4.17.1` {octicon}`link-external`](https://github.com/kdeldycke/repomatic/releases/tag/v4.17.1),[{octicon}`download` `windows-arm64`](https://github.com/kdeldycke/repomatic/releases/download/v4.17.1/gha-utils-windows-arm64.exe),2025-05-27,
[`4.17.1` {octicon}`link-external`](https://github.com/kdeldycke/repomatic/releases/tag/v4.17.1),[{octicon}`download` `windows-x64`](https://github.com/kdeldycke/repomatic/releases/download/v4.17.1/gha-utils-windows-x64.exe),2025-05-27,
[`4.17.0` {octicon}`link-external`](https://github.com/kdeldycke/repomatic/releases/tag/v4.17.0),[{octicon}`download` `linux-arm64`](https://github.com/kdeldycke/repomatic/releases/download/v4.17.0/gha-utils-linux-arm64.bin),2025-05-27,
[`4.17.0` {octicon}`link-external`](https://github.com/kdeldycke/repomatic/releases/tag/v4.17.0),[{octicon}`download` `linux-x64`](https://github.com/kdeldycke/repomatic/releases/download/v4.17.0/gha-utils-linux-x64.bin),2025-05-27,
[`4.17.0` {octicon}`link-external`](https://github.com/kdeldycke/repomatic/releases/tag/v4.17.0),[{octicon}`download` `macos-arm64`](https://github.com/kdeldycke/repomatic/releases/download/v4.17.0/gha-utils-macos-arm64.bin),2025-05-27,
[`4.17.0` {octicon}`link-external`](https://github.com/kdeldycke/repomatic/releases/tag/v4.17.0),[{octicon}`download` `macos-x64`](https://github.com/kdeldycke/repomatic/releases/download/v4.17.0/gha-utils-macos-x64.bin),2025-05-27,
[`4.17.0` {octicon}`link-external`](https://github.com/kdeldycke/repomatic/releases/tag/v4.17.0),[{octicon}`download` `windows-arm64`](https://github.com/kdeldycke/repomatic/releases/download/v4.17.0/gha-utils-windows-arm64.exe),2025-05-27,
[`4.17.0` {octicon}`link-external`](https://github.com/kdeldycke/repomatic/releases/tag/v4.17.0),[{octicon}`download` `windows-x64`](https://github.com/kdeldycke/repomatic/releases/download/v4.17.0/gha-utils-windows-x64.exe),2025-05-27,
[`4.16.7` {octicon}`link-external`](https://github.com/kdeldycke/repomatic/releases/tag/v4.16.7),[{octicon}`download` `linux-arm64`](https://github.com/kdeldycke/repomatic/releases/download/v4.16.7/gha-utils-linux-arm64.bin),2025-05-24,
[`4.16.7` {octicon}`link-external`](https://github.com/kdeldycke/repomatic/releases/tag/v4.16.7),[{octicon}`download` `linux-x64`](https://github.com/kdeldycke/repomatic/releases/download/v4.16.7/gha-utils-linux-x64.bin),2025-05-24,
[`4.16.7` {octicon}`link-external`](https://github.com/kdeldycke/repomatic/releases/tag/v4.16.7),[{octicon}`download` `macos-arm64`](https://github.com/kdeldycke/repomatic/releases/download/v4.16.7/gha-utils-macos-arm64.bin),2025-05-24,
[`4.16.7` {octicon}`link-external`](https://github.com/kdeldycke/repomatic/releases/tag/v4.16.7),[{octicon}`download` `macos-x64`](https://github.com/kdeldycke/repomatic/releases/download/v4.16.7/gha-utils-macos-x64.bin),2025-05-24,
[`4.16.7` {octicon}`link-external`](https://github.com/kdeldycke/repomatic/releases/tag/v4.16.7),[{octicon}`download` `windows-arm64`](https://github.com/kdeldycke/repomatic/releases/download/v4.16.7/gha-utils-windows-arm64.exe),2025-05-24,
[`4.16.7` {octicon}`link-external`](https://github.com/kdeldycke/repomatic/releases/tag/v4.16.7),[{octicon}`download` `windows-x64`](https://github.com/kdeldycke/repomatic/releases/download/v4.16.7/gha-utils-windows-x64.exe),2025-05-24,
[`4.16.6` {octicon}`link-external`](https://github.com/kdeldycke/repomatic/releases/tag/v4.16.6),[{octicon}`download` `linux-arm64`](https://github.com/kdeldycke/repomatic/releases/download/v4.16.6/gha-utils-linux-arm64.bin),2025-05-24,
[`4.16.6` {octicon}`link-external`](https://github.com/kdeldycke/repomatic/releases/tag/v4.16.6),[{octicon}`download` `linux-x64`](https://github.com/kdeldycke/repomatic/releases/download/v4.16.6/gha-utils-linux-x64.bin),2025-05-24,
[`4.16.6` {octicon}`link-external`](https://github.com/kdeldycke/repomatic/releases/tag/v4.16.6),[{octicon}`download` `macos-arm64`](https://github.com/kdeldycke/repomatic/releases/download/v4.16.6/gha-utils-macos-arm64.bin),2025-05-24,
[`4.16.6` {octicon}`link-external`](https://github.com/kdeldycke/repomatic/releases/tag/v4.16.6),[{octicon}`download` `macos-x64`](https://github.com/kdeldycke/repomatic/releases/download/v4.16.6/gha-utils-macos-x64.bin),2025-05-24,
[`4.16.6` {octicon}`link-external`](https://github.com/kdeldycke/repomatic/releases/tag/v4.16.6),[{octicon}`download` `windows-arm64`](https://github.com/kdeldycke/repomatic/releases/download/v4.16.6/gha-utils-windows-arm64.exe),2025-05-24,
[`4.16.6` {octicon}`link-external`](https://github.com/kdeldycke/repomatic/releases/tag/v4.16.6),[{octicon}`download` `windows-x64`](https://github.com/kdeldycke/repomatic/releases/download/v4.16.6/gha-utils-windows-x64.exe),2025-05-24,
[`4.16.5` {octicon}`link-external`](https://github.com/kdeldycke/repomatic/releases/tag/v4.16.5),[{octicon}`download` `linux-arm64`](https://github.com/kdeldycke/repomatic/releases/download/v4.16.5/gha-utils-linux-arm64.bin),2025-05-19,
[`4.16.5` {octicon}`link-external`](https://github.com/kdeldycke/repomatic/releases/tag/v4.16.5),[{octicon}`download` `linux-x64`](https://github.com/kdeldycke/repomatic/releases/download/v4.16.5/gha-utils-linux-x64.bin),2025-05-19,
[`4.16.5` {octicon}`link-external`](https://github.com/kdeldycke/repomatic/releases/tag/v4.16.5),[{octicon}`download` `macos-arm64`](https://github.com/kdeldycke/repomatic/releases/download/v4.16.5/gha-utils-macos-arm64.bin),2025-05-19,
[`4.16.5` {octicon}`link-external`](https://github.com/kdeldycke/repomatic/releases/tag/v4.16.5),[{octicon}`download` `macos-x64`](https://github.com/kdeldycke/repomatic/releases/download/v4.16.5/gha-utils-macos-x64.bin),2025-05-19,
[`4.16.5` {octicon}`link-external`](https://github.com/kdeldycke/repomatic/releases/tag/v4.16.5),[{octicon}`download` `windows-arm64`](https://github.com/kdeldycke/repomatic/releases/download/v4.16.5/gha-utils-windows-arm64.exe),2025-05-19,
[`4.16.5` {octicon}`link-external`](https://github.com/kdeldycke/repomatic/releases/tag/v4.16.5),[{octicon}`download` `windows-x64`](https://github.com/kdeldycke/repomatic/releases/download/v4.16.5/gha-utils-windows-x64.exe),2025-05-19,
[`4.16.4` {octicon}`link-external`](https://github.com/kdeldycke/repomatic/releases/tag/v4.16.4),[{octicon}`download` `linux-arm64`](https://github.com/kdeldycke/repomatic/releases/download/v4.16.4/gha-utils-linux-arm64.bin),2025-05-18,
[`4.16.4` {octicon}`link-external`](https://github.com/kdeldycke/repomatic/releases/tag/v4.16.4),[{octicon}`download` `linux-x64`](https://github.com/kdeldycke/repomatic/releases/download/v4.16.4/gha-utils-linux-x64.bin),2025-05-18,
[`4.16.4` {octicon}`link-external`](https://github.com/kdeldycke/repomatic/releases/tag/v4.16.4),[{octicon}`download` `macos-arm64`](https://github.com/kdeldycke/repomatic/releases/download/v4.16.4/gha-utils-macos-arm64.bin),2025-05-18,
[`4.16.4` {octicon}`link-external`](https://github.com/kdeldycke/repomatic/releases/tag/v4.16.4),[{octicon}`download` `macos-x64`](https://github.com/kdeldycke/repomatic/releases/download/v4.16.4/gha-utils-macos-x64.bin),2025-05-18,
[`4.16.4` {octicon}`link-external`](https://github.com/kdeldycke/repomatic/releases/tag/v4.16.4),[{octicon}`download` `windows-arm64`](https://github.com/kdeldycke/repomatic/releases/download/v4.16.4/gha-utils-windows-arm64.exe),2025-05-18,
[`4.16.4` {octicon}`link-external`](https://github.com/kdeldycke/repomatic/releases/tag/v4.16.4),[{octicon}`download` `windows-x64`](https://github.com/kdeldycke/repomatic/releases/download/v4.16.4/gha-utils-windows-x64.exe),2025-05-18,
[`4.16.3` {octicon}`link-external`](https://github.com/kdeldycke/repomatic/releases/tag/v4.16.3),[{octicon}`download` `linux-arm64`](https://github.com/kdeldycke/repomatic/releases/download/v4.16.3/gha-utils-linux-arm64.bin),2025-05-13,
[`4.16.3` {octicon}`link-external`](https://github.com/kdeldycke/repomatic/releases/tag/v4.16.3),[{octicon}`download` `linux-x64`](https://github.com/kdeldycke/repomatic/releases/download/v4.16.3/gha-utils-linux-x64.bin),2025-05-13,
[`4.16.3` {octicon}`link-external`](https://github.com/kdeldycke/repomatic/releases/tag/v4.16.3),[{octicon}`download` `macos-arm64`](https://github.com/kdeldycke/repomatic/releases/download/v4.16.3/gha-utils-macos-arm64.bin),2025-05-13,
[`4.16.3` {octicon}`link-external`](https://github.com/kdeldycke/repomatic/releases/tag/v4.16.3),[{octicon}`download` `macos-x64`](https://github.com/kdeldycke/repomatic/releases/download/v4.16.3/gha-utils-macos-x64.bin),2025-05-13,
[`4.16.3` {octicon}`link-external`](https://github.com/kdeldycke/repomatic/releases/tag/v4.16.3),[{octicon}`download` `windows-arm64`](https://github.com/kdeldycke/repomatic/releases/download/v4.16.3/gha-utils-windows-arm64.exe),2025-05-13,
[`4.16.3` {octicon}`link-external`](https://github.com/kdeldycke/repomatic/releases/tag/v4.16.3),[{octicon}`download` `windows-x64`](https://github.com/kdeldycke/repomatic/releases/download/v4.16.3/gha-utils-windows-x64.exe),2025-05-13,
[`4.16.1` {octicon}`link-external`](https://github.com/kdeldycke/repomatic/releases/tag/v4.16.1),[{octicon}`download` `linux-arm64`](https://github.com/kdeldycke/repomatic/releases/download/v4.16.1/gha-utils-linux-arm64.bin),2025-04-26,
[`4.16.1` {octicon}`link-external`](https://github.com/kdeldycke/repomatic/releases/tag/v4.16.1),[{octicon}`download` `linux-x64`](https://github.com/kdeldycke/repomatic/releases/download/v4.16.1/gha-utils-linux-x64.bin),2025-04-26,
[`4.16.1` {octicon}`link-external`](https://github.com/kdeldycke/repomatic/releases/tag/v4.16.1),[{octicon}`download` `macos-arm64`](https://github.com/kdeldycke/repomatic/releases/download/v4.16.1/gha-utils-macos-arm64.bin),2025-04-26,
[`4.16.1` {octicon}`link-external`](https://github.com/kdeldycke/repomatic/releases/tag/v4.16.1),[{octicon}`download` `macos-x64`](https://github.com/kdeldycke/repomatic/releases/download/v4.16.1/gha-utils-macos-x64.bin),2025-04-26,
[`4.16.1` {octicon}`link-external`](https://github.com/kdeldycke/repomatic/releases/tag/v4.16.1),[{octicon}`download` `windows-arm64`](https://github.com/kdeldycke/repomatic/releases/download/v4.16.1/gha-utils-windows-arm64.exe),2025-04-26,
[`4.16.1` {octicon}`link-external`](https://github.com/kdeldycke/repomatic/releases/tag/v4.16.1),[{octicon}`download` `windows-x64`](https://github.com/kdeldycke/repomatic/releases/download/v4.16.1/gha-utils-windows-x64.exe),2025-04-26,
[`4.16.0` {octicon}`link-external`](https://github.com/kdeldycke/repomatic/releases/tag/v4.16.0),[{octicon}`download` `linux-arm64`](https://github.com/kdeldycke/repomatic/releases/download/v4.16.0/gha-utils-linux-arm64.bin),2025-04-26,
[`4.16.0` {octicon}`link-external`](https://github.com/kdeldycke/repomatic/releases/tag/v4.16.0),[{octicon}`download` `linux-x64`](https://github.com/kdeldycke/repomatic/releases/download/v4.16.0/gha-utils-linux-x64.bin),2025-04-26,
[`4.16.0` {octicon}`link-external`](https://github.com/kdeldycke/repomatic/releases/tag/v4.16.0),[{octicon}`download` `macos-arm64`](https://github.com/kdeldycke/repomatic/releases/download/v4.16.0/gha-utils-macos-arm64.bin),2025-04-26,
[`4.16.0` {octicon}`link-external`](https://github.com/kdeldycke/repomatic/releases/tag/v4.16.0),[{octicon}`download` `macos-x64`](https://github.com/kdeldycke/repomatic/releases/download/v4.16.0/gha-utils-macos-x64.bin),2025-04-26,
[`4.16.0` {octicon}`link-external`](https://github.com/kdeldycke/repomatic/releases/tag/v4.16.0),[{octicon}`download` `windows-x64`](https://github.com/kdeldycke/repomatic/releases/download/v4.16.0/gha-utils-windows-x64.exe),2025-04-26,
[`4.15.6` {octicon}`link-external`](https://github.com/kdeldycke/repomatic/releases/tag/v4.15.6),[{octicon}`download` `linux-arm64`](https://github.com/kdeldycke/repomatic/releases/download/v4.15.6/gha-utils-linux-arm64.bin),2025-04-20,
[`4.15.6` {octicon}`link-external`](https://github.com/kdeldycke/repomatic/releases/tag/v4.15.6),[{octicon}`download` `linux-x64`](https://github.com/kdeldycke/repomatic/releases/download/v4.15.6/gha-utils-linux-x64.bin),2025-04-20,
[`4.15.6` {octicon}`link-external`](https://github.com/kdeldycke/repomatic/releases/tag/v4.15.6),[{octicon}`download` `macos-arm64`](https://github.com/kdeldycke/repomatic/releases/download/v4.15.6/gha-utils-macos-arm64.bin),2025-04-20,
[`4.15.6` {octicon}`link-external`](https://github.com/kdeldycke/repomatic/releases/tag/v4.15.6),[{octicon}`download` `macos-x64`](https://github.com/kdeldycke/repomatic/releases/download/v4.15.6/gha-utils-macos-x64.bin),2025-04-20,
[`4.15.6` {octicon}`link-external`](https://github.com/kdeldycke/repomatic/releases/tag/v4.15.6),[{octicon}`download` `windows-x64`](https://github.com/kdeldycke/repomatic/releases/download/v4.15.6/gha-utils-windows-x64.exe),2025-04-20,
[`4.15.5` {octicon}`link-external`](https://github.com/kdeldycke/repomatic/releases/tag/v4.15.5),[{octicon}`download` `linux-arm64`](https://github.com/kdeldycke/repomatic/releases/download/v4.15.5/gha-utils-linux-arm64.bin),2025-03-13,
[`4.15.5` {octicon}`link-external`](https://github.com/kdeldycke/repomatic/releases/tag/v4.15.5),[{octicon}`download` `linux-x64`](https://github.com/kdeldycke/repomatic/releases/download/v4.15.5/gha-utils-linux-x64.bin),2025-03-13,
[`4.15.5` {octicon}`link-external`](https://github.com/kdeldycke/repomatic/releases/tag/v4.15.5),[{octicon}`download` `macos-arm64`](https://github.com/kdeldycke/repomatic/releases/download/v4.15.5/gha-utils-macos-arm64.bin),2025-03-13,
[`4.15.5` {octicon}`link-external`](https://github.com/kdeldycke/repomatic/releases/tag/v4.15.5),[{octicon}`download` `macos-x64`](https://github.com/kdeldycke/repomatic/releases/download/v4.15.5/gha-utils-macos-x64.bin),2025-03-13,
[`4.15.5` {octicon}`link-external`](https://github.com/kdeldycke/repomatic/releases/tag/v4.15.5),[{octicon}`download` `windows-x64`](https://github.com/kdeldycke/repomatic/releases/download/v4.15.5/gha-utils-windows-x64.exe),2025-03-13,
[`4.15.4` {octicon}`link-external`](https://github.com/kdeldycke/repomatic/releases/tag/v4.15.4),[{octicon}`download` `linux-arm64`](https://github.com/kdeldycke/repomatic/releases/download/v4.15.4/gha-utils-linux-arm64.bin),2025-03-13,
[`4.15.4` {octicon}`link-external`](https://github.com/kdeldycke/repomatic/releases/tag/v4.15.4),[{octicon}`download` `linux-x64`](https://github.com/kdeldycke/repomatic/releases/download/v4.15.4/gha-utils-linux-x64.bin),2025-03-13,
[`4.15.4` {octicon}`link-external`](https://github.com/kdeldycke/repomatic/releases/tag/v4.15.4),[{octicon}`download` `macos-arm64`](https://github.com/kdeldycke/repomatic/releases/download/v4.15.4/gha-utils-macos-arm64.bin),2025-03-13,
[`4.15.4` {octicon}`link-external`](https://github.com/kdeldycke/repomatic/releases/tag/v4.15.4),[{octicon}`download` `macos-x64`](https://github.com/kdeldycke/repomatic/releases/download/v4.15.4/gha-utils-macos-x64.bin),2025-03-13,
[`4.15.4` {octicon}`link-external`](https://github.com/kdeldycke/repomatic/releases/tag/v4.15.4),[{octicon}`download` `windows-x64`](https://github.com/kdeldycke/repomatic/releases/download/v4.15.4/gha-utils-windows-x64.exe),2025-03-13,
[`4.15.3` {octicon}`link-external`](https://github.com/kdeldycke/repomatic/releases/tag/v4.15.3),[{octicon}`download` `linux-arm64`](https://github.com/kdeldycke/repomatic/releases/download/v4.15.3/gha-utils-linux-arm64.bin),2025-03-12,
[`4.15.3` {octicon}`link-external`](https://github.com/kdeldycke/repomatic/releases/tag/v4.15.3),[{octicon}`download` `linux-x64`](https://github.com/kdeldycke/repomatic/releases/download/v4.15.3/gha-utils-linux-x64.bin),2025-03-12,
[`4.15.3` {octicon}`link-external`](https://github.com/kdeldycke/repomatic/releases/tag/v4.15.3),[{octicon}`download` `macos-arm64`](https://github.com/kdeldycke/repomatic/releases/download/v4.15.3/gha-utils-macos-arm64.bin),2025-03-12,
[`4.15.3` {octicon}`link-external`](https://github.com/kdeldycke/repomatic/releases/tag/v4.15.3),[{octicon}`download` `macos-x64`](https://github.com/kdeldycke/repomatic/releases/download/v4.15.3/gha-utils-macos-x64.bin),2025-03-12,
[`4.15.3` {octicon}`link-external`](https://github.com/kdeldycke/repomatic/releases/tag/v4.15.3),[{octicon}`download` `windows-x64`](https://github.com/kdeldycke/repomatic/releases/download/v4.15.3/gha-utils-windows-x64.exe),2025-03-12,
[`4.15.2` {octicon}`link-external`](https://github.com/kdeldycke/repomatic/releases/tag/v4.15.2),[{octicon}`download` `linux-arm64`](https://github.com/kdeldycke/repomatic/releases/download/v4.15.2/gha-utils-linux-arm64.bin),2025-03-12,
[`4.15.2` {octicon}`link-external`](https://github.com/kdeldycke/repomatic/releases/tag/v4.15.2),[{octicon}`download` `linux-x64`](https://github.com/kdeldycke/repomatic/releases/download/v4.15.2/gha-utils-linux-x64.bin),2025-03-12,
[`4.15.2` {octicon}`link-external`](https://github.com/kdeldycke/repomatic/releases/tag/v4.15.2),[{octicon}`download` `macos-arm64`](https://github.com/kdeldycke/repomatic/releases/download/v4.15.2/gha-utils-macos-arm64.bin),2025-03-12,
[`4.15.2` {octicon}`link-external`](https://github.com/kdeldycke/repomatic/releases/tag/v4.15.2),[{octicon}`download` `macos-x64`](https://github.com/kdeldycke/repomatic/releases/download/v4.15.2/gha-utils-macos-x64.bin),2025-03-12,
[`4.15.2` {octicon}`link-external`](https://github.com/kdeldycke/repomatic/releases/tag/v4.15.2),[{octicon}`download` `windows-x64`](https://github.com/kdeldycke/repomatic/releases/download/v4.15.2/gha-utils-windows-x64.exe),2025-03-12,
[`4.15.1` {octicon}`link-external`](https://github.com/kdeldycke/repomatic/releases/tag/v4.15.1),[{octicon}`download` `linux-arm64`](https://github.com/kdeldycke/repomatic/releases/download/v4.15.1/gha-utils-linux-arm64.bin),2025-03-10,
[`4.15.1` {octicon}`link-external`](https://github.com/kdeldycke/repomatic/releases/tag/v4.15.1),[{octicon}`download` `linux-x64`](https://github.com/kdeldycke/repomatic/releases/download/v4.15.1/gha-utils-linux-x64.bin),2025-03-10,
[`4.15.1` {octicon}`link-external`](https://github.com/kdeldycke/repomatic/releases/tag/v4.15.1),[{octicon}`download` `macos-arm64`](https://github.com/kdeldycke/repomatic/releases/download/v4.15.1/gha-utils-macos-arm64.bin),2025-03-10,
[`4.15.1` {octicon}`link-external`](https://github.com/kdeldycke/repomatic/releases/tag/v4.15.1),[{octicon}`download` `macos-x64`](https://github.com/kdeldycke/repomatic/releases/download/v4.15.1/gha-utils-macos-x64.bin),2025-03-10,
[`4.15.1` {octicon}`link-external`](https://github.com/kdeldycke/repomatic/releases/tag/v4.15.1),[{octicon}`download` `windows-x64`](https://github.com/kdeldycke/repomatic/releases/download/v4.15.1/gha-utils-windows-x64.exe),2025-03-10,
[`4.15.0` {octicon}`link-external`](https://github.com/kdeldycke/repomatic/releases/tag/v4.15.0),[{octicon}`download` `linux-arm64`](https://github.com/kdeldycke/repomatic/releases/download/v4.15.0/gha-utils-linux-arm64.bin),2025-03-05,
[`4.15.0` {octicon}`link-external`](https://github.com/kdeldycke/repomatic/releases/tag/v4.15.0),[{octicon}`download` `linux-x64`](https://github.com/kdeldycke/repomatic/releases/download/v4.15.0/gha-utils-linux-x64.bin),2025-03-05,
[`4.15.0` {octicon}`link-external`](https://github.com/kdeldycke/repomatic/releases/tag/v4.15.0),[{octicon}`download` `macos-arm64`](https://github.com/kdeldycke/repomatic/releases/download/v4.15.0/gha-utils-macos-arm64.bin),2025-03-05,
[`4.15.0` {octicon}`link-external`](https://github.com/kdeldycke/repomatic/releases/tag/v4.15.0),[{octicon}`download` `macos-x64`](https://github.com/kdeldycke/repomatic/releases/download/v4.15.0/gha-utils-macos-x64.bin),2025-03-05,
[`4.15.0` {octicon}`link-external`](https://github.com/kdeldycke/repomatic/releases/tag/v4.15.0),[{octicon}`download` `windows-x64`](https://github.com/kdeldycke/repomatic/releases/download/v4.15.0/gha-utils-windows-x64.exe),2025-03-05,
[`4.14.2` {octicon}`link-external`](https://github.com/kdeldycke/repomatic/releases/tag/v4.14.2),[{octicon}`download` `linux-arm64`](https://github.com/kdeldycke/repomatic/releases/download/v4.14.2/gha-utils-linux-arm64.bin),2025-02-19,
[`4.14.2` {octicon}`link-external`](https://github.com/kdeldycke/repomatic/releases/tag/v4.14.2),[{octicon}`download` `linux-x64`](https://github.com/kdeldycke/repomatic/releases/download/v4.14.2/gha-utils-linux-x64.bin),2025-02-19,
[`4.14.2` {octicon}`link-external`](https://github.com/kdeldycke/repomatic/releases/tag/v4.14.2),[{octicon}`download` `macos-arm64`](https://github.com/kdeldycke/repomatic/releases/download/v4.14.2/gha-utils-macos-arm64.bin),2025-02-19,
[`4.14.2` {octicon}`link-external`](https://github.com/kdeldycke/repomatic/releases/tag/v4.14.2),[{octicon}`download` `macos-x64`](https://github.com/kdeldycke/repomatic/releases/download/v4.14.2/gha-utils-macos-x64.bin),2025-02-19,
[`4.14.2` {octicon}`link-external`](https://github.com/kdeldycke/repomatic/releases/tag/v4.14.2),[{octicon}`download` `windows-x64`](https://github.com/kdeldycke/repomatic/releases/download/v4.14.2/gha-utils-windows-x64.exe),2025-02-19,
[`4.14.0` {octicon}`link-external`](https://github.com/kdeldycke/repomatic/releases/tag/v4.14.0),[{octicon}`download` `linux-arm64`](https://github.com/kdeldycke/repomatic/releases/download/v4.14.0/gha-utils-linux-arm64.bin),2025-02-15,
[`4.14.0` {octicon}`link-external`](https://github.com/kdeldycke/repomatic/releases/tag/v4.14.0),[{octicon}`download` `linux-x64`](https://github.com/kdeldycke/repomatic/releases/download/v4.14.0/gha-utils-linux-x64.bin),2025-02-15,
[`4.14.0` {octicon}`link-external`](https://github.com/kdeldycke/repomatic/releases/tag/v4.14.0),[{octicon}`download` `macos-arm64`](https://github.com/kdeldycke/repomatic/releases/download/v4.14.0/gha-utils-macos-arm64.bin),2025-02-15,
[`4.14.0` {octicon}`link-external`](https://github.com/kdeldycke/repomatic/releases/tag/v4.14.0),[{octicon}`download` `macos-x64`](https://github.com/kdeldycke/repomatic/releases/download/v4.14.0/gha-utils-macos-x64.bin),2025-02-15,
[`4.14.0` {octicon}`link-external`](https://github.com/kdeldycke/repomatic/releases/tag/v4.14.0),[{octicon}`download` `windows-x64`](https://github.com/kdeldycke/repomatic/releases/download/v4.14.0/gha-utils-windows-x64.exe),2025-02-15,
[`4.13.4` {octicon}`link-external`](https://github.com/kdeldycke/repomatic/releases/tag/v4.13.4),[{octicon}`download` `linux-arm64`](https://github.com/kdeldycke/repomatic/releases/download/v4.13.4/gha-utils-linux-arm64.bin),2025-02-02,
[`4.13.4` {octicon}`link-external`](https://github.com/kdeldycke/repomatic/releases/tag/v4.13.4),[{octicon}`download` `linux-x64`](https://github.com/kdeldycke/repomatic/releases/download/v4.13.4/gha-utils-linux-x64.bin),2025-02-02,
[`4.13.4` {octicon}`link-external`](https://github.com/kdeldycke/repomatic/releases/tag/v4.13.4),[{octicon}`download` `macos-arm64`](https://github.com/kdeldycke/repomatic/releases/download/v4.13.4/gha-utils-macos-arm64.bin),2025-02-02,
[`4.13.4` {octicon}`link-external`](https://github.com/kdeldycke/repomatic/releases/tag/v4.13.4),[{octicon}`download` `macos-x64`](https://github.com/kdeldycke/repomatic/releases/download/v4.13.4/gha-utils-macos-x64.bin),2025-02-02,
[`4.13.4` {octicon}`link-external`](https://github.com/kdeldycke/repomatic/releases/tag/v4.13.4),[{octicon}`download` `windows-x64`](https://github.com/kdeldycke/repomatic/releases/download/v4.13.4/gha-utils-windows-x64.exe),2025-02-02,
[`4.13.3` {octicon}`link-external`](https://github.com/kdeldycke/repomatic/releases/tag/v4.13.3),[{octicon}`download` `linux-arm64`](https://github.com/kdeldycke/repomatic/releases/download/v4.13.3/gha-utils-linux-arm64.bin),2025-01-29,
[`4.13.3` {octicon}`link-external`](https://github.com/kdeldycke/repomatic/releases/tag/v4.13.3),[{octicon}`download` `linux-x64`](https://github.com/kdeldycke/repomatic/releases/download/v4.13.3/gha-utils-linux-x64.bin),2025-01-29,
[`4.13.3` {octicon}`link-external`](https://github.com/kdeldycke/repomatic/releases/tag/v4.13.3),[{octicon}`download` `macos-arm64`](https://github.com/kdeldycke/repomatic/releases/download/v4.13.3/gha-utils-macos-arm64.bin),2025-01-29,
[`4.13.3` {octicon}`link-external`](https://github.com/kdeldycke/repomatic/releases/tag/v4.13.3),[{octicon}`download` `macos-x64`](https://github.com/kdeldycke/repomatic/releases/download/v4.13.3/gha-utils-macos-x64.bin),2025-01-29,
[`4.13.3` {octicon}`link-external`](https://github.com/kdeldycke/repomatic/releases/tag/v4.13.3),[{octicon}`download` `windows-x64`](https://github.com/kdeldycke/repomatic/releases/download/v4.13.3/gha-utils-windows-x64.exe),2025-01-29,
[`4.13.2` {octicon}`link-external`](https://github.com/kdeldycke/repomatic/releases/tag/v4.13.2),[{octicon}`download` `linux-arm64`](https://github.com/kdeldycke/repomatic/releases/download/v4.13.2/gha-utils-linux-arm64.bin),2025-01-28,
[`4.13.2` {octicon}`link-external`](https://github.com/kdeldycke/repomatic/releases/tag/v4.13.2),[{octicon}`download` `linux-x64`](https://github.com/kdeldycke/repomatic/releases/download/v4.13.2/gha-utils-linux-x64.bin),2025-01-28,
[`4.13.2` {octicon}`link-external`](https://github.com/kdeldycke/repomatic/releases/tag/v4.13.2),[{octicon}`download` `macos-arm64`](https://github.com/kdeldycke/repomatic/releases/download/v4.13.2/gha-utils-macos-arm64.bin),2025-01-28,
[`4.13.2` {octicon}`link-external`](https://github.com/kdeldycke/repomatic/releases/tag/v4.13.2),[{octicon}`download` `macos-x64`](https://github.com/kdeldycke/repomatic/releases/download/v4.13.2/gha-utils-macos-x64.bin),2025-01-28,
[`4.13.2` {octicon}`link-external`](https://github.com/kdeldycke/repomatic/releases/tag/v4.13.2),[{octicon}`download` `windows-x64`](https://github.com/kdeldycke/repomatic/releases/download/v4.13.2/gha-utils-windows-x64.exe),2025-01-28,
[`4.13.1` {octicon}`link-external`](https://github.com/kdeldycke/repomatic/releases/tag/v4.13.1),[{octicon}`download` `linux-arm64`](https://github.com/kdeldycke/repomatic/releases/download/v4.13.1/gha-utils-linux-arm64.bin),2025-01-28,
[`4.13.1` {octicon}`link-external`](https://github.com/kdeldycke/repomatic/releases/tag/v4.13.1),[{octicon}`download` `linux-x64`](https://github.com/kdeldycke/repomatic/releases/download/v4.13.1/gha-utils-linux-x64.bin),2025-01-28,
[`4.13.1` {octicon}`link-external`](https://github.com/kdeldycke/repomatic/releases/tag/v4.13.1),[{octicon}`download` `macos-arm64`](https://github.com/kdeldycke/repomatic/releases/download/v4.13.1/gha-utils-macos-arm64.bin),2025-01-28,
[`4.13.1` {octicon}`link-external`](https://github.com/kdeldycke/repomatic/releases/tag/v4.13.1),[{octicon}`download` `macos-x64`](https://github.com/kdeldycke/repomatic/releases/download/v4.13.1/gha-utils-macos-x64.bin),2025-01-28,
[`4.13.1` {octicon}`link-external`](https://github.com/kdeldycke/repomatic/releases/tag/v4.13.1),[{octicon}`download` `windows-x64`](https://github.com/kdeldycke/repomatic/releases/download/v4.13.1/gha-utils-windows-x64.exe),2025-01-28,
[`4.13.0` {octicon}`link-external`](https://github.com/kdeldycke/repomatic/releases/tag/v4.13.0),[{octicon}`download` `linux-arm64`](https://github.com/kdeldycke/repomatic/releases/download/v4.13.0/gha-utils-linux-arm64.bin),2025-01-21,
[`4.13.0` {octicon}`link-external`](https://github.com/kdeldycke/repomatic/releases/tag/v4.13.0),[{octicon}`download` `linux-x64`](https://github.com/kdeldycke/repomatic/releases/download/v4.13.0/gha-utils-linux-x64.bin),2025-01-21,
[`4.13.0` {octicon}`link-external`](https://github.com/kdeldycke/repomatic/releases/tag/v4.13.0),[{octicon}`download` `macos-arm64`](https://github.com/kdeldycke/repomatic/releases/download/v4.13.0/gha-utils-macos-arm64.bin),2025-01-21,
[`4.13.0` {octicon}`link-external`](https://github.com/kdeldycke/repomatic/releases/tag/v4.13.0),[{octicon}`download` `macos-x64`](https://github.com/kdeldycke/repomatic/releases/download/v4.13.0/gha-utils-macos-x64.bin),2025-01-21,
[`4.13.0` {octicon}`link-external`](https://github.com/kdeldycke/repomatic/releases/tag/v4.13.0),[{octicon}`download` `windows-x64`](https://github.com/kdeldycke/repomatic/releases/download/v4.13.0/gha-utils-windows-x64.exe),2025-01-21,
[`4.12.0` {octicon}`link-external`](https://github.com/kdeldycke/repomatic/releases/tag/v4.12.0),[{octicon}`download` `linux-arm64`](https://github.com/kdeldycke/repomatic/releases/download/v4.12.0/gha-utils-linux-arm64.bin),2025-01-20,
[`4.12.0` {octicon}`link-external`](https://github.com/kdeldycke/repomatic/releases/tag/v4.12.0),[{octicon}`download` `linux-x64`](https://github.com/kdeldycke/repomatic/releases/download/v4.12.0/gha-utils-linux-x64.bin),2025-01-20,
[`4.12.0` {octicon}`link-external`](https://github.com/kdeldycke/repomatic/releases/tag/v4.12.0),[{octicon}`download` `macos-arm64`](https://github.com/kdeldycke/repomatic/releases/download/v4.12.0/gha-utils-macos-arm64.bin),2025-01-20,
[`4.12.0` {octicon}`link-external`](https://github.com/kdeldycke/repomatic/releases/tag/v4.12.0),[{octicon}`download` `macos-x64`](https://github.com/kdeldycke/repomatic/releases/download/v4.12.0/gha-utils-macos-x64.bin),2025-01-20,
[`4.12.0` {octicon}`link-external`](https://github.com/kdeldycke/repomatic/releases/tag/v4.12.0),[{octicon}`download` `windows-x64`](https://github.com/kdeldycke/repomatic/releases/download/v4.12.0/gha-utils-windows-x64.exe),2025-01-20,
[`4.11.1` {octicon}`link-external`](https://github.com/kdeldycke/repomatic/releases/tag/v4.11.1),[{octicon}`download` `linux-arm64`](https://github.com/kdeldycke/repomatic/releases/download/v4.11.1/gha-utils-linux-arm64.bin),2025-01-18,
[`4.11.1` {octicon}`link-external`](https://github.com/kdeldycke/repomatic/releases/tag/v4.11.1),[{octicon}`download` `linux-x64`](https://github.com/kdeldycke/repomatic/releases/download/v4.11.1/gha-utils-linux-x64.bin),2025-01-18,
[`4.11.1` {octicon}`link-external`](https://github.com/kdeldycke/repomatic/releases/tag/v4.11.1),[{octicon}`download` `macos-arm64`](https://github.com/kdeldycke/repomatic/releases/download/v4.11.1/gha-utils-macos-arm64.bin),2025-01-18,
[`4.11.1` {octicon}`link-external`](https://github.com/kdeldycke/repomatic/releases/tag/v4.11.1),[{octicon}`download` `macos-x64`](https://github.com/kdeldycke/repomatic/releases/download/v4.11.1/gha-utils-macos-x64.bin),2025-01-18,
[`4.11.1` {octicon}`link-external`](https://github.com/kdeldycke/repomatic/releases/tag/v4.11.1),[{octicon}`download` `windows-x64`](https://github.com/kdeldycke/repomatic/releases/download/v4.11.1/gha-utils-windows-x64.exe),2025-01-18,
[`4.11.0` {octicon}`link-external`](https://github.com/kdeldycke/repomatic/releases/tag/v4.11.0),[{octicon}`download` `linux-x64`](https://github.com/kdeldycke/repomatic/releases/download/v4.11.0/gha-utils-linux-x64.bin),2025-01-18,
[`4.11.0` {octicon}`link-external`](https://github.com/kdeldycke/repomatic/releases/tag/v4.11.0),[{octicon}`download` `macos-arm64`](https://github.com/kdeldycke/repomatic/releases/download/v4.11.0/gha-utils-macos-arm64.bin),2025-01-18,
[`4.11.0` {octicon}`link-external`](https://github.com/kdeldycke/repomatic/releases/tag/v4.11.0),[{octicon}`download` `macos-x64`](https://github.com/kdeldycke/repomatic/releases/download/v4.11.0/gha-utils-macos-x64.bin),2025-01-18,
[`4.11.0` {octicon}`link-external`](https://github.com/kdeldycke/repomatic/releases/tag/v4.11.0),[{octicon}`download` `windows-x64`](https://github.com/kdeldycke/repomatic/releases/download/v4.11.0/gha-utils-windows-x64.exe),2025-01-18,
[`4.10.1` {octicon}`link-external`](https://github.com/kdeldycke/repomatic/releases/tag/v4.10.1),[{octicon}`download` `linux-x64`](https://github.com/kdeldycke/repomatic/releases/download/v4.10.1/gha-utils-linux-x64.bin),2025-01-08,
[`4.10.1` {octicon}`link-external`](https://github.com/kdeldycke/repomatic/releases/tag/v4.10.1),[{octicon}`download` `macos-arm64`](https://github.com/kdeldycke/repomatic/releases/download/v4.10.1/gha-utils-macos-arm64.bin),2025-01-08,
[`4.10.1` {octicon}`link-external`](https://github.com/kdeldycke/repomatic/releases/tag/v4.10.1),[{octicon}`download` `macos-x64`](https://github.com/kdeldycke/repomatic/releases/download/v4.10.1/gha-utils-macos-x64.bin),2025-01-08,
[`4.10.1` {octicon}`link-external`](https://github.com/kdeldycke/repomatic/releases/tag/v4.10.1),[{octicon}`download` `windows-x64`](https://github.com/kdeldycke/repomatic/releases/download/v4.10.1/gha-utils-windows-x64.exe),2025-01-08,
[`4.10.0` {octicon}`link-external`](https://github.com/kdeldycke/repomatic/releases/tag/v4.10.0),[{octicon}`download` `linux-x64`](https://github.com/kdeldycke/repomatic/releases/download/v4.10.0/gha-utils-linux-x64.bin),2025-01-08,
[`4.10.0` {octicon}`link-external`](https://github.com/kdeldycke/repomatic/releases/tag/v4.10.0),[{octicon}`download` `macos-arm64`](https://github.com/kdeldycke/repomatic/releases/download/v4.10.0/gha-utils-macos-arm64.bin),2025-01-08,
[`4.10.0` {octicon}`link-external`](https://github.com/kdeldycke/repomatic/releases/tag/v4.10.0),[{octicon}`download` `macos-x64`](https://github.com/kdeldycke/repomatic/releases/download/v4.10.0/gha-utils-macos-x64.bin),2025-01-08,
[`4.10.0` {octicon}`link-external`](https://github.com/kdeldycke/repomatic/releases/tag/v4.10.0),[{octicon}`download` `windows-x64`](https://github.com/kdeldycke/repomatic/releases/download/v4.10.0/gha-utils-windows-x64.exe),2025-01-08,
[`4.8.4` {octicon}`link-external`](https://github.com/kdeldycke/repomatic/releases/tag/v4.8.4),[{octicon}`download` `linux-x64`](https://github.com/kdeldycke/repomatic/releases/download/v4.8.4/gha-utils-linux-x64.bin),2024-11-22,
[`4.8.4` {octicon}`link-external`](https://github.com/kdeldycke/repomatic/releases/tag/v4.8.4),[{octicon}`download` `macos-arm64`](https://github.com/kdeldycke/repomatic/releases/download/v4.8.4/gha-utils-macos-arm64.bin),2024-11-22,
[`4.8.4` {octicon}`link-external`](https://github.com/kdeldycke/repomatic/releases/tag/v4.8.4),[{octicon}`download` `macos-x64`](https://github.com/kdeldycke/repomatic/releases/download/v4.8.4/gha-utils-macos-x64.bin),2024-11-22,
[`4.8.4` {octicon}`link-external`](https://github.com/kdeldycke/repomatic/releases/tag/v4.8.4),[{octicon}`download` `windows-x64`](https://github.com/kdeldycke/repomatic/releases/download/v4.8.4/gha-utils-windows-x64.exe),2024-11-22,
[`4.8.3` {octicon}`link-external`](https://github.com/kdeldycke/repomatic/releases/tag/v4.8.3),[{octicon}`download` `linux-x64`](https://github.com/kdeldycke/repomatic/releases/download/v4.8.3/gha-utils-linux-x64.bin),2024-11-21,
[`4.8.3` {octicon}`link-external`](https://github.com/kdeldycke/repomatic/releases/tag/v4.8.3),[{octicon}`download` `macos-arm64`](https://github.com/kdeldycke/repomatic/releases/download/v4.8.3/gha-utils-macos-arm64.bin),2024-11-21,
[`4.8.3` {octicon}`link-external`](https://github.com/kdeldycke/repomatic/releases/tag/v4.8.3),[{octicon}`download` `macos-x64`](https://github.com/kdeldycke/repomatic/releases/download/v4.8.3/gha-utils-macos-x64.bin),2024-11-21,
[`4.8.3` {octicon}`link-external`](https://github.com/kdeldycke/repomatic/releases/tag/v4.8.3),[{octicon}`download` `windows-x64`](https://github.com/kdeldycke/repomatic/releases/download/v4.8.3/gha-utils-windows-x64.exe),2024-11-21,
[`4.8.2` {octicon}`link-external`](https://github.com/kdeldycke/repomatic/releases/tag/v4.8.2),[{octicon}`download` `linux-x64`](https://github.com/kdeldycke/repomatic/releases/download/v4.8.2/gha-utils-linux-x64.bin),2024-11-20,
[`4.8.2` {octicon}`link-external`](https://github.com/kdeldycke/repomatic/releases/tag/v4.8.2),[{octicon}`download` `macos-arm64`](https://github.com/kdeldycke/repomatic/releases/download/v4.8.2/gha-utils-macos-arm64.bin),2024-11-20,
[`4.8.2` {octicon}`link-external`](https://github.com/kdeldycke/repomatic/releases/tag/v4.8.2),[{octicon}`download` `macos-x64`](https://github.com/kdeldycke/repomatic/releases/download/v4.8.2/gha-utils-macos-x64.bin),2024-11-20,
[`4.8.2` {octicon}`link-external`](https://github.com/kdeldycke/repomatic/releases/tag/v4.8.2),[{octicon}`download` `windows-x64`](https://github.com/kdeldycke/repomatic/releases/download/v4.8.2/gha-utils-windows-x64.exe),2024-11-20,
[`4.8.1` {octicon}`link-external`](https://github.com/kdeldycke/repomatic/releases/tag/v4.8.1),[{octicon}`download` `linux-x64`](https://github.com/kdeldycke/repomatic/releases/download/v4.8.1/gha-utils-linux-x64.bin),2024-11-19,
[`4.8.1` {octicon}`link-external`](https://github.com/kdeldycke/repomatic/releases/tag/v4.8.1),[{octicon}`download` `macos-arm64`](https://github.com/kdeldycke/repomatic/releases/download/v4.8.1/gha-utils-macos-arm64.bin),2024-11-19,
[`4.8.1` {octicon}`link-external`](https://github.com/kdeldycke/repomatic/releases/tag/v4.8.1),[{octicon}`download` `macos-x64`](https://github.com/kdeldycke/repomatic/releases/download/v4.8.1/gha-utils-macos-x64.bin),2024-11-19,
[`4.8.1` {octicon}`link-external`](https://github.com/kdeldycke/repomatic/releases/tag/v4.8.1),[{octicon}`download` `windows-x64`](https://github.com/kdeldycke/repomatic/releases/download/v4.8.1/gha-utils-windows-x64.exe),2024-11-19,
[`4.7.2` {octicon}`link-external`](https://github.com/kdeldycke/repomatic/releases/tag/v4.7.2),[{octicon}`download` `linux-x64`](https://github.com/kdeldycke/repomatic/releases/download/v4.7.2/gha-utils-linux-x64.bin),2024-11-10,
[`4.7.2` {octicon}`link-external`](https://github.com/kdeldycke/repomatic/releases/tag/v4.7.2),[{octicon}`download` `macos-arm64`](https://github.com/kdeldycke/repomatic/releases/download/v4.7.2/gha-utils-macos-arm64.bin),2024-11-10,
[`4.7.2` {octicon}`link-external`](https://github.com/kdeldycke/repomatic/releases/tag/v4.7.2),[{octicon}`download` `macos-x64`](https://github.com/kdeldycke/repomatic/releases/download/v4.7.2/gha-utils-macos-x64.bin),2024-11-10,
[`4.7.2` {octicon}`link-external`](https://github.com/kdeldycke/repomatic/releases/tag/v4.7.2),[{octicon}`download` `windows-x64`](https://github.com/kdeldycke/repomatic/releases/download/v4.7.2/gha-utils-windows-x64.exe),2024-11-10,
[`4.7.1` {octicon}`link-external`](https://github.com/kdeldycke/repomatic/releases/tag/v4.7.1),[{octicon}`download` `linux-x64`](https://github.com/kdeldycke/repomatic/releases/download/v4.7.1/gha-utils-linux-x64.bin),2024-11-03,
[`4.7.1` {octicon}`link-external`](https://github.com/kdeldycke/repomatic/releases/tag/v4.7.1),[{octicon}`download` `macos-arm64`](https://github.com/kdeldycke/repomatic/releases/download/v4.7.1/gha-utils-macos-arm64.bin),2024-11-03,
[`4.7.1` {octicon}`link-external`](https://github.com/kdeldycke/repomatic/releases/tag/v4.7.1),[{octicon}`download` `macos-x64`](https://github.com/kdeldycke/repomatic/releases/download/v4.7.1/gha-utils-macos-x64.bin),2024-11-03,
[`4.7.1` {octicon}`link-external`](https://github.com/kdeldycke/repomatic/releases/tag/v4.7.1),[{octicon}`download` `windows-x64`](https://github.com/kdeldycke/repomatic/releases/download/v4.7.1/gha-utils-windows-x64.exe),2024-11-03,
[`4.7.0` {octicon}`link-external`](https://github.com/kdeldycke/repomatic/releases/tag/v4.7.0),[{octicon}`download` `linux-x64`](https://github.com/kdeldycke/repomatic/releases/download/v4.7.0/gha-utils-linux-x64.bin),2024-11-03,
[`4.7.0` {octicon}`link-external`](https://github.com/kdeldycke/repomatic/releases/tag/v4.7.0),[{octicon}`download` `macos-arm64`](https://github.com/kdeldycke/repomatic/releases/download/v4.7.0/gha-utils-macos-arm64.bin),2024-11-03,
[`4.7.0` {octicon}`link-external`](https://github.com/kdeldycke/repomatic/releases/tag/v4.7.0),[{octicon}`download` `macos-x64`](https://github.com/kdeldycke/repomatic/releases/download/v4.7.0/gha-utils-macos-x64.bin),2024-11-03,
[`4.7.0` {octicon}`link-external`](https://github.com/kdeldycke/repomatic/releases/tag/v4.7.0),[{octicon}`download` `windows-x64`](https://github.com/kdeldycke/repomatic/releases/download/v4.7.0/gha-utils-windows-x64.exe),2024-11-03,
[`4.6.1` {octicon}`link-external`](https://github.com/kdeldycke/repomatic/releases/tag/v4.6.1),[{octicon}`download` `linux-x64`](https://github.com/kdeldycke/repomatic/releases/download/v4.6.1/gha-utils-linux-x64.bin),2024-09-26,
[`4.6.1` {octicon}`link-external`](https://github.com/kdeldycke/repomatic/releases/tag/v4.6.1),[{octicon}`download` `macos-arm64`](https://github.com/kdeldycke/repomatic/releases/download/v4.6.1/gha-utils-macos-arm64.bin),2024-09-26,
[`4.6.1` {octicon}`link-external`](https://github.com/kdeldycke/repomatic/releases/tag/v4.6.1),[{octicon}`download` `macos-x64`](https://github.com/kdeldycke/repomatic/releases/download/v4.6.1/gha-utils-macos-x64.bin),2024-09-26,
[`4.6.1` {octicon}`link-external`](https://github.com/kdeldycke/repomatic/releases/tag/v4.6.1),[{octicon}`download` `windows-x64`](https://github.com/kdeldycke/repomatic/releases/download/v4.6.1/gha-utils-windows-x64.exe),2024-09-26,
[`4.6.0` {octicon}`link-external`](https://github.com/kdeldycke/repomatic/releases/tag/v4.6.0),[{octicon}`download` `linux-x64`](https://github.com/kdeldycke/repomatic/releases/download/v4.6.0/gha-utils-linux-x64.bin),2024-09-20,
[`4.6.0` {octicon}`link-external`](https://github.com/kdeldycke/repomatic/releases/tag/v4.6.0),[{octicon}`download` `macos-arm64`](https://github.com/kdeldycke/repomatic/releases/download/v4.6.0/gha-utils-macos-arm64.bin),2024-09-20,
[`4.6.0` {octicon}`link-external`](https://github.com/kdeldycke/repomatic/releases/tag/v4.6.0),[{octicon}`download` `macos-x64`](https://github.com/kdeldycke/repomatic/releases/download/v4.6.0/gha-utils-macos-x64.bin),2024-09-20,
[`4.6.0` {octicon}`link-external`](https://github.com/kdeldycke/repomatic/releases/tag/v4.6.0),[{octicon}`download` `windows-x64`](https://github.com/kdeldycke/repomatic/releases/download/v4.6.0/gha-utils-windows-x64.exe),2024-09-20,
[`4.5.4` {octicon}`link-external`](https://github.com/kdeldycke/repomatic/releases/tag/v4.5.4),[{octicon}`download` `linux-x64`](https://github.com/kdeldycke/repomatic/releases/download/v4.5.4/gha-utils-linux-x64.bin),2024-09-04,
[`4.5.4` {octicon}`link-external`](https://github.com/kdeldycke/repomatic/releases/tag/v4.5.4),[{octicon}`download` `macos-arm64`](https://github.com/kdeldycke/repomatic/releases/download/v4.5.4/gha-utils-macos-arm64.bin),2024-09-04,
[`4.5.4` {octicon}`link-external`](https://github.com/kdeldycke/repomatic/releases/tag/v4.5.4),[{octicon}`download` `macos-x64`](https://github.com/kdeldycke/repomatic/releases/download/v4.5.4/gha-utils-macos-x64.bin),2024-09-04,
[`4.5.4` {octicon}`link-external`](https://github.com/kdeldycke/repomatic/releases/tag/v4.5.4),[{octicon}`download` `windows-x64`](https://github.com/kdeldycke/repomatic/releases/download/v4.5.4/gha-utils-windows-x64.exe),2024-09-04,
[`4.5.3` {octicon}`link-external`](https://github.com/kdeldycke/repomatic/releases/tag/v4.5.3),[{octicon}`download` `linux-x64`](https://github.com/kdeldycke/repomatic/releases/download/v4.5.3/gha-utils-linux-x64.bin),2024-09-04,
[`4.5.3` {octicon}`link-external`](https://github.com/kdeldycke/repomatic/releases/tag/v4.5.3),[{octicon}`download` `macos-arm64`](https://github.com/kdeldycke/repomatic/releases/download/v4.5.3/gha-utils-macos-arm64.bin),2024-09-04,
[`4.5.3` {octicon}`link-external`](https://github.com/kdeldycke/repomatic/releases/tag/v4.5.3),[{octicon}`download` `macos-x64`](https://github.com/kdeldycke/repomatic/releases/download/v4.5.3/gha-utils-macos-x64.bin),2024-09-04,
[`4.5.3` {octicon}`link-external`](https://github.com/kdeldycke/repomatic/releases/tag/v4.5.3),[{octicon}`download` `windows-x64`](https://github.com/kdeldycke/repomatic/releases/download/v4.5.3/gha-utils-windows-x64.exe),2024-09-04,
[`4.5.2` {octicon}`link-external`](https://github.com/kdeldycke/repomatic/releases/tag/v4.5.2),[{octicon}`download` `linux-x64`](https://github.com/kdeldycke/repomatic/releases/download/v4.5.2/gha-utils-linux-x64.bin),2024-08-26,
[`4.5.2` {octicon}`link-external`](https://github.com/kdeldycke/repomatic/releases/tag/v4.5.2),[{octicon}`download` `macos-arm64`](https://github.com/kdeldycke/repomatic/releases/download/v4.5.2/gha-utils-macos-arm64.bin),2024-08-26,
[`4.5.2` {octicon}`link-external`](https://github.com/kdeldycke/repomatic/releases/tag/v4.5.2),[{octicon}`download` `macos-x64`](https://github.com/kdeldycke/repomatic/releases/download/v4.5.2/gha-utils-macos-x64.bin),2024-08-26,
[`4.5.2` {octicon}`link-external`](https://github.com/kdeldycke/repomatic/releases/tag/v4.5.2),[{octicon}`download` `windows-x64`](https://github.com/kdeldycke/repomatic/releases/download/v4.5.2/gha-utils-windows-x64.exe),2024-08-26,
[`4.5.1` {octicon}`link-external`](https://github.com/kdeldycke/repomatic/releases/tag/v4.5.1),[{octicon}`download` `linux-x64`](https://github.com/kdeldycke/repomatic/releases/download/v4.5.1/gha-utils-linux-x64.bin),2024-08-25,
[`4.5.1` {octicon}`link-external`](https://github.com/kdeldycke/repomatic/releases/tag/v4.5.1),[{octicon}`download` `macos-arm64`](https://github.com/kdeldycke/repomatic/releases/download/v4.5.1/gha-utils-macos-arm64.bin),2024-08-25,
[`4.5.1` {octicon}`link-external`](https://github.com/kdeldycke/repomatic/releases/tag/v4.5.1),[{octicon}`download` `macos-x64`](https://github.com/kdeldycke/repomatic/releases/download/v4.5.1/gha-utils-macos-x64.bin),2024-08-25,
[`4.5.1` {octicon}`link-external`](https://github.com/kdeldycke/repomatic/releases/tag/v4.5.1),[{octicon}`download` `windows-x64`](https://github.com/kdeldycke/repomatic/releases/download/v4.5.1/gha-utils-windows-x64.exe),2024-08-25,
[`4.5.0` {octicon}`link-external`](https://github.com/kdeldycke/repomatic/releases/tag/v4.5.0),[{octicon}`download` `linux-x64`](https://github.com/kdeldycke/repomatic/releases/download/v4.5.0/gha-utils-linux-x64.bin),2024-08-24,
[`4.5.0` {octicon}`link-external`](https://github.com/kdeldycke/repomatic/releases/tag/v4.5.0),[{octicon}`download` `macos-arm64`](https://github.com/kdeldycke/repomatic/releases/download/v4.5.0/gha-utils-macos-arm64.bin),2024-08-24,
[`4.5.0` {octicon}`link-external`](https://github.com/kdeldycke/repomatic/releases/tag/v4.5.0),[{octicon}`download` `macos-x64`](https://github.com/kdeldycke/repomatic/releases/download/v4.5.0/gha-utils-macos-x64.bin),2024-08-24,
[`4.5.0` {octicon}`link-external`](https://github.com/kdeldycke/repomatic/releases/tag/v4.5.0),[{octicon}`download` `windows-x64`](https://github.com/kdeldycke/repomatic/releases/download/v4.5.0/gha-utils-windows-x64.exe),2024-08-24,
[`4.4.5` {octicon}`link-external`](https://github.com/kdeldycke/repomatic/releases/tag/v4.4.5),[{octicon}`download` `linux-x64`](https://github.com/kdeldycke/repomatic/releases/download/v4.4.5/gha-utils-linux-x64.bin),2024-08-18,
[`4.4.5` {octicon}`link-external`](https://github.com/kdeldycke/repomatic/releases/tag/v4.4.5),[{octicon}`download` `macos-arm64`](https://github.com/kdeldycke/repomatic/releases/download/v4.4.5/gha-utils-macos-arm64.bin),2024-08-18,
[`4.4.5` {octicon}`link-external`](https://github.com/kdeldycke/repomatic/releases/tag/v4.4.5),[{octicon}`download` `macos-x64`](https://github.com/kdeldycke/repomatic/releases/download/v4.4.5/gha-utils-macos-x64.bin),2024-08-18,
[`4.4.5` {octicon}`link-external`](https://github.com/kdeldycke/repomatic/releases/tag/v4.4.5),[{octicon}`download` `windows-x64`](https://github.com/kdeldycke/repomatic/releases/download/v4.4.5/gha-utils-windows-x64.exe),2024-08-18,
[`4.4.4` {octicon}`link-external`](https://github.com/kdeldycke/repomatic/releases/tag/v4.4.4),[{octicon}`download` `linux-x64`](https://github.com/kdeldycke/repomatic/releases/download/v4.4.4/gha-utils-linux-x64.bin),2024-08-18,
[`4.4.4` {octicon}`link-external`](https://github.com/kdeldycke/repomatic/releases/tag/v4.4.4),[{octicon}`download` `macos-arm64`](https://github.com/kdeldycke/repomatic/releases/download/v4.4.4/gha-utils-macos-arm64.bin),2024-08-18,
[`4.4.4` {octicon}`link-external`](https://github.com/kdeldycke/repomatic/releases/tag/v4.4.4),[{octicon}`download` `macos-x64`](https://github.com/kdeldycke/repomatic/releases/download/v4.4.4/gha-utils-macos-x64.bin),2024-08-18,
[`4.4.4` {octicon}`link-external`](https://github.com/kdeldycke/repomatic/releases/tag/v4.4.4),[{octicon}`download` `windows-x64`](https://github.com/kdeldycke/repomatic/releases/download/v4.4.4/gha-utils-windows-x64.exe),2024-08-18,
[`4.4.3` {octicon}`link-external`](https://github.com/kdeldycke/repomatic/releases/tag/v4.4.3),[{octicon}`download` `linux-x64`](https://github.com/kdeldycke/repomatic/releases/download/v4.4.3/gha-utils-linux-x64.bin),2024-08-12,
[`4.4.3` {octicon}`link-external`](https://github.com/kdeldycke/repomatic/releases/tag/v4.4.3),[{octicon}`download` `macos-arm64`](https://github.com/kdeldycke/repomatic/releases/download/v4.4.3/gha-utils-macos-arm64.bin),2024-08-12,
[`4.4.3` {octicon}`link-external`](https://github.com/kdeldycke/repomatic/releases/tag/v4.4.3),[{octicon}`download` `macos-x64`](https://github.com/kdeldycke/repomatic/releases/download/v4.4.3/gha-utils-macos-x64.bin),2024-08-12,
[`4.4.3` {octicon}`link-external`](https://github.com/kdeldycke/repomatic/releases/tag/v4.4.3),[{octicon}`download` `windows-x64`](https://github.com/kdeldycke/repomatic/releases/download/v4.4.3/gha-utils-windows-x64.exe),2024-08-12,
[`4.4.2` {octicon}`link-external`](https://github.com/kdeldycke/repomatic/releases/tag/v4.4.2),[{octicon}`download` `linux-x64`](https://github.com/kdeldycke/repomatic/releases/download/v4.4.2/gha-utils-linux-x64.bin),2024-08-02,
[`4.4.2` {octicon}`link-external`](https://github.com/kdeldycke/repomatic/releases/tag/v4.4.2),[{octicon}`download` `macos-arm64`](https://github.com/kdeldycke/repomatic/releases/download/v4.4.2/gha-utils-macos-arm64.bin),2024-08-02,
[`4.4.2` {octicon}`link-external`](https://github.com/kdeldycke/repomatic/releases/tag/v4.4.2),[{octicon}`download` `macos-x64`](https://github.com/kdeldycke/repomatic/releases/download/v4.4.2/gha-utils-macos-x64.bin),2024-08-02,
[`4.4.2` {octicon}`link-external`](https://github.com/kdeldycke/repomatic/releases/tag/v4.4.2),[{octicon}`download` `windows-x64`](https://github.com/kdeldycke/repomatic/releases/download/v4.4.2/gha-utils-windows-x64.exe),2024-08-02,
[`4.4.1` {octicon}`link-external`](https://github.com/kdeldycke/repomatic/releases/tag/v4.4.1),[{octicon}`download` `linux-x64`](https://github.com/kdeldycke/repomatic/releases/download/v4.4.1/gha-utils-linux-x64.bin),2024-08-01,
[`4.4.1` {octicon}`link-external`](https://github.com/kdeldycke/repomatic/releases/tag/v4.4.1),[{octicon}`download` `macos-arm64`](https://github.com/kdeldycke/repomatic/releases/download/v4.4.1/gha-utils-macos-arm64.bin),2024-08-01,
[`4.4.1` {octicon}`link-external`](https://github.com/kdeldycke/repomatic/releases/tag/v4.4.1),[{octicon}`download` `macos-x64`](https://github.com/kdeldycke/repomatic/releases/download/v4.4.1/gha-utils-macos-x64.bin),2024-08-01,
[`4.4.1` {octicon}`link-external`](https://github.com/kdeldycke/repomatic/releases/tag/v4.4.1),[{octicon}`download` `windows-x64`](https://github.com/kdeldycke/repomatic/releases/download/v4.4.1/gha-utils-windows-x64.exe),2024-08-01,
[`4.4.0` {octicon}`link-external`](https://github.com/kdeldycke/repomatic/releases/tag/v4.4.0),[{octicon}`download` `linux-x64`](https://github.com/kdeldycke/repomatic/releases/download/v4.4.0/gha-utils-linux-x64.bin),2024-07-27,
[`4.4.0` {octicon}`link-external`](https://github.com/kdeldycke/repomatic/releases/tag/v4.4.0),[{octicon}`download` `macos-arm64`](https://github.com/kdeldycke/repomatic/releases/download/v4.4.0/gha-utils-macos-arm64.bin),2024-07-27,
[`4.4.0` {octicon}`link-external`](https://github.com/kdeldycke/repomatic/releases/tag/v4.4.0),[{octicon}`download` `macos-x64`](https://github.com/kdeldycke/repomatic/releases/download/v4.4.0/gha-utils-macos-x64.bin),2024-07-27,
[`4.4.0` {octicon}`link-external`](https://github.com/kdeldycke/repomatic/releases/tag/v4.4.0),[{octicon}`download` `windows-x64`](https://github.com/kdeldycke/repomatic/releases/download/v4.4.0/gha-utils-windows-x64.exe),2024-07-27,
[`4.3.4` {octicon}`link-external`](https://github.com/kdeldycke/repomatic/releases/tag/v4.3.4),[{octicon}`download` `linux-x64`](https://github.com/kdeldycke/repomatic/releases/download/v4.3.4/gha-utils-linux-x64.bin),2024-07-24,
[`4.3.4` {octicon}`link-external`](https://github.com/kdeldycke/repomatic/releases/tag/v4.3.4),[{octicon}`download` `macos-arm64`](https://github.com/kdeldycke/repomatic/releases/download/v4.3.4/gha-utils-macos-arm64.bin),2024-07-24,
[`4.3.4` {octicon}`link-external`](https://github.com/kdeldycke/repomatic/releases/tag/v4.3.4),[{octicon}`download` `macos-x64`](https://github.com/kdeldycke/repomatic/releases/download/v4.3.4/gha-utils-macos-x64.bin),2024-07-24,
[`4.3.4` {octicon}`link-external`](https://github.com/kdeldycke/repomatic/releases/tag/v4.3.4),[{octicon}`download` `windows-x64`](https://github.com/kdeldycke/repomatic/releases/download/v4.3.4/gha-utils-windows-x64.exe),2024-07-24,
[`4.3.3` {octicon}`link-external`](https://github.com/kdeldycke/repomatic/releases/tag/v4.3.3),[{octicon}`download` `linux-x64`](https://github.com/kdeldycke/repomatic/releases/download/v4.3.3/gha-utils-linux-x64.bin),2024-07-24,
[`4.3.3` {octicon}`link-external`](https://github.com/kdeldycke/repomatic/releases/tag/v4.3.3),[{octicon}`download` `macos-arm64`](https://github.com/kdeldycke/repomatic/releases/download/v4.3.3/gha-utils-macos-arm64.bin),2024-07-24,
[`4.3.3` {octicon}`link-external`](https://github.com/kdeldycke/repomatic/releases/tag/v4.3.3),[{octicon}`download` `macos-x64`](https://github.com/kdeldycke/repomatic/releases/download/v4.3.3/gha-utils-macos-x64.bin),2024-07-24,
[`4.3.3` {octicon}`link-external`](https://github.com/kdeldycke/repomatic/releases/tag/v4.3.3),[{octicon}`download` `windows-x64`](https://github.com/kdeldycke/repomatic/releases/download/v4.3.3/gha-utils-windows-x64.exe),2024-07-24,
[`4.3.2` {octicon}`link-external`](https://github.com/kdeldycke/repomatic/releases/tag/v4.3.2),[{octicon}`download` `linux-x64`](https://github.com/kdeldycke/repomatic/releases/download/v4.3.2/gha-utils-linux-x64.bin),2024-07-22,
[`4.3.2` {octicon}`link-external`](https://github.com/kdeldycke/repomatic/releases/tag/v4.3.2),[{octicon}`download` `macos-arm64`](https://github.com/kdeldycke/repomatic/releases/download/v4.3.2/gha-utils-macos-arm64.bin),2024-07-22,
[`4.3.2` {octicon}`link-external`](https://github.com/kdeldycke/repomatic/releases/tag/v4.3.2),[{octicon}`download` `macos-x64`](https://github.com/kdeldycke/repomatic/releases/download/v4.3.2/gha-utils-macos-x64.bin),2024-07-22,
[`4.3.2` {octicon}`link-external`](https://github.com/kdeldycke/repomatic/releases/tag/v4.3.2),[{octicon}`download` `windows-x64`](https://github.com/kdeldycke/repomatic/releases/download/v4.3.2/gha-utils-windows-x64.exe),2024-07-22,
[`4.3.1` {octicon}`link-external`](https://github.com/kdeldycke/repomatic/releases/tag/v4.3.1),[{octicon}`download` `linux-x64`](https://github.com/kdeldycke/repomatic/releases/download/v4.3.1/gha-utils-linux-x64.bin),2024-07-18,
[`4.3.1` {octicon}`link-external`](https://github.com/kdeldycke/repomatic/releases/tag/v4.3.1),[{octicon}`download` `macos-arm64`](https://github.com/kdeldycke/repomatic/releases/download/v4.3.1/gha-utils-macos-arm64.bin),2024-07-18,
[`4.3.1` {octicon}`link-external`](https://github.com/kdeldycke/repomatic/releases/tag/v4.3.1),[{octicon}`download` `macos-x64`](https://github.com/kdeldycke/repomatic/releases/download/v4.3.1/gha-utils-macos-x64.bin),2024-07-18,
[`4.3.1` {octicon}`link-external`](https://github.com/kdeldycke/repomatic/releases/tag/v4.3.1),[{octicon}`download` `windows-x64`](https://github.com/kdeldycke/repomatic/releases/download/v4.3.1/gha-utils-windows-x64.exe),2024-07-18,
[`4.3.0` {octicon}`link-external`](https://github.com/kdeldycke/repomatic/releases/tag/v4.3.0),[{octicon}`download` `linux-x64`](https://github.com/kdeldycke/repomatic/releases/download/v4.3.0/gha-utils-linux-x64.bin),2024-07-17,
[`4.3.0` {octicon}`link-external`](https://github.com/kdeldycke/repomatic/releases/tag/v4.3.0),[{octicon}`download` `macos-arm64`](https://github.com/kdeldycke/repomatic/releases/download/v4.3.0/gha-utils-macos-arm64.bin),2024-07-17,
[`4.3.0` {octicon}`link-external`](https://github.com/kdeldycke/repomatic/releases/tag/v4.3.0),[{octicon}`download` `macos-x64`](https://github.com/kdeldycke/repomatic/releases/download/v4.3.0/gha-utils-macos-x64.bin),2024-07-17,
[`4.3.0` {octicon}`link-external`](https://github.com/kdeldycke/repomatic/releases/tag/v4.3.0),[{octicon}`download` `windows-x64`](https://github.com/kdeldycke/repomatic/releases/download/v4.3.0/gha-utils-windows-x64.exe),2024-07-17,
[`4.2.1` {octicon}`link-external`](https://github.com/kdeldycke/repomatic/releases/tag/v4.2.1),[{octicon}`download` `linux-x64`](https://github.com/kdeldycke/repomatic/releases/download/v4.2.1/gha-utils-linux-x64.bin),2024-07-15,
[`4.2.1` {octicon}`link-external`](https://github.com/kdeldycke/repomatic/releases/tag/v4.2.1),[{octicon}`download` `macos-arm64`](https://github.com/kdeldycke/repomatic/releases/download/v4.2.1/gha-utils-macos-arm64.bin),2024-07-15,
[`4.2.1` {octicon}`link-external`](https://github.com/kdeldycke/repomatic/releases/tag/v4.2.1),[{octicon}`download` `macos-x64`](https://github.com/kdeldycke/repomatic/releases/download/v4.2.1/gha-utils-macos-x64.bin),2024-07-15,
[`4.2.1` {octicon}`link-external`](https://github.com/kdeldycke/repomatic/releases/tag/v4.2.1),[{octicon}`download` `windows-x64`](https://github.com/kdeldycke/repomatic/releases/download/v4.2.1/gha-utils-windows-x64.exe),2024-07-15,
[`4.2.0` {octicon}`link-external`](https://github.com/kdeldycke/repomatic/releases/tag/v4.2.0),[{octicon}`download` `linux-x64`](https://github.com/kdeldycke/repomatic/releases/download/v4.2.0/gha-utils-linux-x64.bin),2024-07-15,
[`4.2.0` {octicon}`link-external`](https://github.com/kdeldycke/repomatic/releases/tag/v4.2.0),[{octicon}`download` `macos-arm64`](https://github.com/kdeldycke/repomatic/releases/download/v4.2.0/gha-utils-macos-arm64.bin),2024-07-15,
[`4.2.0` {octicon}`link-external`](https://github.com/kdeldycke/repomatic/releases/tag/v4.2.0),[{octicon}`download` `macos-x64`](https://github.com/kdeldycke/repomatic/releases/download/v4.2.0/gha-utils-macos-x64.bin),2024-07-15,
[`4.1.4` {octicon}`link-external`](https://github.com/kdeldycke/repomatic/releases/tag/v4.1.4),[{octicon}`download` `linux-x64`](https://github.com/kdeldycke/repomatic/releases/download/v4.1.4/gha-utils-linux-x64.bin),2024-07-02,
[`4.1.4` {octicon}`link-external`](https://github.com/kdeldycke/repomatic/releases/tag/v4.1.4),[{octicon}`download` `macos-arm64`](https://github.com/kdeldycke/repomatic/releases/download/v4.1.4/gha-utils-macos-arm64.bin),2024-07-02,
[`4.1.4` {octicon}`link-external`](https://github.com/kdeldycke/repomatic/releases/tag/v4.1.4),[{octicon}`download` `macos-x64`](https://github.com/kdeldycke/repomatic/releases/download/v4.1.4/gha-utils-macos-x64.bin),2024-07-02,
[`4.1.4` {octicon}`link-external`](https://github.com/kdeldycke/repomatic/releases/tag/v4.1.4),[{octicon}`download` `windows-x64`](https://github.com/kdeldycke/repomatic/releases/download/v4.1.4/gha-utils-windows-x64.exe),2024-07-02,
[`4.1.3` {octicon}`link-external`](https://github.com/kdeldycke/repomatic/releases/tag/v4.1.3),[{octicon}`download` `linux-x64`](https://github.com/kdeldycke/repomatic/releases/download/v4.1.3/gha-utils-linux-x64.bin),2024-07-02,
[`4.1.3` {octicon}`link-external`](https://github.com/kdeldycke/repomatic/releases/tag/v4.1.3),[{octicon}`download` `macos-arm64`](https://github.com/kdeldycke/repomatic/releases/download/v4.1.3/gha-utils-macos-arm64.bin),2024-07-02,
[`4.1.3` {octicon}`link-external`](https://github.com/kdeldycke/repomatic/releases/tag/v4.1.3),[{octicon}`download` `macos-x64`](https://github.com/kdeldycke/repomatic/releases/download/v4.1.3/gha-utils-macos-x64.bin),2024-07-02,
[`4.1.3` {octicon}`link-external`](https://github.com/kdeldycke/repomatic/releases/tag/v4.1.3),[{octicon}`download` `windows-x64`](https://github.com/kdeldycke/repomatic/releases/download/v4.1.3/gha-utils-windows-x64.exe),2024-07-02,
[`4.1.2` {octicon}`link-external`](https://github.com/kdeldycke/repomatic/releases/tag/v4.1.2),[{octicon}`download` `linux-x64`](https://github.com/kdeldycke/repomatic/releases/download/v4.1.2/gha-utils-linux-x64.bin),2024-07-02,
[`4.1.2` {octicon}`link-external`](https://github.com/kdeldycke/repomatic/releases/tag/v4.1.2),[{octicon}`download` `macos-arm64`](https://github.com/kdeldycke/repomatic/releases/download/v4.1.2/gha-utils-macos-arm64.bin),2024-07-02,
[`4.1.2` {octicon}`link-external`](https://github.com/kdeldycke/repomatic/releases/tag/v4.1.2),[{octicon}`download` `macos-x64`](https://github.com/kdeldycke/repomatic/releases/download/v4.1.2/gha-utils-macos-x64.bin),2024-07-02,
[`4.1.2` {octicon}`link-external`](https://github.com/kdeldycke/repomatic/releases/tag/v4.1.2),[{octicon}`download` `windows-x64`](https://github.com/kdeldycke/repomatic/releases/download/v4.1.2/gha-utils-windows-x64.exe),2024-07-02,
[`4.1.1` {octicon}`link-external`](https://github.com/kdeldycke/repomatic/releases/tag/v4.1.1),[{octicon}`download` `linux-x64`](https://github.com/kdeldycke/repomatic/releases/download/v4.1.1/gha-utils-linux-x64.bin),2024-07-02,
[`4.1.1` {octicon}`link-external`](https://github.com/kdeldycke/repomatic/releases/tag/v4.1.1),[{octicon}`download` `macos-arm64`](https://github.com/kdeldycke/repomatic/releases/download/v4.1.1/gha-utils-macos-arm64.bin),2024-07-02,
[`4.1.1` {octicon}`link-external`](https://github.com/kdeldycke/repomatic/releases/tag/v4.1.1),[{octicon}`download` `macos-x64`](https://github.com/kdeldycke/repomatic/releases/download/v4.1.1/gha-utils-macos-x64.bin),2024-07-02,
[`4.1.1` {octicon}`link-external`](https://github.com/kdeldycke/repomatic/releases/tag/v4.1.1),[{octicon}`download` `windows-x64`](https://github.com/kdeldycke/repomatic/releases/download/v4.1.1/gha-utils-windows-x64.exe),2024-07-02,
