repo,metric,date,value,source
https://github.com/asottile/all-repos,commit,2026-09-07,2026-09-04,sample
https://github.com/asottile/all-repos,release,2026-09-07,2026-09-04,sample
https://github.com/asottile/all-repos,release_source,2026-08-16,tag,sample
https://github.com/asottile/all-repos,stars,2017-08-03,0,created
https://github.com/asottile/all-repos,stars,2017-08-04,1,github
https://github.com/asottile/all-repos,stars,2017-08-08,2,github
https://github.com/asottile/all-repos,stars,2017-09-03,3,github
https://github.com/asottile/all-repos,stars,2017-09-12,4,github
https://github.com/asottile/all-repos,stars,2017-09-27,5,github
https://github.com/asottile/all-repos,stars,2017-10-08,6,github
https://github.com/asottile/all-repos,stars,2017-10-21,7,github
https://github.com/asottile/all-repos,stars,2017-10-24,9,github
https://github.com/asottile/all-repos,stars,2017-11-10,10,github
https://github.com/asottile/all-repos,stars,2017-12-02,11,github
https://github.com/asottile/all-repos,stars,2017-12-10,12,github
https://github.com/asottile/all-repos,stars,2017-12-29,13,github
https://github.com/asottile/all-repos,stars,2017-12-31,14,github
https://github.com/asottile/all-repos,stars,2018-01-21,16,github
https://github.com/asottile/all-repos,stars,2018-02-03,18,github
https://github.com/asottile/all-repos,stars,2018-02-06,21,github
https://github.com/asottile/all-repos,stars,2018-02-21,22,github
https://github.com/asottile/all-repos,stars,2018-03-03,24,github
https://github.com/asottile/all-repos,stars,2018-03-08,25,github
https://github.com/asottile/all-repos,stars,2018-03-11,26,github
https://github.com/asottile/all-repos,stars,2018-03-30,29,github
https://github.com/asottile/all-repos,stars,2018-04-07,30,github
https://github.com/asottile/all-repos,stars,2018-04-25,33,github
https://github.com/asottile/all-repos,stars,2018-05-04,35,github
https://github.com/asottile/all-repos,stars,2018-05-21,36,github
https://github.com/asottile/all-repos,stars,2018-05-31,38,github
https://github.com/asottile/all-repos,stars,2018-06-27,39,github
https://github.com/asottile/all-repos,stars,2018-09-04,40,github
https://github.com/asottile/all-repos,stars,2018-09-10,41,github
https://github.com/asottile/all-repos,stars,2018-09-25,42,github
https://github.com/asottile/all-repos,stars,2018-10-07,43,github
https://github.com/asottile/all-repos,stars,2018-10-15,44,github
https://github.com/asottile/all-repos,stars,2018-10-31,45,github
https://github.com/asottile/all-repos,stars,2018-11-04,46,github
https://github.com/asottile/all-repos,stars,2019-01-15,51,github
https://github.com/asottile/all-repos,stars,2019-01-31,53,github
https://github.com/asottile/all-repos,stars,2019-02-06,54,github
https://github.com/asottile/all-repos,stars,2019-02-16,56,github
https://github.com/asottile/all-repos,stars,2019-03-07,58,github
https://github.com/asottile/all-repos,stars,2019-03-22,59,github
https://github.com/asottile/all-repos,stars,2019-04-19,61,github
https://github.com/asottile/all-repos,stars,2019-04-22,63,github
https://github.com/asottile/all-repos,stars,2019-04-29,64,github
https://github.com/asottile/all-repos,stars,2019-05-17,65,github
https://github.com/asottile/all-repos,stars,2019-05-31,66,github
https://github.com/asottile/all-repos,stars,2019-06-13,67,github
https://github.com/asottile/all-repos,stars,2019-07-09,68,github
https://github.com/asottile/all-repos,stars,2019-07-19,69,github
https://github.com/asottile/all-repos,stars,2019-09-02,70,github
https://github.com/asottile/all-repos,stars,2019-09-24,71,github
https://github.com/asottile/all-repos,stars,2019-09-27,74,wayback
https://github.com/asottile/all-repos,stars,2019-10-01,72,github
https://github.com/asottile/all-repos,stars,2019-10-11,74,github
https://github.com/asottile/all-repos,stars,2019-10-18,77,github
https://github.com/asottile/all-repos,stars,2019-11-15,79,github
https://github.com/asottile/all-repos,stars,2019-11-20,83,wayback
https://github.com/asottile/all-repos,stars,2019-11-30,82,github
https://github.com/asottile/all-repos,stars,2019-12-19,84,github
https://github.com/asottile/all-repos,stars,2019-12-23,85,github
https://github.com/asottile/all-repos,stars,2019-12-30,87,github
https://github.com/asottile/all-repos,stars,2020-01-10,88,github
https://github.com/asottile/all-repos,stars,2020-01-17,90,github
https://github.com/asottile/all-repos,stars,2020-01-19,91,github
https://github.com/asottile/all-repos,stars,2020-01-30,92,github
https://github.com/asottile/all-repos,stars,2020-02-05,93,github
https://github.com/asottile/all-repos,stars,2020-02-12,94,github
https://github.com/asottile/all-repos,stars,2020-02-21,97,github
https://github.com/asottile/all-repos,stars,2020-02-27,99,github
https://github.com/asottile/all-repos,stars,2020-03-05,101,github
https://github.com/asottile/all-repos,stars,2020-03-15,102,github
https://github.com/asottile/all-repos,stars,2020-03-25,103,github
https://github.com/asottile/all-repos,stars,2020-04-02,105,github
https://github.com/asottile/all-repos,stars,2020-04-05,106,github
https://github.com/asottile/all-repos,stars,2020-04-15,107,github
https://github.com/asottile/all-repos,stars,2020-04-23,108,github
https://github.com/asottile/all-repos,stars,2020-04-28,110,github
https://github.com/asottile/all-repos,stars,2020-05-07,111,github
https://github.com/asottile/all-repos,stars,2020-05-15,113,github
https://github.com/asottile/all-repos,stars,2020-05-28,115,github
https://github.com/asottile/all-repos,stars,2020-06-12,117,github
https://github.com/asottile/all-repos,stars,2020-06-25,118,github
https://github.com/asottile/all-repos,stars,2020-07-15,125,github
https://github.com/asottile/all-repos,stars,2020-07-29,126,github
https://github.com/asottile/all-repos,stars,2020-08-05,128,github
https://github.com/asottile/all-repos,stars,2020-08-15,133,github
https://github.com/asottile/all-repos,stars,2020-08-22,134,github
https://github.com/asottile/all-repos,stars,2020-08-29,139,github
https://github.com/asottile/all-repos,stars,2020-09-04,146,github
https://github.com/asottile/all-repos,stars,2020-09-13,152,wayback
https://github.com/asottile/all-repos,stars,2020-09-15,148,github
https://github.com/asottile/all-repos,stars,2020-09-30,150,github
https://github.com/asottile/all-repos,stars,2020-10-09,153,github
https://github.com/asottile/all-repos,stars,2020-10-12,154,github
https://github.com/asottile/all-repos,stars,2020-10-22,156,github
https://github.com/asottile/all-repos,stars,2020-10-28,158,github
https://github.com/asottile/all-repos,stars,2020-11-01,164,wayback
https://github.com/asottile/all-repos,stars,2020-11-06,163,github
https://github.com/asottile/all-repos,stars,2020-11-13,165,github
https://github.com/asottile/all-repos,stars,2020-11-20,168,github
https://github.com/asottile/all-repos,stars,2020-11-26,171,github
https://github.com/asottile/all-repos,stars,2020-12-02,172,github
https://github.com/asottile/all-repos,stars,2020-12-26,174,github
https://github.com/asottile/all-repos,stars,2021-01-02,176,github
https://github.com/asottile/all-repos,stars,2021-01-23,177,github
https://github.com/asottile/all-repos,stars,2021-02-13,181,github
https://github.com/asottile/all-repos,stars,2021-02-19,182,github
https://github.com/asottile/all-repos,stars,2021-02-27,183,github
https://github.com/asottile/all-repos,stars,2021-03-04,185,github
https://github.com/asottile/all-repos,stars,2021-03-19,188,github
https://github.com/asottile/all-repos,stars,2021-03-26,192,github
https://github.com/asottile/all-repos,stars,2021-04-03,196,github
https://github.com/asottile/all-repos,stars,2021-04-04,197,github
https://github.com/asottile/all-repos,stars,2021-04-24,201,github
https://github.com/asottile/all-repos,stars,2021-05-01,205,github
https://github.com/asottile/all-repos,stars,2021-05-05,207,github
https://github.com/asottile/all-repos,stars,2021-05-15,213,github
https://github.com/asottile/all-repos,stars,2021-05-19,218,github
https://github.com/asottile/all-repos,stars,2021-05-22,228,wayback
https://github.com/asottile/all-repos,stars,2021-05-27,235,github
https://github.com/asottile/all-repos,stars,2021-06-04,240,github
https://github.com/asottile/all-repos,stars,2021-06-09,247,github
https://github.com/asottile/all-repos,stars,2021-06-19,249,github
https://github.com/asottile/all-repos,stars,2021-06-21,251,github
https://github.com/asottile/all-repos,stars,2021-07-15,254,github
https://github.com/asottile/all-repos,stars,2021-07-23,256,github
https://github.com/asottile/all-repos,stars,2021-07-27,257,github
https://github.com/asottile/all-repos,stars,2021-08-02,258,github
https://github.com/asottile/all-repos,stars,2021-08-25,260,github
https://github.com/asottile/all-repos,stars,2021-09-07,261,github
https://github.com/asottile/all-repos,stars,2021-09-13,262,github
https://github.com/asottile/all-repos,stars,2021-09-23,264,github
https://github.com/asottile/all-repos,stars,2021-09-29,276,wayback
https://github.com/asottile/all-repos,stars,2021-09-30,267,github
https://github.com/asottile/all-repos,stars,2021-10-16,269,github
https://github.com/asottile/all-repos,stars,2021-10-22,271,github
https://github.com/asottile/all-repos,stars,2021-10-27,276,github
https://github.com/asottile/all-repos,stars,2021-11-11,279,github
https://github.com/asottile/all-repos,stars,2021-11-20,287,github
https://github.com/asottile/all-repos,stars,2021-11-25,295,github
https://github.com/asottile/all-repos,stars,2021-12-02,296,github
https://github.com/asottile/all-repos,stars,2021-12-10,298,github
https://github.com/asottile/all-repos,stars,2021-12-13,309,wayback
https://github.com/asottile/all-repos,stars,2021-12-15,301,github
https://github.com/asottile/all-repos,stars,2021-12-22,302,github
https://github.com/asottile/all-repos,stars,2021-12-29,305,github
https://github.com/asottile/all-repos,stars,2022-01-06,307,github
https://github.com/asottile/all-repos,stars,2022-01-20,308,github
https://github.com/asottile/all-repos,stars,2022-01-25,319,wayback
https://github.com/asottile/all-repos,stars,2022-01-27,309,github
https://github.com/asottile/all-repos,stars,2022-02-04,311,github
https://github.com/asottile/all-repos,stars,2022-02-12,314,github
https://github.com/asottile/all-repos,stars,2022-02-15,315,github
https://github.com/asottile/all-repos,stars,2022-02-24,317,github
https://github.com/asottile/all-repos,stars,2022-03-05,321,github
https://github.com/asottile/all-repos,stars,2022-03-07,324,github
https://github.com/asottile/all-repos,stars,2022-03-18,328,github
https://github.com/asottile/all-repos,stars,2022-03-24,329,github
https://github.com/asottile/all-repos,stars,2022-03-30,334,github
https://github.com/asottile/all-repos,stars,2022-04-08,336,github
https://github.com/asottile/all-repos,stars,2022-04-15,339,github
https://github.com/asottile/all-repos,stars,2022-04-23,341,github
https://github.com/asottile/all-repos,stars,2022-04-27,342,github
https://github.com/asottile/all-repos,stars,2022-05-01,343,github
https://github.com/asottile/all-repos,stars,2022-05-14,345,github
https://github.com/asottile/all-repos,stars,2022-05-18,346,github
https://github.com/asottile/all-repos,stars,2022-05-23,347,github
https://github.com/asottile/all-repos,stars,2022-06-02,354,wayback
https://github.com/asottile/all-repos,stars,2022-06-10,348,github
https://github.com/asottile/all-repos,stars,2022-06-18,350,github
https://github.com/asottile/all-repos,stars,2022-06-24,352,github
https://github.com/asottile/all-repos,stars,2022-07-01,356,github
https://github.com/asottile/all-repos,stars,2022-07-05,357,github
https://github.com/asottile/all-repos,stars,2022-07-15,360,github
https://github.com/asottile/all-repos,stars,2022-07-17,361,github
https://github.com/asottile/all-repos,stars,2022-07-19,368,wayback
https://github.com/asottile/all-repos,stars,2022-08-10,362,github
https://github.com/asottile/all-repos,stars,2022-08-27,363,github
https://github.com/asottile/all-repos,stars,2022-08-29,364,github
https://github.com/asottile/all-repos,stars,2022-09-07,365,github
https://github.com/asottile/all-repos,stars,2022-09-15,366,github
https://github.com/asottile/all-repos,stars,2022-09-20,367,github
https://github.com/asottile/all-repos,stars,2022-09-30,373,github
https://github.com/asottile/all-repos,stars,2022-10-05,377,github
https://github.com/asottile/all-repos,stars,2022-10-13,379,github
https://github.com/asottile/all-repos,stars,2022-10-20,380,github
https://github.com/asottile/all-repos,stars,2022-10-24,381,github
https://github.com/asottile/all-repos,stars,2022-11-18,384,github
https://github.com/asottile/all-repos,stars,2022-11-25,385,github
https://github.com/asottile/all-repos,stars,2022-11-30,387,github
https://github.com/asottile/all-repos,stars,2022-12-09,390,github
https://github.com/asottile/all-repos,stars,2022-12-15,397,github
https://github.com/asottile/all-repos,stars,2022-12-20,399,github
https://github.com/asottile/all-repos,stars,2022-12-21,409,wayback
https://github.com/asottile/all-repos,stars,2022-12-31,401,github
https://github.com/asottile/all-repos,stars,2023-01-06,405,github
https://github.com/asottile/all-repos,stars,2023-01-12,406,github
https://github.com/asottile/all-repos,stars,2023-01-20,408,github
https://github.com/asottile/all-repos,stars,2023-01-28,410,github
https://github.com/asottile/all-repos,stars,2023-02-04,411,github
https://github.com/asottile/all-repos,stars,2023-02-08,414,github
https://github.com/asottile/all-repos,stars,2023-02-12,415,github
https://github.com/asottile/all-repos,stars,2023-02-21,416,github
https://github.com/asottile/all-repos,stars,2023-03-06,417,github
https://github.com/asottile/all-repos,stars,2023-03-14,419,github
https://github.com/asottile/all-repos,stars,2023-03-20,422,github
https://github.com/asottile/all-repos,stars,2023-03-30,432,wayback
https://github.com/asottile/all-repos,stars,2023-04-07,424,github
https://github.com/asottile/all-repos,stars,2023-04-21,426,github
https://github.com/asottile/all-repos,stars,2023-04-26,427,github
https://github.com/asottile/all-repos,stars,2023-05-05,428,github
https://github.com/asottile/all-repos,stars,2023-05-12,432,github
https://github.com/asottile/all-repos,stars,2023-05-19,435,github
https://github.com/asottile/all-repos,stars,2023-06-02,437,github
https://github.com/asottile/all-repos,stars,2023-06-07,438,github
https://github.com/asottile/all-repos,stars,2023-06-12,440,github
https://github.com/asottile/all-repos,stars,2023-06-23,444,github
https://github.com/asottile/all-repos,stars,2023-06-27,445,github
https://github.com/asottile/all-repos,stars,2023-07-06,450,github
https://github.com/asottile/all-repos,stars,2023-07-15,453,github
https://github.com/asottile/all-repos,stars,2023-07-20,454,github
https://github.com/asottile/all-repos,stars,2023-08-02,457,github
https://github.com/asottile/all-repos,stars,2023-08-07,458,github
https://github.com/asottile/all-repos,stars,2023-08-26,459,github
https://github.com/asottile/all-repos,stars,2023-09-04,460,github
https://github.com/asottile/all-repos,stars,2023-09-16,461,github
https://github.com/asottile/all-repos,stars,2023-09-19,462,github
https://github.com/asottile/all-repos,stars,2023-09-26,463,github
https://github.com/asottile/all-repos,stars,2023-10-05,464,github
https://github.com/asottile/all-repos,stars,2023-10-19,467,github
https://github.com/asottile/all-repos,stars,2023-10-24,468,github
https://github.com/asottile/all-repos,stars,2023-11-03,469,github
https://github.com/asottile/all-repos,stars,2023-11-10,471,github
https://github.com/asottile/all-repos,stars,2023-11-18,475,github
https://github.com/asottile/all-repos,stars,2023-11-29,477,github
https://github.com/asottile/all-repos,stars,2023-12-09,479,github
https://github.com/asottile/all-repos,stars,2023-12-11,480,github
https://github.com/asottile/all-repos,stars,2023-12-17,487,wayback
https://github.com/asottile/all-repos,stars,2024-01-06,484,github
https://github.com/asottile/all-repos,stars,2024-01-11,487,github
https://github.com/asottile/all-repos,stars,2024-01-21,488,github
https://github.com/asottile/all-repos,stars,2024-01-28,489,github
https://github.com/asottile/all-repos,stars,2024-02-08,497,wayback
https://github.com/asottile/all-repos,stars,2024-02-09,491,github
https://github.com/asottile/all-repos,stars,2024-02-17,493,github
https://github.com/asottile/all-repos,stars,2024-02-19,495,github
https://github.com/asottile/all-repos,stars,2024-02-29,496,github
https://github.com/asottile/all-repos,stars,2024-03-08,500,github
https://github.com/asottile/all-repos,stars,2024-03-15,501,github
https://github.com/asottile/all-repos,stars,2024-03-20,503,github
https://github.com/asottile/all-repos,stars,2024-03-29,505,github
https://github.com/asottile/all-repos,stars,2024-04-03,507,github
https://github.com/asottile/all-repos,stars,2024-04-24,508,github
https://github.com/asottile/all-repos,stars,2024-05-06,509,github
https://github.com/asottile/all-repos,stars,2024-05-13,515,wayback
https://github.com/asottile/all-repos,stars,2024-05-14,510,github
https://github.com/asottile/all-repos,stars,2024-05-31,513,github
https://github.com/asottile/all-repos,stars,2024-06-03,515,github
https://github.com/asottile/all-repos,stars,2024-06-14,516,github
https://github.com/asottile/all-repos,stars,2024-06-17,517,github
https://github.com/asottile/all-repos,stars,2024-06-26,518,github
https://github.com/asottile/all-repos,stars,2024-07-03,520,github
https://github.com/asottile/all-repos,stars,2024-07-11,521,github
https://github.com/asottile/all-repos,stars,2024-07-14,522,github
https://github.com/asottile/all-repos,stars,2024-07-22,528,wayback
https://github.com/asottile/all-repos,stars,2024-08-01,525,github
https://github.com/asottile/all-repos,stars,2024-08-09,526,github
https://github.com/asottile/all-repos,stars,2024-08-13,530,wayback
https://github.com/asottile/all-repos,stars,2024-08-25,527,github
https://github.com/asottile/all-repos,stars,2024-09-04,528,github
https://github.com/asottile/all-repos,stars,2024-09-12,531,github
https://github.com/asottile/all-repos,stars,2024-09-20,532,github
https://github.com/asottile/all-repos,stars,2024-09-25,535,github
https://github.com/asottile/all-repos,stars,2024-09-29,536,github
https://github.com/asottile/all-repos,stars,2024-10-07,539,wayback
https://github.com/asottile/all-repos,stars,2024-10-10,538,github
https://github.com/asottile/all-repos,stars,2024-10-14,539,github
https://github.com/asottile/all-repos,stars,2024-11-07,541,github
https://github.com/asottile/all-repos,stars,2024-12-02,544,wayback
https://github.com/asottile/all-repos,stars,2024-12-05,542,github
https://github.com/asottile/all-repos,stars,2024-12-14,544,github
https://github.com/asottile/all-repos,stars,2024-12-19,546,github
https://github.com/asottile/all-repos,stars,2025-01-06,547,github
https://github.com/asottile/all-repos,stars,2025-01-15,549,github
https://github.com/asottile/all-repos,stars,2025-01-20,550,github
https://github.com/asottile/all-repos,stars,2025-01-26,554,wayback
https://github.com/asottile/all-repos,stars,2025-01-31,553,github
https://github.com/asottile/all-repos,stars,2025-02-06,555,github
https://github.com/asottile/all-repos,stars,2025-02-10,556,github
https://github.com/asottile/all-repos,stars,2025-02-27,557,github
https://github.com/asottile/all-repos,stars,2025-03-02,558,github
https://github.com/asottile/all-repos,stars,2025-03-12,559,github
https://github.com/asottile/all-repos,stars,2025-03-21,564,github
https://github.com/asottile/all-repos,stars,2025-04-09,567,github
https://github.com/asottile/all-repos,stars,2025-04-16,571,wayback
https://github.com/asottile/all-repos,stars,2025-04-24,568,github
https://github.com/asottile/all-repos,stars,2025-04-30,569,github
https://github.com/asottile/all-repos,stars,2025-05-05,573,wayback
https://github.com/asottile/all-repos,stars,2025-05-17,573,github
https://github.com/asottile/all-repos,stars,2025-05-24,577,github
https://github.com/asottile/all-repos,stars,2025-06-01,578,github
https://github.com/asottile/all-repos,stars,2025-06-12,579,github
https://github.com/asottile/all-repos,stars,2025-06-14,583,wayback
https://github.com/asottile/all-repos,stars,2025-06-19,580,github
https://github.com/asottile/all-repos,stars,2025-06-27,581,github
https://github.com/asottile/all-repos,stars,2025-07-04,583,github
https://github.com/asottile/all-repos,stars,2025-07-11,585,github
https://github.com/asottile/all-repos,stars,2025-07-19,587,github
https://github.com/asottile/all-repos,stars,2025-07-26,590,github
https://github.com/asottile/all-repos,stars,2025-07-28,592,github
https://github.com/asottile/all-repos,stars,2025-08-25,595,wayback
https://github.com/asottile/all-repos,stars,2025-08-26,594,github
https://github.com/asottile/all-repos,stars,2025-09-14,595,github
https://github.com/asottile/all-repos,stars,2025-10-10,597,github
https://github.com/asottile/all-repos,stars,2025-10-14,598,github
https://github.com/asottile/all-repos,stars,2025-10-17,601,wayback
https://github.com/asottile/all-repos,stars,2025-10-20,599,github
https://github.com/asottile/all-repos,stars,2025-11-07,601,github
https://github.com/asottile/all-repos,stars,2025-11-13,603,github
https://github.com/asottile/all-repos,stars,2025-11-28,605,github
https://github.com/asottile/all-repos,stars,2025-12-02,608,wayback
https://github.com/asottile/all-repos,stars,2025-12-27,606,github
https://github.com/asottile/all-repos,stars,2026-01-12,607,github
https://github.com/asottile/all-repos,stars,2026-01-21,610,wayback
https://github.com/asottile/all-repos,stars,2026-01-26,608,github
https://github.com/asottile/all-repos,stars,2026-02-03,611,wayback
https://github.com/asottile/all-repos,stars,2026-02-07,610,github
https://github.com/asottile/all-repos,stars,2026-02-09,611,github
https://github.com/asottile/all-repos,stars,2026-02-21,614,github
https://github.com/asottile/all-repos,stars,2026-02-24,616,github
https://github.com/asottile/all-repos,stars,2026-03-12,617,github
https://github.com/asottile/all-repos,stars,2026-03-17,618,github
https://github.com/asottile/all-repos,stars,2026-04-05,620,wayback
https://github.com/asottile/all-repos,stars,2026-04-06,620,github
https://github.com/asottile/all-repos,stars,2026-04-16,623,github
https://github.com/asottile/all-repos,stars,2026-05-08,625,github
https://github.com/asottile/all-repos,stars,2026-05-23,626,github
https://github.com/asottile/all-repos,stars,2026-05-25,627,github
https://github.com/asottile/all-repos,stars,2026-06-18,628,github
https://github.com/asottile/all-repos,stars,2026-06-23,629,github
https://github.com/asottile/all-repos,stars,2026-06-24,630,wayback
https://github.com/asottile/all-repos,stars,2026-07-22,630,github
https://github.com/asottile/all-repos,stars,2026-07-29,630,wayback
https://github.com/asottile/all-repos,stars,2026-08-12,631,github
https://github.com/asottile/all-repos,stars,2026-08-16,631,sample
https://github.com/asottile/all-repos,stars,2026-08-18,631,sample
https://github.com/asottile/all-repos,stars,2026-08-25,631,sample
https://github.com/asottile/all-repos,stars,2026-08-28,633,github
https://github.com/asottile/all-repos,stars,2026-09-01,633,sample
https://github.com/asottile/all-repos,stars,2026-09-03,634,github
https://github.com/asottile/all-repos,stars,2026-09-07,634,sample
https://github.com/asottile/all-repos,stars,2026-09-08,634,sample
https://github.com/asottile/all-repos,stars,2026-09-15,634,sample
https://github.com/asottile/all-repos,stars,2026-09-22,634,sample
https://github.com/cookiecutter/cookiecutter,commit,2026-08-16,2026-03-04,sample
https://github.com/cookiecutter/cookiecutter,release,2026-08-16,2026-03-04,sample
https://github.com/cookiecutter/cookiecutter,release_source,2026-08-16,release,sample
https://github.com/cookiecutter/cookiecutter,stars,2013-07-14,0,created
https://github.com/cookiecutter/cookiecutter,stars,2013-07-20,2,github
https://github.com/cookiecutter/cookiecutter,stars,2013-07-26,8,github
https://github.com/cookiecutter/cookiecutter,stars,2013-07-29,10,github
https://github.com/cookiecutter/cookiecutter,stars,2013-08-09,13,github
https://github.com/cookiecutter/cookiecutter,stars,2013-08-17,48,github
https://github.com/cookiecutter/cookiecutter,stars,2013-08-24,236,github
https://github.com/cookiecutter/cookiecutter,stars,2013-08-31,288,github
https://github.com/cookiecutter/cookiecutter,stars,2013-09-07,325,github
https://github.com/cookiecutter/cookiecutter,stars,2013-09-14,363,github
https://github.com/cookiecutter/cookiecutter,stars,2013-09-20,386,github
https://github.com/cookiecutter/cookiecutter,stars,2013-09-28,403,github
https://github.com/cookiecutter/cookiecutter,stars,2013-10-05,417,github
https://github.com/cookiecutter/cookiecutter,stars,2013-10-12,429,github
https://github.com/cookiecutter/cookiecutter,stars,2013-10-18,445,github
https://github.com/cookiecutter/cookiecutter,stars,2013-10-25,455,github
https://github.com/cookiecutter/cookiecutter,stars,2013-11-02,461,github
https://github.com/cookiecutter/cookiecutter,stars,2013-11-08,468,github
https://github.com/cookiecutter/cookiecutter,stars,2013-11-16,492,github
https://github.com/cookiecutter/cookiecutter,stars,2013-11-23,508,github
https://github.com/cookiecutter/cookiecutter,stars,2013-11-30,515,github
https://github.com/cookiecutter/cookiecutter,stars,2013-12-06,523,github
https://github.com/cookiecutter/cookiecutter,stars,2013-12-13,532,github
https://github.com/cookiecutter/cookiecutter,stars,2013-12-19,538,github
https://github.com/cookiecutter/cookiecutter,stars,2013-12-28,545,github
https://github.com/cookiecutter/cookiecutter,stars,2014-01-03,548,github
https://github.com/cookiecutter/cookiecutter,stars,2014-01-11,553,github
https://github.com/cookiecutter/cookiecutter,stars,2014-01-17,560,github
https://github.com/cookiecutter/cookiecutter,stars,2014-01-25,568,github
https://github.com/cookiecutter/cookiecutter,stars,2014-01-28,570,github
https://github.com/cookiecutter/cookiecutter,stars,2014-02-08,587,github
https://github.com/cookiecutter/cookiecutter,stars,2014-02-15,594,github
https://github.com/cookiecutter/cookiecutter,stars,2014-02-22,605,github
https://github.com/cookiecutter/cookiecutter,stars,2014-02-28,619,github
https://github.com/cookiecutter/cookiecutter,stars,2014-03-08,630,github
https://github.com/cookiecutter/cookiecutter,stars,2014-03-13,635,github
https://github.com/cookiecutter/cookiecutter,stars,2014-03-21,641,github
https://github.com/cookiecutter/cookiecutter,stars,2014-03-29,647,github
https://github.com/cookiecutter/cookiecutter,stars,2014-04-05,684,github
https://github.com/cookiecutter/cookiecutter,stars,2014-04-12,706,github
https://github.com/cookiecutter/cookiecutter,stars,2014-04-19,723,github
https://github.com/cookiecutter/cookiecutter,stars,2014-04-26,730,github
https://github.com/cookiecutter/cookiecutter,stars,2014-05-03,744,github
https://github.com/cookiecutter/cookiecutter,stars,2014-05-10,754,github
https://github.com/cookiecutter/cookiecutter,stars,2014-05-14,760,github
https://github.com/cookiecutter/cookiecutter,stars,2014-05-24,771,github
https://github.com/cookiecutter/cookiecutter,stars,2014-05-31,782,github
https://github.com/cookiecutter/cookiecutter,stars,2014-06-07,792,github
https://github.com/cookiecutter/cookiecutter,stars,2014-06-14,809,github
https://github.com/cookiecutter/cookiecutter,stars,2014-06-21,815,github
https://github.com/cookiecutter/cookiecutter,stars,2014-06-27,827,github
https://github.com/cookiecutter/cookiecutter,stars,2014-07-05,837,github
https://github.com/cookiecutter/cookiecutter,stars,2014-07-12,853,github
https://github.com/cookiecutter/cookiecutter,stars,2014-07-18,865,github
https://github.com/cookiecutter/cookiecutter,stars,2014-07-26,883,github
https://github.com/cookiecutter/cookiecutter,stars,2014-08-01,910,github
https://github.com/cookiecutter/cookiecutter,stars,2014-08-09,924,github
https://github.com/cookiecutter/cookiecutter,stars,2014-08-16,940,github
https://github.com/cookiecutter/cookiecutter,stars,2014-08-23,954,github
https://github.com/cookiecutter/cookiecutter,stars,2014-08-30,958,github
https://github.com/cookiecutter/cookiecutter,stars,2014-09-06,974,github
https://github.com/cookiecutter/cookiecutter,stars,2014-09-13,991,github
https://github.com/cookiecutter/cookiecutter,stars,2014-09-19,1004,github
https://github.com/cookiecutter/cookiecutter,stars,2014-09-26,1020,github
https://github.com/cookiecutter/cookiecutter,stars,2014-10-04,1033,github
https://github.com/cookiecutter/cookiecutter,stars,2014-10-11,1046,github
https://github.com/cookiecutter/cookiecutter,stars,2014-10-18,1054,github
https://github.com/cookiecutter/cookiecutter,stars,2014-10-25,1062,github
https://github.com/cookiecutter/cookiecutter,stars,2014-11-01,1091,github
https://github.com/cookiecutter/cookiecutter,stars,2014-11-07,1112,github
https://github.com/cookiecutter/cookiecutter,stars,2014-11-15,1128,github
https://github.com/cookiecutter/cookiecutter,stars,2014-11-22,1145,github
https://github.com/cookiecutter/cookiecutter,stars,2014-11-29,1168,github
https://github.com/cookiecutter/cookiecutter,stars,2014-12-06,1189,github
https://github.com/cookiecutter/cookiecutter,stars,2014-12-13,1205,github
https://github.com/cookiecutter/cookiecutter,stars,2014-12-20,1218,github
https://github.com/cookiecutter/cookiecutter,stars,2014-12-27,1227,github
https://github.com/cookiecutter/cookiecutter,stars,2015-01-03,1239,github
https://github.com/cookiecutter/cookiecutter,stars,2015-01-10,1263,github
https://github.com/cookiecutter/cookiecutter,stars,2015-01-17,1276,github
https://github.com/cookiecutter/cookiecutter,stars,2015-01-24,1289,github
https://github.com/cookiecutter/cookiecutter,stars,2015-01-30,1301,github
https://github.com/cookiecutter/cookiecutter,stars,2015-02-07,1319,github
https://github.com/cookiecutter/cookiecutter,stars,2015-02-13,1335,github
https://github.com/cookiecutter/cookiecutter,stars,2015-02-21,1348,github
https://github.com/cookiecutter/cookiecutter,stars,2015-02-28,1368,github
https://github.com/cookiecutter/cookiecutter,stars,2015-03-07,1382,github
https://github.com/cookiecutter/cookiecutter,stars,2015-03-13,1397,github
https://github.com/cookiecutter/cookiecutter,stars,2015-03-21,1438,github
https://github.com/cookiecutter/cookiecutter,stars,2015-03-28,1459,github
https://github.com/cookiecutter/cookiecutter,stars,2015-04-04,1468,github
https://github.com/cookiecutter/cookiecutter,stars,2015-04-11,1485,github
https://github.com/cookiecutter/cookiecutter,stars,2015-04-18,1503,github
https://github.com/cookiecutter/cookiecutter,stars,2015-04-25,1521,github
https://github.com/cookiecutter/cookiecutter,stars,2015-05-02,1530,github
https://github.com/cookiecutter/cookiecutter,stars,2015-05-09,1549,github
https://github.com/cookiecutter/cookiecutter,stars,2015-05-16,1565,github
https://github.com/cookiecutter/cookiecutter,stars,2015-05-23,1580,github
https://github.com/cookiecutter/cookiecutter,stars,2015-05-30,1596,github
https://github.com/cookiecutter/cookiecutter,stars,2015-06-06,1615,github
https://github.com/cookiecutter/cookiecutter,stars,2015-06-13,1645,github
https://github.com/cookiecutter/cookiecutter,stars,2015-06-20,1676,github
https://github.com/cookiecutter/cookiecutter,stars,2015-06-27,1707,github
https://github.com/cookiecutter/cookiecutter,stars,2015-07-04,1740,github
https://github.com/cookiecutter/cookiecutter,stars,2015-07-11,1752,github
https://github.com/cookiecutter/cookiecutter,stars,2015-07-18,1768,github
https://github.com/cookiecutter/cookiecutter,stars,2015-07-25,1797,github
https://github.com/cookiecutter/cookiecutter,stars,2015-08-01,1841,github
https://github.com/cookiecutter/cookiecutter,stars,2015-08-08,1900,github
https://github.com/cookiecutter/cookiecutter,stars,2015-08-15,1935,github
https://github.com/cookiecutter/cookiecutter,stars,2015-08-22,1964,github
https://github.com/cookiecutter/cookiecutter,stars,2015-08-29,1995,github
https://github.com/cookiecutter/cookiecutter,stars,2015-09-04,2017,github
https://github.com/cookiecutter/cookiecutter,stars,2015-09-12,2036,github
https://github.com/cookiecutter/cookiecutter,stars,2015-09-19,2064,github
https://github.com/cookiecutter/cookiecutter,stars,2015-09-26,2079,github
https://github.com/cookiecutter/cookiecutter,stars,2015-10-03,2111,github
https://github.com/cookiecutter/cookiecutter,stars,2015-10-10,2161,github
https://github.com/cookiecutter/cookiecutter,stars,2015-10-17,2202,github
https://github.com/cookiecutter/cookiecutter,stars,2015-10-22,2220,github
https://github.com/cookiecutter/cookiecutter,stars,2015-10-31,2247,github
https://github.com/cookiecutter/cookiecutter,stars,2015-11-07,2267,github
https://github.com/cookiecutter/cookiecutter,stars,2015-11-14,2290,github
https://github.com/cookiecutter/cookiecutter,stars,2015-11-21,2310,github
https://github.com/cookiecutter/cookiecutter,stars,2015-11-28,2340,github
https://github.com/cookiecutter/cookiecutter,stars,2015-12-05,2352,github
https://github.com/cookiecutter/cookiecutter,stars,2015-12-12,2373,github
https://github.com/cookiecutter/cookiecutter,stars,2015-12-19,2400,github
https://github.com/cookiecutter/cookiecutter,stars,2015-12-26,2421,github
https://github.com/cookiecutter/cookiecutter,stars,2016-01-01,2449,github
https://github.com/cookiecutter/cookiecutter,stars,2016-01-09,2486,github
https://github.com/cookiecutter/cookiecutter,stars,2016-01-16,2508,github
https://github.com/cookiecutter/cookiecutter,stars,2016-01-23,2547,github
https://github.com/cookiecutter/cookiecutter,stars,2016-01-30,2565,github
https://github.com/cookiecutter/cookiecutter,stars,2016-02-06,2586,github
https://github.com/cookiecutter/cookiecutter,stars,2016-02-13,2602,github
https://github.com/cookiecutter/cookiecutter,stars,2016-02-20,2700,github
https://github.com/cookiecutter/cookiecutter,stars,2016-02-27,2730,github
https://github.com/cookiecutter/cookiecutter,stars,2016-03-05,2759,github
https://github.com/cookiecutter/cookiecutter,stars,2016-03-12,2779,github
https://github.com/cookiecutter/cookiecutter,stars,2016-03-19,2795,github
https://github.com/cookiecutter/cookiecutter,stars,2016-03-26,2813,github
https://github.com/cookiecutter/cookiecutter,stars,2016-04-02,2843,github
https://github.com/cookiecutter/cookiecutter,stars,2016-04-09,2877,github
https://github.com/cookiecutter/cookiecutter,stars,2016-04-16,2904,github
https://github.com/cookiecutter/cookiecutter,stars,2016-04-23,2929,github
https://github.com/cookiecutter/cookiecutter,stars,2016-04-30,2956,github
https://github.com/cookiecutter/cookiecutter,stars,2016-05-07,2984,github
https://github.com/cookiecutter/cookiecutter,stars,2016-05-14,3011,github
https://github.com/cookiecutter/cookiecutter,stars,2016-05-21,3039,github
https://github.com/cookiecutter/cookiecutter,stars,2016-05-28,3063,github
https://github.com/cookiecutter/cookiecutter,stars,2016-06-04,3099,github
https://github.com/cookiecutter/cookiecutter,stars,2016-06-11,3125,github
https://github.com/cookiecutter/cookiecutter,stars,2016-06-18,3153,github
https://github.com/cookiecutter/cookiecutter,stars,2016-06-24,3181,github
https://github.com/cookiecutter/cookiecutter,stars,2016-07-01,3205,github
https://github.com/cookiecutter/cookiecutter,stars,2016-07-09,3235,github
https://github.com/cookiecutter/cookiecutter,stars,2016-07-16,3260,github
https://github.com/cookiecutter/cookiecutter,stars,2016-07-23,3294,github
https://github.com/cookiecutter/cookiecutter,stars,2016-07-30,3317,github
https://github.com/cookiecutter/cookiecutter,stars,2016-08-06,3347,github
https://github.com/cookiecutter/cookiecutter,stars,2016-08-13,3375,github
https://github.com/cookiecutter/cookiecutter,stars,2016-08-20,3401,github
https://github.com/cookiecutter/cookiecutter,stars,2016-08-27,3423,github
https://github.com/cookiecutter/cookiecutter,stars,2016-09-03,3449,github
https://github.com/cookiecutter/cookiecutter,stars,2016-09-10,3478,github
https://github.com/cookiecutter/cookiecutter,stars,2016-09-17,3505,github
https://github.com/cookiecutter/cookiecutter,stars,2016-09-24,3524,github
https://github.com/cookiecutter/cookiecutter,stars,2016-10-01,3544,github
https://github.com/cookiecutter/cookiecutter,stars,2016-10-08,3576,github
https://github.com/cookiecutter/cookiecutter,stars,2016-10-15,3606,github
https://github.com/cookiecutter/cookiecutter,stars,2016-10-22,3635,github
https://github.com/cookiecutter/cookiecutter,stars,2016-10-29,3657,github
https://github.com/cookiecutter/cookiecutter,stars,2016-11-05,3679,github
https://github.com/cookiecutter/cookiecutter,stars,2016-11-12,3701,github
https://github.com/cookiecutter/cookiecutter,stars,2016-11-19,3729,github
https://github.com/cookiecutter/cookiecutter,stars,2016-11-26,3749,github
https://github.com/cookiecutter/cookiecutter,stars,2016-12-03,3777,github
https://github.com/cookiecutter/cookiecutter,stars,2016-12-10,3817,github
https://github.com/cookiecutter/cookiecutter,stars,2016-12-17,3835,github
https://github.com/cookiecutter/cookiecutter,stars,2016-12-24,3883,github
https://github.com/cookiecutter/cookiecutter,stars,2016-12-31,3913,github
https://github.com/cookiecutter/cookiecutter,stars,2017-01-07,3937,github
https://github.com/cookiecutter/cookiecutter,stars,2017-01-14,3983,github
https://github.com/cookiecutter/cookiecutter,stars,2017-01-20,4019,github
https://github.com/cookiecutter/cookiecutter,stars,2017-01-28,4044,github
https://github.com/cookiecutter/cookiecutter,stars,2017-02-04,4090,github
https://github.com/cookiecutter/cookiecutter,stars,2017-02-11,4123,github
https://github.com/cookiecutter/cookiecutter,stars,2017-02-18,4150,github
https://github.com/cookiecutter/cookiecutter,stars,2017-02-25,4185,github
https://github.com/cookiecutter/cookiecutter,stars,2017-03-04,4229,github
https://github.com/cookiecutter/cookiecutter,stars,2017-03-11,4271,github
https://github.com/cookiecutter/cookiecutter,stars,2017-03-18,4307,github
https://github.com/cookiecutter/cookiecutter,stars,2017-03-25,4348,github
https://github.com/cookiecutter/cookiecutter,stars,2017-04-01,4385,github
https://github.com/cookiecutter/cookiecutter,stars,2017-04-08,4420,github
https://github.com/cookiecutter/cookiecutter,stars,2017-04-15,4449,github
https://github.com/cookiecutter/cookiecutter,stars,2017-04-22,4478,github
https://github.com/cookiecutter/cookiecutter,stars,2017-04-29,4514,github
https://github.com/cookiecutter/cookiecutter,stars,2017-05-06,4549,github
https://github.com/cookiecutter/cookiecutter,stars,2017-05-13,4586,github
https://github.com/cookiecutter/cookiecutter,stars,2017-05-20,4636,github
https://github.com/cookiecutter/cookiecutter,stars,2017-05-27,4710,github
https://github.com/cookiecutter/cookiecutter,stars,2017-06-03,4740,github
https://github.com/cookiecutter/cookiecutter,stars,2017-06-10,4770,github
https://github.com/cookiecutter/cookiecutter,stars,2017-06-16,4794,github
https://github.com/cookiecutter/cookiecutter,stars,2017-06-24,4825,github
https://github.com/cookiecutter/cookiecutter,stars,2017-07-01,4860,github
https://github.com/cookiecutter/cookiecutter,stars,2017-07-08,4899,github
https://github.com/cookiecutter/cookiecutter,stars,2017-07-15,4937,github
https://github.com/cookiecutter/cookiecutter,stars,2017-07-22,4970,github
https://github.com/cookiecutter/cookiecutter,stars,2017-07-29,5026,github
https://github.com/cookiecutter/cookiecutter,stars,2017-08-05,5058,github
https://github.com/cookiecutter/cookiecutter,stars,2017-08-12,5086,github
https://github.com/cookiecutter/cookiecutter,stars,2017-08-19,5117,github
https://github.com/cookiecutter/cookiecutter,stars,2017-08-26,5140,github
https://github.com/cookiecutter/cookiecutter,stars,2017-09-02,5170,github
https://github.com/cookiecutter/cookiecutter,stars,2017-09-09,5201,github
https://github.com/cookiecutter/cookiecutter,stars,2017-09-16,5221,github
https://github.com/cookiecutter/cookiecutter,stars,2017-09-22,5243,github
https://github.com/cookiecutter/cookiecutter,stars,2017-09-30,5276,github
https://github.com/cookiecutter/cookiecutter,stars,2017-10-07,5302,github
https://github.com/cookiecutter/cookiecutter,stars,2017-10-14,5350,github
https://github.com/cookiecutter/cookiecutter,stars,2017-10-21,5385,github
https://github.com/cookiecutter/cookiecutter,stars,2017-10-28,5411,github
https://github.com/cookiecutter/cookiecutter,stars,2017-11-04,5435,github
https://github.com/cookiecutter/cookiecutter,stars,2017-11-11,5465,github
https://github.com/cookiecutter/cookiecutter,stars,2017-11-18,5498,github
https://github.com/cookiecutter/cookiecutter,stars,2017-11-25,5529,github
https://github.com/cookiecutter/cookiecutter,stars,2017-12-01,5579,github
https://github.com/cookiecutter/cookiecutter,stars,2017-12-09,5609,github
https://github.com/cookiecutter/cookiecutter,stars,2017-12-16,5645,github
https://github.com/cookiecutter/cookiecutter,stars,2017-12-23,5678,github
https://github.com/cookiecutter/cookiecutter,stars,2017-12-30,5700,github
https://github.com/cookiecutter/cookiecutter,stars,2018-01-06,5738,github
https://github.com/cookiecutter/cookiecutter,stars,2018-01-13,5764,github
https://github.com/cookiecutter/cookiecutter,stars,2018-01-20,5801,github
https://github.com/cookiecutter/cookiecutter,stars,2018-01-27,5838,github
https://github.com/cookiecutter/cookiecutter,stars,2018-02-03,5876,github
https://github.com/cookiecutter/cookiecutter,stars,2018-02-10,5908,github
https://github.com/cookiecutter/cookiecutter,stars,2018-02-17,5943,github
https://github.com/cookiecutter/cookiecutter,stars,2018-02-24,5978,github
https://github.com/cookiecutter/cookiecutter,stars,2018-03-03,6017,github
https://github.com/cookiecutter/cookiecutter,stars,2018-03-10,6069,github
https://github.com/cookiecutter/cookiecutter,stars,2018-03-17,6137,github
https://github.com/cookiecutter/cookiecutter,stars,2018-03-24,6183,github
https://github.com/cookiecutter/cookiecutter,stars,2018-03-31,6241,github
https://github.com/cookiecutter/cookiecutter,stars,2018-04-07,6280,github
https://github.com/cookiecutter/cookiecutter,stars,2018-04-14,6321,github
https://github.com/cookiecutter/cookiecutter,stars,2018-04-21,6360,github
https://github.com/cookiecutter/cookiecutter,stars,2018-04-28,6412,github
https://github.com/cookiecutter/cookiecutter,stars,2018-05-05,6456,github
https://github.com/cookiecutter/cookiecutter,stars,2018-05-12,6498,github
https://github.com/cookiecutter/cookiecutter,stars,2018-05-19,6555,github
https://github.com/cookiecutter/cookiecutter,stars,2018-05-26,6595,github
https://github.com/cookiecutter/cookiecutter,stars,2018-06-02,6641,github
https://github.com/cookiecutter/cookiecutter,stars,2018-06-09,6690,github
https://github.com/cookiecutter/cookiecutter,stars,2018-06-16,6737,github
https://github.com/cookiecutter/cookiecutter,stars,2018-06-23,6781,github
https://github.com/cookiecutter/cookiecutter,stars,2018-06-30,6822,github
https://github.com/cookiecutter/cookiecutter,stars,2018-07-07,6853,github
https://github.com/cookiecutter/cookiecutter,stars,2018-07-14,6906,github
https://github.com/cookiecutter/cookiecutter,stars,2018-07-21,6945,github
https://github.com/cookiecutter/cookiecutter,stars,2018-07-28,6991,github
https://github.com/cookiecutter/cookiecutter,stars,2018-08-04,7038,github
https://github.com/cookiecutter/cookiecutter,stars,2018-08-11,7074,github
https://github.com/cookiecutter/cookiecutter,stars,2018-08-18,7120,github
https://github.com/cookiecutter/cookiecutter,stars,2018-08-25,7163,github
https://github.com/cookiecutter/cookiecutter,stars,2018-09-01,7188,github
https://github.com/cookiecutter/cookiecutter,stars,2018-09-08,7240,github
https://github.com/cookiecutter/cookiecutter,stars,2018-09-15,7273,github
https://github.com/cookiecutter/cookiecutter,stars,2018-09-22,7325,github
https://github.com/cookiecutter/cookiecutter,stars,2018-09-29,7373,github
https://github.com/cookiecutter/cookiecutter,stars,2018-10-06,7417,github
https://github.com/cookiecutter/cookiecutter,stars,2018-10-13,7452,github
https://github.com/cookiecutter/cookiecutter,stars,2018-10-20,7511,github
https://github.com/cookiecutter/cookiecutter,stars,2018-10-27,7563,github
https://github.com/cookiecutter/cookiecutter,stars,2018-11-03,7609,github
https://github.com/cookiecutter/cookiecutter,stars,2018-11-10,7642,github
https://github.com/cookiecutter/cookiecutter,stars,2018-11-17,7692,github
https://github.com/cookiecutter/cookiecutter,stars,2018-11-24,7754,github
https://github.com/cookiecutter/cookiecutter,stars,2018-12-01,7810,github
https://github.com/cookiecutter/cookiecutter,stars,2018-12-08,7861,github
https://github.com/cookiecutter/cookiecutter,stars,2018-12-15,7907,github
https://github.com/cookiecutter/cookiecutter,stars,2018-12-22,7944,github
https://github.com/cookiecutter/cookiecutter,stars,2018-12-29,7980,github
https://github.com/cookiecutter/cookiecutter,stars,2019-01-05,8015,github
https://github.com/cookiecutter/cookiecutter,stars,2019-01-12,8063,github
https://github.com/cookiecutter/cookiecutter,stars,2019-01-19,8105,github
https://github.com/cookiecutter/cookiecutter,stars,2019-01-26,8156,github
https://github.com/cookiecutter/cookiecutter,stars,2019-02-02,8210,github
https://github.com/cookiecutter/cookiecutter,stars,2019-02-09,8243,github
https://github.com/cookiecutter/cookiecutter,stars,2019-02-16,8291,github
https://github.com/cookiecutter/cookiecutter,stars,2019-02-23,8344,github
https://github.com/cookiecutter/cookiecutter,stars,2019-03-02,8404,github
https://github.com/cookiecutter/cookiecutter,stars,2019-03-09,8452,github
https://github.com/cookiecutter/cookiecutter,stars,2019-03-16,8510,github
https://github.com/cookiecutter/cookiecutter,stars,2019-03-23,8545,github
https://github.com/cookiecutter/cookiecutter,stars,2019-03-30,8589,github
https://github.com/cookiecutter/cookiecutter,stars,2019-04-06,8639,github
https://github.com/cookiecutter/cookiecutter,stars,2019-04-13,8679,github
https://github.com/cookiecutter/cookiecutter,stars,2019-04-20,8741,github
https://github.com/cookiecutter/cookiecutter,stars,2019-04-27,8790,github
https://github.com/cookiecutter/cookiecutter,stars,2019-05-04,8828,github
https://github.com/cookiecutter/cookiecutter,stars,2019-05-11,8876,github
https://github.com/cookiecutter/cookiecutter,stars,2019-05-18,8945,github
https://github.com/cookiecutter/cookiecutter,stars,2019-05-25,8993,github
https://github.com/cookiecutter/cookiecutter,stars,2019-06-01,9021,github
https://github.com/cookiecutter/cookiecutter,stars,2019-06-08,9061,github
https://github.com/cookiecutter/cookiecutter,stars,2019-06-15,9111,github
https://github.com/cookiecutter/cookiecutter,stars,2019-06-22,9154,github
https://github.com/cookiecutter/cookiecutter,stars,2019-06-29,9197,github
https://github.com/cookiecutter/cookiecutter,stars,2019-07-06,9244,github
https://github.com/cookiecutter/cookiecutter,stars,2019-07-09,9851,wayback
https://github.com/cookiecutter/cookiecutter,stars,2019-07-13,9278,github
https://github.com/cookiecutter/cookiecutter,stars,2019-07-19,9317,github
https://github.com/cookiecutter/cookiecutter,stars,2019-07-27,9354,github
https://github.com/cookiecutter/cookiecutter,stars,2019-08-03,9392,github
https://github.com/cookiecutter/cookiecutter,stars,2019-08-04,9991,wayback
https://github.com/cookiecutter/cookiecutter,stars,2019-08-10,9420,github
https://github.com/cookiecutter/cookiecutter,stars,2019-08-17,9475,github
https://github.com/cookiecutter/cookiecutter,stars,2019-08-24,9521,github
https://github.com/cookiecutter/cookiecutter,stars,2019-08-31,9562,github
https://github.com/cookiecutter/cookiecutter,stars,2019-09-07,9595,github
https://github.com/cookiecutter/cookiecutter,stars,2019-09-14,9638,github
https://github.com/cookiecutter/cookiecutter,stars,2019-09-21,9683,github
https://github.com/cookiecutter/cookiecutter,stars,2019-09-24,10291,wayback
https://github.com/cookiecutter/cookiecutter,stars,2019-09-28,9722,github
https://github.com/cookiecutter/cookiecutter,stars,2019-10-02,10336,wayback
https://github.com/cookiecutter/cookiecutter,stars,2019-10-05,9761,github
https://github.com/cookiecutter/cookiecutter,stars,2019-10-12,9808,github
https://github.com/cookiecutter/cookiecutter,stars,2019-10-19,9850,github
https://github.com/cookiecutter/cookiecutter,stars,2019-10-26,9908,github
https://github.com/cookiecutter/cookiecutter,stars,2019-11-02,9942,github
https://github.com/cookiecutter/cookiecutter,stars,2019-11-09,9978,github
https://github.com/cookiecutter/cookiecutter,stars,2019-11-16,10018,github
https://github.com/cookiecutter/cookiecutter,stars,2019-11-18,10618,wayback
https://github.com/cookiecutter/cookiecutter,stars,2019-11-23,10057,github
https://github.com/cookiecutter/cookiecutter,stars,2019-11-30,10095,github
https://github.com/cookiecutter/cookiecutter,stars,2019-12-07,10134,github
https://github.com/cookiecutter/cookiecutter,stars,2019-12-14,10172,github
https://github.com/cookiecutter/cookiecutter,stars,2019-12-21,10202,github
https://github.com/cookiecutter/cookiecutter,stars,2019-12-28,10238,github
https://github.com/cookiecutter/cookiecutter,stars,2020-01-04,10274,github
https://github.com/cookiecutter/cookiecutter,stars,2020-01-05,10889,wayback
https://github.com/cookiecutter/cookiecutter,stars,2020-01-11,10315,github
https://github.com/cookiecutter/cookiecutter,stars,2020-01-18,10361,github
https://github.com/cookiecutter/cookiecutter,stars,2020-01-25,10412,github
https://github.com/cookiecutter/cookiecutter,stars,2020-02-01,10444,github
https://github.com/cookiecutter/cookiecutter,stars,2020-02-04,11095,wayback
https://github.com/cookiecutter/cookiecutter,stars,2020-02-08,10505,github
https://github.com/cookiecutter/cookiecutter,stars,2020-02-15,10558,github
https://github.com/cookiecutter/cookiecutter,stars,2020-02-22,10618,github
https://github.com/cookiecutter/cookiecutter,stars,2020-02-29,10671,github
https://github.com/cookiecutter/cookiecutter,stars,2020-03-07,10726,github
https://github.com/cookiecutter/cookiecutter,stars,2020-03-14,10778,github
https://github.com/cookiecutter/cookiecutter,stars,2020-03-21,10816,github
https://github.com/cookiecutter/cookiecutter,stars,2020-03-28,10862,github
https://github.com/cookiecutter/cookiecutter,stars,2020-04-04,10919,github
https://github.com/cookiecutter/cookiecutter,stars,2020-04-11,10976,github
https://github.com/cookiecutter/cookiecutter,stars,2020-04-12,11625,wayback
https://github.com/cookiecutter/cookiecutter,stars,2020-04-18,11056,github
https://github.com/cookiecutter/cookiecutter,stars,2020-04-25,11100,github
https://github.com/cookiecutter/cookiecutter,stars,2020-05-02,11178,github
https://github.com/cookiecutter/cookiecutter,stars,2020-05-09,11241,github
https://github.com/cookiecutter/cookiecutter,stars,2020-05-16,11310,github
https://github.com/cookiecutter/cookiecutter,stars,2020-05-23,11348,github
https://github.com/cookiecutter/cookiecutter,stars,2020-05-30,11416,github
https://github.com/cookiecutter/cookiecutter,stars,2020-06-06,11451,github
https://github.com/cookiecutter/cookiecutter,stars,2020-06-12,12148,wayback
https://github.com/cookiecutter/cookiecutter,stars,2020-06-13,11507,github
https://github.com/cookiecutter/cookiecutter,stars,2020-06-20,11568,github
https://github.com/cookiecutter/cookiecutter,stars,2020-06-27,11622,github
https://github.com/cookiecutter/cookiecutter,stars,2020-07-04,11676,github
https://github.com/cookiecutter/cookiecutter,stars,2020-07-06,12341,wayback
https://github.com/cookiecutter/cookiecutter,stars,2020-07-11,11725,github
https://github.com/cookiecutter/cookiecutter,stars,2020-07-18,11771,github
https://github.com/cookiecutter/cookiecutter,stars,2020-07-25,11830,github
https://github.com/cookiecutter/cookiecutter,stars,2020-07-31,11875,github
https://github.com/cookiecutter/cookiecutter,stars,2020-08-08,11911,github
https://github.com/cookiecutter/cookiecutter,stars,2020-08-15,11948,github
https://github.com/cookiecutter/cookiecutter,stars,2020-08-22,11987,github
https://github.com/cookiecutter/cookiecutter,stars,2020-08-29,12048,github
https://github.com/cookiecutter/cookiecutter,stars,2020-09-05,12096,github
https://github.com/cookiecutter/cookiecutter,stars,2020-09-10,12793,wayback
https://github.com/cookiecutter/cookiecutter,stars,2020-09-12,12148,github
https://github.com/cookiecutter/cookiecutter,stars,2020-09-19,12192,github
https://github.com/cookiecutter/cookiecutter,stars,2020-09-26,12231,github
https://github.com/cookiecutter/cookiecutter,stars,2020-10-03,12281,github
https://github.com/cookiecutter/cookiecutter,stars,2020-10-10,12331,github
https://github.com/cookiecutter/cookiecutter,stars,2020-10-14,13008,wayback
https://github.com/cookiecutter/cookiecutter,stars,2020-10-17,12371,github
https://github.com/cookiecutter/cookiecutter,stars,2020-10-24,12416,github
https://github.com/cookiecutter/cookiecutter,stars,2020-10-31,12455,github
https://github.com/cookiecutter/cookiecutter,stars,2020-11-07,12490,github
https://github.com/cookiecutter/cookiecutter,stars,2020-11-08,13146,wayback
https://github.com/cookiecutter/cookiecutter,stars,2020-11-14,12561,github
https://github.com/cookiecutter/cookiecutter,stars,2020-11-21,12606,github
https://github.com/cookiecutter/cookiecutter,stars,2020-11-28,12652,github
https://github.com/cookiecutter/cookiecutter,stars,2020-12-05,12695,github
https://github.com/cookiecutter/cookiecutter,stars,2020-12-12,12743,github
https://github.com/cookiecutter/cookiecutter,stars,2020-12-13,13415,wayback
https://github.com/cookiecutter/cookiecutter,stars,2020-12-19,12803,github
https://github.com/cookiecutter/cookiecutter,stars,2020-12-26,12843,github
https://github.com/cookiecutter/cookiecutter,stars,2021-01-02,12878,github
https://github.com/cookiecutter/cookiecutter,stars,2021-01-08,13576,wayback
https://github.com/cookiecutter/cookiecutter,stars,2021-01-09,12938,github
https://github.com/cookiecutter/cookiecutter,stars,2021-01-16,12985,github
https://github.com/cookiecutter/cookiecutter,stars,2021-01-23,13029,github
https://github.com/cookiecutter/cookiecutter,stars,2021-01-30,13090,github
https://github.com/cookiecutter/cookiecutter,stars,2021-02-06,13144,github
https://github.com/cookiecutter/cookiecutter,stars,2021-02-07,13802,wayback
https://github.com/cookiecutter/cookiecutter,stars,2021-02-13,13189,github
https://github.com/cookiecutter/cookiecutter,stars,2021-02-20,13226,github
https://github.com/cookiecutter/cookiecutter,stars,2021-02-26,13268,github
https://github.com/cookiecutter/cookiecutter,stars,2021-03-06,13322,github
https://github.com/cookiecutter/cookiecutter,stars,2021-03-13,13368,github
https://github.com/cookiecutter/cookiecutter,stars,2021-03-20,13416,github
https://github.com/cookiecutter/cookiecutter,stars,2021-03-27,13459,github
https://github.com/cookiecutter/cookiecutter,stars,2021-04-03,13499,github
https://github.com/cookiecutter/cookiecutter,stars,2021-04-10,13552,github
https://github.com/cookiecutter/cookiecutter,stars,2021-04-15,14259,wayback
https://github.com/cookiecutter/cookiecutter,stars,2021-04-17,13611,github
https://github.com/cookiecutter/cookiecutter,stars,2021-04-24,13663,github
https://github.com/cookiecutter/cookiecutter,stars,2021-05-01,13713,github
https://github.com/cookiecutter/cookiecutter,stars,2021-05-08,13761,github
https://github.com/cookiecutter/cookiecutter,stars,2021-05-15,13807,github
https://github.com/cookiecutter/cookiecutter,stars,2021-05-22,13863,github
https://github.com/cookiecutter/cookiecutter,stars,2021-05-27,14560,wayback
https://github.com/cookiecutter/cookiecutter,stars,2021-05-29,13907,github
https://github.com/cookiecutter/cookiecutter,stars,2021-06-05,13955,github
https://github.com/cookiecutter/cookiecutter,stars,2021-06-10,14673,wayback
https://github.com/cookiecutter/cookiecutter,stars,2021-06-12,14021,github
https://github.com/cookiecutter/cookiecutter,stars,2021-06-19,14076,github
https://github.com/cookiecutter/cookiecutter,stars,2021-06-26,14130,github
https://github.com/cookiecutter/cookiecutter,stars,2021-07-03,14179,github
https://github.com/cookiecutter/cookiecutter,stars,2021-07-10,14229,github
https://github.com/cookiecutter/cookiecutter,stars,2021-07-17,14271,github
https://github.com/cookiecutter/cookiecutter,stars,2021-07-19,14951,wayback
https://github.com/cookiecutter/cookiecutter,stars,2021-07-23,14311,github
https://github.com/cookiecutter/cookiecutter,stars,2021-07-31,14356,github
https://github.com/cookiecutter/cookiecutter,stars,2021-08-07,14412,github
https://github.com/cookiecutter/cookiecutter,stars,2021-08-10,15085,wayback
https://github.com/cookiecutter/cookiecutter,stars,2021-08-14,14442,github
https://github.com/cookiecutter/cookiecutter,stars,2021-08-21,14485,github
https://github.com/cookiecutter/cookiecutter,stars,2021-08-28,14524,github
https://github.com/cookiecutter/cookiecutter,stars,2021-09-04,14562,github
https://github.com/cookiecutter/cookiecutter,stars,2021-09-11,14616,github
https://github.com/cookiecutter/cookiecutter,stars,2021-09-18,14663,github
https://github.com/cookiecutter/cookiecutter,stars,2021-09-25,14692,github
https://github.com/cookiecutter/cookiecutter,stars,2021-10-02,14721,github
https://github.com/cookiecutter/cookiecutter,stars,2021-10-06,15409,wayback
https://github.com/cookiecutter/cookiecutter,stars,2021-10-09,14774,github
https://github.com/cookiecutter/cookiecutter,stars,2021-10-16,14814,github
https://github.com/cookiecutter/cookiecutter,stars,2021-10-23,14871,github
https://github.com/cookiecutter/cookiecutter,stars,2021-10-30,14915,github
https://github.com/cookiecutter/cookiecutter,stars,2021-11-02,15584,wayback
https://github.com/cookiecutter/cookiecutter,stars,2021-11-06,14953,github
https://github.com/cookiecutter/cookiecutter,stars,2021-11-13,15006,github
https://github.com/cookiecutter/cookiecutter,stars,2021-11-20,15046,github
https://github.com/cookiecutter/cookiecutter,stars,2021-11-27,15094,github
https://github.com/cookiecutter/cookiecutter,stars,2021-12-03,15767,wayback
https://github.com/cookiecutter/cookiecutter,stars,2021-12-04,15123,github
https://github.com/cookiecutter/cookiecutter,stars,2021-12-11,15177,github
https://github.com/cookiecutter/cookiecutter,stars,2021-12-18,15226,github
https://github.com/cookiecutter/cookiecutter,stars,2021-12-25,15259,github
https://github.com/cookiecutter/cookiecutter,stars,2022-01-01,15291,github
https://github.com/cookiecutter/cookiecutter,stars,2022-01-08,15338,github
https://github.com/cookiecutter/cookiecutter,stars,2022-01-10,16012,wayback
https://github.com/cookiecutter/cookiecutter,stars,2022-01-15,15388,github
https://github.com/cookiecutter/cookiecutter,stars,2022-01-22,15443,github
https://github.com/cookiecutter/cookiecutter,stars,2022-01-29,15494,github
https://github.com/cookiecutter/cookiecutter,stars,2022-02-05,15553,github
https://github.com/cookiecutter/cookiecutter,stars,2022-02-06,16191,wayback
https://github.com/cookiecutter/cookiecutter,stars,2022-02-12,15592,github
https://github.com/cookiecutter/cookiecutter,stars,2022-02-19,15641,github
https://github.com/cookiecutter/cookiecutter,stars,2022-02-26,15698,github
https://github.com/cookiecutter/cookiecutter,stars,2022-03-05,15740,github
https://github.com/cookiecutter/cookiecutter,stars,2022-03-06,16370,wayback
https://github.com/cookiecutter/cookiecutter,stars,2022-03-12,15782,github
https://github.com/cookiecutter/cookiecutter,stars,2022-03-19,15821,github
https://github.com/cookiecutter/cookiecutter,stars,2022-03-26,15862,github
https://github.com/cookiecutter/cookiecutter,stars,2022-04-02,15909,github
https://github.com/cookiecutter/cookiecutter,stars,2022-04-05,16553,wayback
https://github.com/cookiecutter/cookiecutter,stars,2022-04-09,15991,github
https://github.com/cookiecutter/cookiecutter,stars,2022-04-16,16038,github
https://github.com/cookiecutter/cookiecutter,stars,2022-04-23,16113,github
https://github.com/cookiecutter/cookiecutter,stars,2022-04-30,16176,github
https://github.com/cookiecutter/cookiecutter,stars,2022-05-02,16813,wayback
https://github.com/cookiecutter/cookiecutter,stars,2022-05-07,16231,github
https://github.com/cookiecutter/cookiecutter,stars,2022-05-14,16277,github
https://github.com/cookiecutter/cookiecutter,stars,2022-05-21,16332,github
https://github.com/cookiecutter/cookiecutter,stars,2022-05-28,16371,github
https://github.com/cookiecutter/cookiecutter,stars,2022-06-02,17255,wayback
https://github.com/cookiecutter/cookiecutter,stars,2022-06-04,16678,github
https://github.com/cookiecutter/cookiecutter,stars,2022-06-11,16724,github
https://github.com/cookiecutter/cookiecutter,stars,2022-06-18,16761,github
https://github.com/cookiecutter/cookiecutter,stars,2022-06-25,16809,github
https://github.com/cookiecutter/cookiecutter,stars,2022-07-01,17500,wayback
https://github.com/cookiecutter/cookiecutter,stars,2022-07-02,16868,github
https://github.com/cookiecutter/cookiecutter,stars,2022-07-09,16906,github
https://github.com/cookiecutter/cookiecutter,stars,2022-07-16,16957,github
https://github.com/cookiecutter/cookiecutter,stars,2022-07-23,16999,github
https://github.com/cookiecutter/cookiecutter,stars,2022-07-30,17054,github
https://github.com/cookiecutter/cookiecutter,stars,2022-08-06,17103,github
https://github.com/cookiecutter/cookiecutter,stars,2022-08-13,17141,github
https://github.com/cookiecutter/cookiecutter,stars,2022-08-20,17193,github
https://github.com/cookiecutter/cookiecutter,stars,2022-08-27,17233,github
https://github.com/cookiecutter/cookiecutter,stars,2022-09-01,17895,wayback
https://github.com/cookiecutter/cookiecutter,stars,2022-09-03,17289,github
https://github.com/cookiecutter/cookiecutter,stars,2022-09-10,17328,github
https://github.com/cookiecutter/cookiecutter,stars,2022-09-17,17378,github
https://github.com/cookiecutter/cookiecutter,stars,2022-09-24,17435,github
https://github.com/cookiecutter/cookiecutter,stars,2022-10-01,17466,github
https://github.com/cookiecutter/cookiecutter,stars,2022-10-08,17522,github
https://github.com/cookiecutter/cookiecutter,stars,2022-10-15,17575,github
https://github.com/cookiecutter/cookiecutter,stars,2022-10-21,18231,wayback
https://github.com/cookiecutter/cookiecutter,stars,2022-10-22,17633,github
https://github.com/cookiecutter/cookiecutter,stars,2022-10-29,17683,github
https://github.com/cookiecutter/cookiecutter,stars,2022-11-05,17723,github
https://github.com/cookiecutter/cookiecutter,stars,2022-11-12,17763,github
https://github.com/cookiecutter/cookiecutter,stars,2022-11-19,17802,github
https://github.com/cookiecutter/cookiecutter,stars,2022-11-26,17868,github
https://github.com/cookiecutter/cookiecutter,stars,2022-12-03,17917,github
https://github.com/cookiecutter/cookiecutter,stars,2022-12-10,17956,github
https://github.com/cookiecutter/cookiecutter,stars,2022-12-11,18550,wayback
https://github.com/cookiecutter/cookiecutter,stars,2022-12-17,17977,github
https://github.com/cookiecutter/cookiecutter,stars,2022-12-24,18026,github
https://github.com/cookiecutter/cookiecutter,stars,2022-12-31,18051,github
https://github.com/cookiecutter/cookiecutter,stars,2023-01-07,18083,github
https://github.com/cookiecutter/cookiecutter,stars,2023-01-14,18125,github
https://github.com/cookiecutter/cookiecutter,stars,2023-01-21,18176,github
https://github.com/cookiecutter/cookiecutter,stars,2023-01-24,18760,wayback
https://github.com/cookiecutter/cookiecutter,stars,2023-01-28,18219,github
https://github.com/cookiecutter/cookiecutter,stars,2023-02-04,18278,github
https://github.com/cookiecutter/cookiecutter,stars,2023-02-11,18333,github
https://github.com/cookiecutter/cookiecutter,stars,2023-02-18,18381,github
https://github.com/cookiecutter/cookiecutter,stars,2023-02-25,18428,github
https://github.com/cookiecutter/cookiecutter,stars,2023-03-04,18477,github
https://github.com/cookiecutter/cookiecutter,stars,2023-03-06,19053,wayback
https://github.com/cookiecutter/cookiecutter,stars,2023-03-11,18537,github
https://github.com/cookiecutter/cookiecutter,stars,2023-03-18,18595,github
https://github.com/cookiecutter/cookiecutter,stars,2023-03-25,18625,github
https://github.com/cookiecutter/cookiecutter,stars,2023-04-01,18675,github
https://github.com/cookiecutter/cookiecutter,stars,2023-04-08,18720,github
https://github.com/cookiecutter/cookiecutter,stars,2023-04-15,18759,github
https://github.com/cookiecutter/cookiecutter,stars,2023-04-16,19338,wayback
https://github.com/cookiecutter/cookiecutter,stars,2023-04-22,18809,github
https://github.com/cookiecutter/cookiecutter,stars,2023-04-29,18860,github
https://github.com/cookiecutter/cookiecutter,stars,2023-05-06,18904,github
https://github.com/cookiecutter/cookiecutter,stars,2023-05-13,18981,github
https://github.com/cookiecutter/cookiecutter,stars,2023-05-20,19019,github
https://github.com/cookiecutter/cookiecutter,stars,2023-05-27,19068,github
https://github.com/cookiecutter/cookiecutter,stars,2023-06-03,19124,github
https://github.com/cookiecutter/cookiecutter,stars,2023-06-10,19155,github
https://github.com/cookiecutter/cookiecutter,stars,2023-06-17,19194,github
https://github.com/cookiecutter/cookiecutter,stars,2023-06-24,19237,github
https://github.com/cookiecutter/cookiecutter,stars,2023-07-01,19280,github
https://github.com/cookiecutter/cookiecutter,stars,2023-07-08,19331,github
https://github.com/cookiecutter/cookiecutter,stars,2023-07-15,19367,github
https://github.com/cookiecutter/cookiecutter,stars,2023-07-21,19412,github
https://github.com/cookiecutter/cookiecutter,stars,2023-07-25,19983,wayback
https://github.com/cookiecutter/cookiecutter,stars,2023-07-29,19464,github
https://github.com/cookiecutter/cookiecutter,stars,2023-08-05,19496,github
https://github.com/cookiecutter/cookiecutter,stars,2023-08-09,20053,wayback
https://github.com/cookiecutter/cookiecutter,stars,2023-08-12,19529,github
https://github.com/cookiecutter/cookiecutter,stars,2023-08-19,19576,github
https://github.com/cookiecutter/cookiecutter,stars,2023-08-26,19616,github
https://github.com/cookiecutter/cookiecutter,stars,2023-09-02,19654,github
https://github.com/cookiecutter/cookiecutter,stars,2023-09-05,20205,wayback
https://github.com/cookiecutter/cookiecutter,stars,2023-09-09,19704,github
https://github.com/cookiecutter/cookiecutter,stars,2023-09-16,19741,github
https://github.com/cookiecutter/cookiecutter,stars,2023-09-23,19776,github
https://github.com/cookiecutter/cookiecutter,stars,2023-09-30,19810,github
https://github.com/cookiecutter/cookiecutter,stars,2023-10-01,20326,wayback
https://github.com/cookiecutter/cookiecutter,stars,2023-10-07,19865,github
https://github.com/cookiecutter/cookiecutter,stars,2023-10-14,19899,github
https://github.com/cookiecutter/cookiecutter,stars,2023-10-21,19946,github
https://github.com/cookiecutter/cookiecutter,stars,2023-10-28,20011,github
https://github.com/cookiecutter/cookiecutter,stars,2023-11-04,20077,github
https://github.com/cookiecutter/cookiecutter,stars,2023-11-11,20134,github
https://github.com/cookiecutter/cookiecutter,stars,2023-11-18,20193,github
https://github.com/cookiecutter/cookiecutter,stars,2023-11-23,20720,wayback
https://github.com/cookiecutter/cookiecutter,stars,2023-11-25,20241,github
https://github.com/cookiecutter/cookiecutter,stars,2023-12-02,20286,github
https://github.com/cookiecutter/cookiecutter,stars,2023-12-03,20788,wayback
https://github.com/cookiecutter/cookiecutter,stars,2023-12-09,20329,github
https://github.com/cookiecutter/cookiecutter,stars,2023-12-16,20366,github
https://github.com/cookiecutter/cookiecutter,stars,2023-12-23,20403,github
https://github.com/cookiecutter/cookiecutter,stars,2023-12-30,20433,github
https://github.com/cookiecutter/cookiecutter,stars,2024-01-06,20469,github
https://github.com/cookiecutter/cookiecutter,stars,2024-01-13,20516,github
https://github.com/cookiecutter/cookiecutter,stars,2024-01-15,20997,wayback
https://github.com/cookiecutter/cookiecutter,stars,2024-01-20,20570,github
https://github.com/cookiecutter/cookiecutter,stars,2024-01-27,20617,github
https://github.com/cookiecutter/cookiecutter,stars,2024-02-01,21129,wayback
https://github.com/cookiecutter/cookiecutter,stars,2024-02-03,20672,github
https://github.com/cookiecutter/cookiecutter,stars,2024-02-10,20709,github
https://github.com/cookiecutter/cookiecutter,stars,2024-02-17,20740,github
https://github.com/cookiecutter/cookiecutter,stars,2024-02-24,20800,github
https://github.com/cookiecutter/cookiecutter,stars,2024-03-02,20844,github
https://github.com/cookiecutter/cookiecutter,stars,2024-03-09,20896,github
https://github.com/cookiecutter/cookiecutter,stars,2024-03-16,20940,github
https://github.com/cookiecutter/cookiecutter,stars,2024-03-23,20989,github
https://github.com/cookiecutter/cookiecutter,stars,2024-03-30,21017,github
https://github.com/cookiecutter/cookiecutter,stars,2024-04-06,21054,github
https://github.com/cookiecutter/cookiecutter,stars,2024-04-07,21480,wayback
https://github.com/cookiecutter/cookiecutter,stars,2024-04-13,21097,github
https://github.com/cookiecutter/cookiecutter,stars,2024-04-20,21133,github
https://github.com/cookiecutter/cookiecutter,stars,2024-04-27,21175,github
https://github.com/cookiecutter/cookiecutter,stars,2024-05-02,21619,wayback
https://github.com/cookiecutter/cookiecutter,stars,2024-05-04,21218,github
https://github.com/cookiecutter/cookiecutter,stars,2024-05-11,21264,github
https://github.com/cookiecutter/cookiecutter,stars,2024-05-18,21303,github
https://github.com/cookiecutter/cookiecutter,stars,2024-05-25,21348,github
https://github.com/cookiecutter/cookiecutter,stars,2024-06-01,21380,github
https://github.com/cookiecutter/cookiecutter,stars,2024-06-04,21810,wayback
https://github.com/cookiecutter/cookiecutter,stars,2024-06-08,21415,github
https://github.com/cookiecutter/cookiecutter,stars,2024-06-15,21444,github
https://github.com/cookiecutter/cookiecutter,stars,2024-06-22,21479,github
https://github.com/cookiecutter/cookiecutter,stars,2024-06-29,21521,github
https://github.com/cookiecutter/cookiecutter,stars,2024-07-06,21559,github
https://github.com/cookiecutter/cookiecutter,stars,2024-07-07,21963,wayback
https://github.com/cookiecutter/cookiecutter,stars,2024-07-13,21599,github
https://github.com/cookiecutter/cookiecutter,stars,2024-07-20,21636,github
https://github.com/cookiecutter/cookiecutter,stars,2024-07-27,21675,github
https://github.com/cookiecutter/cookiecutter,stars,2024-08-01,22097,wayback
https://github.com/cookiecutter/cookiecutter,stars,2024-08-03,21722,github
https://github.com/cookiecutter/cookiecutter,stars,2024-08-10,21751,github
https://github.com/cookiecutter/cookiecutter,stars,2024-08-17,21781,github
https://github.com/cookiecutter/cookiecutter,stars,2024-08-24,21830,github
https://github.com/cookiecutter/cookiecutter,stars,2024-08-31,21876,github
https://github.com/cookiecutter/cookiecutter,stars,2024-09-07,21897,github
https://github.com/cookiecutter/cookiecutter,stars,2024-09-11,22284,wayback
https://github.com/cookiecutter/cookiecutter,stars,2024-09-14,21931,github
https://github.com/cookiecutter/cookiecutter,stars,2024-09-21,21969,github
https://github.com/cookiecutter/cookiecutter,stars,2024-09-28,22003,github
https://github.com/cookiecutter/cookiecutter,stars,2024-10-01,22376,wayback
https://github.com/cookiecutter/cookiecutter,stars,2024-10-05,22037,github
https://github.com/cookiecutter/cookiecutter,stars,2024-10-12,22072,github
https://github.com/cookiecutter/cookiecutter,stars,2024-10-19,22128,github
https://github.com/cookiecutter/cookiecutter,stars,2024-10-26,22172,github
https://github.com/cookiecutter/cookiecutter,stars,2024-11-02,22210,github
https://github.com/cookiecutter/cookiecutter,stars,2024-11-04,22569,wayback
https://github.com/cookiecutter/cookiecutter,stars,2024-11-09,22250,github
https://github.com/cookiecutter/cookiecutter,stars,2024-11-16,22290,github
https://github.com/cookiecutter/cookiecutter,stars,2024-11-23,22326,github
https://github.com/cookiecutter/cookiecutter,stars,2024-11-30,22354,github
https://github.com/cookiecutter/cookiecutter,stars,2024-12-05,22722,wayback
https://github.com/cookiecutter/cookiecutter,stars,2024-12-06,22390,github
https://github.com/cookiecutter/cookiecutter,stars,2024-12-14,22434,github
https://github.com/cookiecutter/cookiecutter,stars,2024-12-21,22470,github
https://github.com/cookiecutter/cookiecutter,stars,2024-12-28,22495,github
https://github.com/cookiecutter/cookiecutter,stars,2025-01-01,22840,wayback
https://github.com/cookiecutter/cookiecutter,stars,2025-01-04,22515,github
https://github.com/cookiecutter/cookiecutter,stars,2025-01-11,22543,github
https://github.com/cookiecutter/cookiecutter,stars,2025-01-18,22595,github
https://github.com/cookiecutter/cookiecutter,stars,2025-01-25,22632,github
https://github.com/cookiecutter/cookiecutter,stars,2025-02-01,22663,github
https://github.com/cookiecutter/cookiecutter,stars,2025-02-06,23020,wayback
https://github.com/cookiecutter/cookiecutter,stars,2025-02-08,22713,github
https://github.com/cookiecutter/cookiecutter,stars,2025-02-15,22749,github
https://github.com/cookiecutter/cookiecutter,stars,2025-02-22,22783,github
https://github.com/cookiecutter/cookiecutter,stars,2025-03-01,22820,github
https://github.com/cookiecutter/cookiecutter,stars,2025-03-03,23131,wayback
https://github.com/cookiecutter/cookiecutter,stars,2025-03-08,22858,github
https://github.com/cookiecutter/cookiecutter,stars,2025-03-15,22904,github
https://github.com/cookiecutter/cookiecutter,stars,2025-03-22,22945,github
https://github.com/cookiecutter/cookiecutter,stars,2025-03-29,22980,github
https://github.com/cookiecutter/cookiecutter,stars,2025-04-05,23021,github
https://github.com/cookiecutter/cookiecutter,stars,2025-04-12,23065,github
https://github.com/cookiecutter/cookiecutter,stars,2025-04-14,23375,wayback
https://github.com/cookiecutter/cookiecutter,stars,2025-04-19,23106,github
https://github.com/cookiecutter/cookiecutter,stars,2025-04-26,23142,github
https://github.com/cookiecutter/cookiecutter,stars,2025-05-02,23459,wayback
https://github.com/cookiecutter/cookiecutter,stars,2025-05-03,23178,github
https://github.com/cookiecutter/cookiecutter,stars,2025-05-10,23210,github
https://github.com/cookiecutter/cookiecutter,stars,2025-05-17,23243,github
https://github.com/cookiecutter/cookiecutter,stars,2025-05-24,23276,github
https://github.com/cookiecutter/cookiecutter,stars,2025-05-31,23307,github
https://github.com/cookiecutter/cookiecutter,stars,2025-06-07,23345,github
https://github.com/cookiecutter/cookiecutter,stars,2025-06-13,23644,wayback
https://github.com/cookiecutter/cookiecutter,stars,2025-06-14,23382,github
https://github.com/cookiecutter/cookiecutter,stars,2025-06-21,23416,github
https://github.com/cookiecutter/cookiecutter,stars,2025-06-28,23455,github
https://github.com/cookiecutter/cookiecutter,stars,2025-07-05,23495,github
https://github.com/cookiecutter/cookiecutter,stars,2025-07-12,23531,github
https://github.com/cookiecutter/cookiecutter,stars,2025-07-19,23564,github
https://github.com/cookiecutter/cookiecutter,stars,2025-07-26,23599,github
https://github.com/cookiecutter/cookiecutter,stars,2025-08-02,23635,github
https://github.com/cookiecutter/cookiecutter,stars,2025-08-06,23913,wayback
https://github.com/cookiecutter/cookiecutter,stars,2025-08-09,23675,github
https://github.com/cookiecutter/cookiecutter,stars,2025-08-16,23714,github
https://github.com/cookiecutter/cookiecutter,stars,2025-08-23,23751,github
https://github.com/cookiecutter/cookiecutter,stars,2025-08-30,23782,github
https://github.com/cookiecutter/cookiecutter,stars,2025-09-06,23810,github
https://github.com/cookiecutter/cookiecutter,stars,2025-09-08,24056,wayback
https://github.com/cookiecutter/cookiecutter,stars,2025-09-13,23837,github
https://github.com/cookiecutter/cookiecutter,stars,2025-09-20,23868,github
https://github.com/cookiecutter/cookiecutter,stars,2025-09-27,23897,github
https://github.com/cookiecutter/cookiecutter,stars,2025-10-04,23918,github
https://github.com/cookiecutter/cookiecutter,stars,2025-10-11,23938,github
https://github.com/cookiecutter/cookiecutter,stars,2025-10-18,23966,github
https://github.com/cookiecutter/cookiecutter,stars,2025-10-25,24005,github
https://github.com/cookiecutter/cookiecutter,stars,2025-11-01,24032,github
https://github.com/cookiecutter/cookiecutter,stars,2025-11-08,24076,github
https://github.com/cookiecutter/cookiecutter,stars,2025-11-09,24289,wayback
https://github.com/cookiecutter/cookiecutter,stars,2025-11-15,24100,github
https://github.com/cookiecutter/cookiecutter,stars,2025-11-22,24123,github
https://github.com/cookiecutter/cookiecutter,stars,2025-11-28,24160,github
https://github.com/cookiecutter/cookiecutter,stars,2025-12-02,24381,wayback
https://github.com/cookiecutter/cookiecutter,stars,2025-12-06,24192,github
https://github.com/cookiecutter/cookiecutter,stars,2025-12-13,24220,github
https://github.com/cookiecutter/cookiecutter,stars,2025-12-20,24257,github
https://github.com/cookiecutter/cookiecutter,stars,2025-12-27,24274,github
https://github.com/cookiecutter/cookiecutter,stars,2026-01-01,24472,wayback
https://github.com/cookiecutter/cookiecutter,stars,2026-01-03,24294,github
https://github.com/cookiecutter/cookiecutter,stars,2026-01-10,24328,github
https://github.com/cookiecutter/cookiecutter,stars,2026-01-17,24363,github
https://github.com/cookiecutter/cookiecutter,stars,2026-01-24,24394,github
https://github.com/cookiecutter/cookiecutter,stars,2026-01-31,24431,github
https://github.com/cookiecutter/cookiecutter,stars,2026-02-07,24461,github
https://github.com/cookiecutter/cookiecutter,stars,2026-02-09,24647,wayback
https://github.com/cookiecutter/cookiecutter,stars,2026-02-14,24485,github
https://github.com/cookiecutter/cookiecutter,stars,2026-02-21,24507,github
https://github.com/cookiecutter/cookiecutter,stars,2026-02-27,24533,github
https://github.com/cookiecutter/cookiecutter,stars,2026-03-02,24711,wayback
https://github.com/cookiecutter/cookiecutter,stars,2026-03-07,24561,github
https://github.com/cookiecutter/cookiecutter,stars,2026-03-14,24579,github
https://github.com/cookiecutter/cookiecutter,stars,2026-03-21,24604,github
https://github.com/cookiecutter/cookiecutter,stars,2026-03-28,24632,github
https://github.com/cookiecutter/cookiecutter,stars,2026-04-04,24655,github
https://github.com/cookiecutter/cookiecutter,stars,2026-04-10,24802,wayback
https://github.com/cookiecutter/cookiecutter,stars,2026-04-11,24674,github
https://github.com/cookiecutter/cookiecutter,stars,2026-04-18,24697,github
https://github.com/cookiecutter/cookiecutter,stars,2026-04-25,24718,github
https://github.com/cookiecutter/cookiecutter,stars,2026-05-02,24740,github
https://github.com/cookiecutter/cookiecutter,stars,2026-05-09,24762,github
https://github.com/cookiecutter/cookiecutter,stars,2026-05-16,24785,github
https://github.com/cookiecutter/cookiecutter,stars,2026-05-22,24891,wayback
https://github.com/cookiecutter/cookiecutter,stars,2026-05-23,24805,github
https://github.com/cookiecutter/cookiecutter,stars,2026-05-30,24821,github
https://github.com/cookiecutter/cookiecutter,stars,2026-06-01,24908,wayback
https://github.com/cookiecutter/cookiecutter,stars,2026-06-06,24846,github
https://github.com/cookiecutter/cookiecutter,stars,2026-06-13,24864,github
https://github.com/cookiecutter/cookiecutter,stars,2026-06-20,24894,github
https://github.com/cookiecutter/cookiecutter,stars,2026-06-27,24915,github
https://github.com/cookiecutter/cookiecutter,stars,2026-07-04,24927,github
https://github.com/cookiecutter/cookiecutter,stars,2026-07-09,24996,wayback
https://github.com/cookiecutter/cookiecutter,stars,2026-07-11,24949,github
https://github.com/cookiecutter/cookiecutter,stars,2026-07-18,24971,github
https://github.com/cookiecutter/cookiecutter,stars,2026-07-25,24994,github
https://github.com/cookiecutter/cookiecutter,stars,2026-08-01,25005,github
https://github.com/cookiecutter/cookiecutter,stars,2026-08-07,25016,github
https://github.com/cookiecutter/cookiecutter,stars,2026-08-09,25052,wayback
https://github.com/cookiecutter/cookiecutter,stars,2026-08-15,25028,github
https://github.com/cookiecutter/cookiecutter,stars,2026-08-16,25057,sample
https://github.com/cookiecutter/cookiecutter,stars,2026-08-18,25056,sample
https://github.com/cookiecutter/cookiecutter,stars,2026-08-22,25040,github
https://github.com/cookiecutter/cookiecutter,stars,2026-08-25,25065,sample
https://github.com/cookiecutter/cookiecutter,stars,2026-08-29,25053,github
https://github.com/cookiecutter/cookiecutter,stars,2026-09-01,25069,sample
https://github.com/cookiecutter/cookiecutter,stars,2026-09-05,25067,github
https://github.com/cookiecutter/cookiecutter,stars,2026-09-07,25078,sample
https://github.com/cookiecutter/cookiecutter,stars,2026-09-12,25081,github
https://github.com/cookiecutter/cookiecutter,stars,2026-09-15,25088,sample
https://github.com/cookiecutter/cookiecutter,stars,2026-09-19,25094,github
https://github.com/cookiecutter/cookiecutter,stars,2026-09-22,25101,github
https://github.com/copier-org/copier,commit,2026-09-22,2026-09-18,sample
https://github.com/copier-org/copier,release,2026-09-07,2026-09-07,sample
https://github.com/copier-org/copier,release_source,2026-08-16,release,sample
https://github.com/copier-org/copier,stars,2011-11-01,0,created
https://github.com/copier-org/copier,stars,2013-07-19,15,github
https://github.com/copier-org/copier,stars,2013-07-27,21,github
https://github.com/copier-org/copier,stars,2014-01-10,22,github
https://github.com/copier-org/copier,stars,2014-02-27,23,github
https://github.com/copier-org/copier,stars,2014-03-14,24,github
https://github.com/copier-org/copier,stars,2014-11-19,25,github
https://github.com/copier-org/copier,stars,2015-04-17,26,github
https://github.com/copier-org/copier,stars,2015-11-03,27,github
https://github.com/copier-org/copier,stars,2016-05-10,28,github
https://github.com/copier-org/copier,stars,2016-09-05,29,github
https://github.com/copier-org/copier,stars,2017-02-21,30,github
https://github.com/copier-org/copier,stars,2017-05-18,31,github
https://github.com/copier-org/copier,stars,2018-03-25,32,github
https://github.com/copier-org/copier,stars,2019-04-05,33,github
https://github.com/copier-org/copier,stars,2019-04-08,35,github
https://github.com/copier-org/copier,stars,2019-07-06,36,github
https://github.com/copier-org/copier,stars,2019-08-22,37,github
https://github.com/copier-org/copier,stars,2019-09-05,38,github
https://github.com/copier-org/copier,stars,2019-09-13,42,github
https://github.com/copier-org/copier,stars,2019-10-08,43,github
https://github.com/copier-org/copier,stars,2019-10-25,44,github
https://github.com/copier-org/copier,stars,2019-10-31,45,github
https://github.com/copier-org/copier,stars,2019-11-21,46,github
https://github.com/copier-org/copier,stars,2020-02-06,47,github
https://github.com/copier-org/copier,stars,2020-02-17,51,github
https://github.com/copier-org/copier,stars,2020-03-10,52,github
https://github.com/copier-org/copier,stars,2020-03-24,53,github
https://github.com/copier-org/copier,stars,2020-04-10,54,github
https://github.com/copier-org/copier,stars,2020-04-12,55,github
https://github.com/copier-org/copier,stars,2020-04-27,56,github
https://github.com/copier-org/copier,stars,2020-05-15,59,github
https://github.com/copier-org/copier,stars,2020-05-20,60,github
https://github.com/copier-org/copier,stars,2020-05-25,62,github
https://github.com/copier-org/copier,stars,2020-06-01,63,github
https://github.com/copier-org/copier,stars,2020-06-18,64,github
https://github.com/copier-org/copier,stars,2020-06-27,69,github
https://github.com/copier-org/copier,stars,2020-07-02,70,github
https://github.com/copier-org/copier,stars,2020-07-17,74,github
https://github.com/copier-org/copier,stars,2020-07-23,77,github
https://github.com/copier-org/copier,stars,2020-07-29,78,github
https://github.com/copier-org/copier,stars,2020-08-04,80,github
https://github.com/copier-org/copier,stars,2020-08-10,82,github
https://github.com/copier-org/copier,stars,2020-08-22,85,github
https://github.com/copier-org/copier,stars,2020-08-29,88,github
https://github.com/copier-org/copier,stars,2020-09-04,92,github
https://github.com/copier-org/copier,stars,2020-09-08,95,github
https://github.com/copier-org/copier,stars,2020-09-16,105,wayback
https://github.com/copier-org/copier,stars,2020-09-18,96,github
https://github.com/copier-org/copier,stars,2020-09-26,100,github
https://github.com/copier-org/copier,stars,2020-10-03,102,github
https://github.com/copier-org/copier,stars,2020-10-10,107,github
https://github.com/copier-org/copier,stars,2020-10-15,111,github
https://github.com/copier-org/copier,stars,2020-10-20,114,github
https://github.com/copier-org/copier,stars,2020-10-31,119,github
https://github.com/copier-org/copier,stars,2020-11-07,123,github
https://github.com/copier-org/copier,stars,2020-11-11,135,wayback
https://github.com/copier-org/copier,stars,2020-11-14,127,github
https://github.com/copier-org/copier,stars,2020-11-20,130,github
https://github.com/copier-org/copier,stars,2020-11-26,132,github
https://github.com/copier-org/copier,stars,2020-12-04,140,github
https://github.com/copier-org/copier,stars,2020-12-08,141,github
https://github.com/copier-org/copier,stars,2020-12-19,144,github
https://github.com/copier-org/copier,stars,2020-12-24,149,github
https://github.com/copier-org/copier,stars,2020-12-31,154,github
https://github.com/copier-org/copier,stars,2021-01-08,157,github
https://github.com/copier-org/copier,stars,2021-01-16,177,github
https://github.com/copier-org/copier,stars,2021-01-23,189,github
https://github.com/copier-org/copier,stars,2021-01-30,197,github
https://github.com/copier-org/copier,stars,2021-02-06,215,github
https://github.com/copier-org/copier,stars,2021-02-09,238,wayback
https://github.com/copier-org/copier,stars,2021-02-13,229,github
https://github.com/copier-org/copier,stars,2021-02-20,238,github
https://github.com/copier-org/copier,stars,2021-02-27,243,github
https://github.com/copier-org/copier,stars,2021-03-06,254,github
https://github.com/copier-org/copier,stars,2021-03-12,260,github
https://github.com/copier-org/copier,stars,2021-03-20,266,github
https://github.com/copier-org/copier,stars,2021-03-27,274,github
https://github.com/copier-org/copier,stars,2021-04-02,278,github
https://github.com/copier-org/copier,stars,2021-04-08,280,github
https://github.com/copier-org/copier,stars,2021-04-16,285,github
https://github.com/copier-org/copier,stars,2021-04-23,290,github
https://github.com/copier-org/copier,stars,2021-05-01,299,github
https://github.com/copier-org/copier,stars,2021-05-07,309,github
https://github.com/copier-org/copier,stars,2021-05-14,316,github
https://github.com/copier-org/copier,stars,2021-05-21,320,github
https://github.com/copier-org/copier,stars,2021-05-27,322,github
https://github.com/copier-org/copier,stars,2021-06-03,324,github
https://github.com/copier-org/copier,stars,2021-06-11,331,github
https://github.com/copier-org/copier,stars,2021-06-18,334,github
https://github.com/copier-org/copier,stars,2021-06-25,337,github
https://github.com/copier-org/copier,stars,2021-07-03,339,github
https://github.com/copier-org/copier,stars,2021-07-10,344,github
https://github.com/copier-org/copier,stars,2021-07-11,364,wayback
https://github.com/copier-org/copier,stars,2021-07-16,351,github
https://github.com/copier-org/copier,stars,2021-07-20,352,github
https://github.com/copier-org/copier,stars,2021-08-07,357,github
https://github.com/copier-org/copier,stars,2021-08-13,361,github
https://github.com/copier-org/copier,stars,2021-08-19,364,github
https://github.com/copier-org/copier,stars,2021-08-28,365,github
https://github.com/copier-org/copier,stars,2021-09-03,369,github
https://github.com/copier-org/copier,stars,2021-09-08,392,wayback
https://github.com/copier-org/copier,stars,2021-09-10,379,github
https://github.com/copier-org/copier,stars,2021-09-16,380,github
https://github.com/copier-org/copier,stars,2021-10-01,382,github
https://github.com/copier-org/copier,stars,2021-10-09,388,github
https://github.com/copier-org/copier,stars,2021-10-16,392,github
https://github.com/copier-org/copier,stars,2021-10-18,412,wayback
https://github.com/copier-org/copier,stars,2021-10-23,395,github
https://github.com/copier-org/copier,stars,2021-10-29,405,github
https://github.com/copier-org/copier,stars,2021-11-03,406,github
https://github.com/copier-org/copier,stars,2021-11-09,409,github
https://github.com/copier-org/copier,stars,2021-11-19,417,github
https://github.com/copier-org/copier,stars,2021-11-26,423,github
https://github.com/copier-org/copier,stars,2021-12-03,427,github
https://github.com/copier-org/copier,stars,2021-12-08,429,github
https://github.com/copier-org/copier,stars,2021-12-18,434,github
https://github.com/copier-org/copier,stars,2021-12-25,438,github
https://github.com/copier-org/copier,stars,2021-12-31,461,wayback
https://github.com/copier-org/copier,stars,2022-01-01,443,github
https://github.com/copier-org/copier,stars,2022-01-03,445,github
https://github.com/copier-org/copier,stars,2022-01-15,447,github
https://github.com/copier-org/copier,stars,2022-01-21,452,github
https://github.com/copier-org/copier,stars,2022-01-26,456,github
https://github.com/copier-org/copier,stars,2022-02-05,458,github
https://github.com/copier-org/copier,stars,2022-02-12,461,github
https://github.com/copier-org/copier,stars,2022-02-25,468,github
https://github.com/copier-org/copier,stars,2022-03-04,471,github
https://github.com/copier-org/copier,stars,2022-03-11,474,github
https://github.com/copier-org/copier,stars,2022-03-16,494,wayback
https://github.com/copier-org/copier,stars,2022-03-18,484,github
https://github.com/copier-org/copier,stars,2022-03-22,486,github
https://github.com/copier-org/copier,stars,2022-04-01,492,github
https://github.com/copier-org/copier,stars,2022-04-08,497,github
https://github.com/copier-org/copier,stars,2022-04-15,505,github
https://github.com/copier-org/copier,stars,2022-04-23,513,github
https://github.com/copier-org/copier,stars,2022-04-29,519,github
https://github.com/copier-org/copier,stars,2022-05-07,524,github
https://github.com/copier-org/copier,stars,2022-05-13,531,github
https://github.com/copier-org/copier,stars,2022-05-21,542,github
https://github.com/copier-org/copier,stars,2022-05-27,547,github
https://github.com/copier-org/copier,stars,2022-06-02,551,github
https://github.com/copier-org/copier,stars,2022-06-11,562,github
https://github.com/copier-org/copier,stars,2022-06-17,573,github
https://github.com/copier-org/copier,stars,2022-06-23,579,github
https://github.com/copier-org/copier,stars,2022-06-30,601,wayback
https://github.com/copier-org/copier,stars,2022-07-02,586,github
https://github.com/copier-org/copier,stars,2022-07-09,594,github
https://github.com/copier-org/copier,stars,2022-07-16,600,github
https://github.com/copier-org/copier,stars,2022-07-19,606,github
https://github.com/copier-org/copier,stars,2022-07-30,617,github
https://github.com/copier-org/copier,stars,2022-08-06,627,github
https://github.com/copier-org/copier,stars,2022-08-11,634,github
https://github.com/copier-org/copier,stars,2022-08-20,641,github
https://github.com/copier-org/copier,stars,2022-08-26,651,github
https://github.com/copier-org/copier,stars,2022-09-02,657,github
https://github.com/copier-org/copier,stars,2022-09-07,682,wayback
https://github.com/copier-org/copier,stars,2022-09-10,666,github
https://github.com/copier-org/copier,stars,2022-09-17,678,github
https://github.com/copier-org/copier,stars,2022-09-24,688,github
https://github.com/copier-org/copier,stars,2022-10-01,691,github
https://github.com/copier-org/copier,stars,2022-10-07,696,github
https://github.com/copier-org/copier,stars,2022-10-14,707,github
https://github.com/copier-org/copier,stars,2022-10-22,718,github
https://github.com/copier-org/copier,stars,2022-10-29,729,github
https://github.com/copier-org/copier,stars,2022-11-04,735,github
https://github.com/copier-org/copier,stars,2022-11-12,739,github
https://github.com/copier-org/copier,stars,2022-11-18,745,github
https://github.com/copier-org/copier,stars,2022-11-25,753,github
https://github.com/copier-org/copier,stars,2022-11-27,777,wayback
https://github.com/copier-org/copier,stars,2022-12-03,759,github
https://github.com/copier-org/copier,stars,2022-12-10,765,github
https://github.com/copier-org/copier,stars,2022-12-16,771,github
https://github.com/copier-org/copier,stars,2022-12-23,777,github
https://github.com/copier-org/copier,stars,2022-12-30,780,github
https://github.com/copier-org/copier,stars,2023-01-07,788,github
https://github.com/copier-org/copier,stars,2023-01-14,798,github
https://github.com/copier-org/copier,stars,2023-01-19,831,wayback
https://github.com/copier-org/copier,stars,2023-01-20,811,github
https://github.com/copier-org/copier,stars,2023-01-28,820,github
https://github.com/copier-org/copier,stars,2023-02-04,827,github
https://github.com/copier-org/copier,stars,2023-02-11,839,github
https://github.com/copier-org/copier,stars,2023-02-18,853,github
https://github.com/copier-org/copier,stars,2023-02-24,860,github
https://github.com/copier-org/copier,stars,2023-03-04,867,github
https://github.com/copier-org/copier,stars,2023-03-11,883,github
https://github.com/copier-org/copier,stars,2023-03-18,893,github
https://github.com/copier-org/copier,stars,2023-03-25,916,github
https://github.com/copier-org/copier,stars,2023-04-01,927,github
https://github.com/copier-org/copier,stars,2023-04-07,935,github
https://github.com/copier-org/copier,stars,2023-04-15,952,github
https://github.com/copier-org/copier,stars,2023-04-22,969,github
https://github.com/copier-org/copier,stars,2023-04-28,978,github
https://github.com/copier-org/copier,stars,2023-05-06,989,github
https://github.com/copier-org/copier,stars,2023-05-12,1015,github
https://github.com/copier-org/copier,stars,2023-05-20,1022,github
https://github.com/copier-org/copier,stars,2023-05-27,1033,github
https://github.com/copier-org/copier,stars,2023-06-03,1039,github
https://github.com/copier-org/copier,stars,2023-06-09,1048,github
https://github.com/copier-org/copier,stars,2023-06-17,1061,github
https://github.com/copier-org/copier,stars,2023-06-19,1102,wayback
https://github.com/copier-org/copier,stars,2023-06-24,1071,github
https://github.com/copier-org/copier,stars,2023-06-30,1083,github
https://github.com/copier-org/copier,stars,2023-07-08,1097,github
https://github.com/copier-org/copier,stars,2023-07-15,1108,github
https://github.com/copier-org/copier,stars,2023-07-18,1112,github
https://github.com/copier-org/copier,stars,2023-07-29,1131,github
https://github.com/copier-org/copier,stars,2023-08-05,1142,github
https://github.com/copier-org/copier,stars,2023-08-11,1151,github
https://github.com/copier-org/copier,stars,2023-08-19,1159,github
https://github.com/copier-org/copier,stars,2023-08-26,1166,github
https://github.com/copier-org/copier,stars,2023-09-02,1171,github
https://github.com/copier-org/copier,stars,2023-09-09,1185,github
https://github.com/copier-org/copier,stars,2023-09-16,1201,github
https://github.com/copier-org/copier,stars,2023-09-23,1220,github
https://github.com/copier-org/copier,stars,2023-09-28,1232,github
https://github.com/copier-org/copier,stars,2023-10-07,1245,github
https://github.com/copier-org/copier,stars,2023-10-11,1288,wayback
https://github.com/copier-org/copier,stars,2023-10-14,1255,github
https://github.com/copier-org/copier,stars,2023-10-21,1262,github
https://github.com/copier-org/copier,stars,2023-10-28,1271,github
https://github.com/copier-org/copier,stars,2023-11-03,1277,github
https://github.com/copier-org/copier,stars,2023-11-11,1289,github
https://github.com/copier-org/copier,stars,2023-11-18,1295,github
https://github.com/copier-org/copier,stars,2023-11-24,1300,github
https://github.com/copier-org/copier,stars,2023-11-27,1346,wayback
https://github.com/copier-org/copier,stars,2023-12-02,1314,github
https://github.com/copier-org/copier,stars,2023-12-09,1331,github
https://github.com/copier-org/copier,stars,2023-12-14,1385,wayback
https://github.com/copier-org/copier,stars,2023-12-15,1346,github
https://github.com/copier-org/copier,stars,2023-12-23,1358,github
https://github.com/copier-org/copier,stars,2023-12-30,1364,github
https://github.com/copier-org/copier,stars,2024-01-04,1369,github
https://github.com/copier-org/copier,stars,2024-01-11,1413,wayback
https://github.com/copier-org/copier,stars,2024-01-13,1380,github
https://github.com/copier-org/copier,stars,2024-01-19,1390,github
https://github.com/copier-org/copier,stars,2024-01-25,1399,github
https://github.com/copier-org/copier,stars,2024-02-03,1410,github
https://github.com/copier-org/copier,stars,2024-02-10,1422,github
https://github.com/copier-org/copier,stars,2024-02-17,1429,github
https://github.com/copier-org/copier,stars,2024-02-24,1447,github
https://github.com/copier-org/copier,stars,2024-03-02,1467,github
https://github.com/copier-org/copier,stars,2024-03-09,1481,github
https://github.com/copier-org/copier,stars,2024-03-16,1524,github
https://github.com/copier-org/copier,stars,2024-03-23,1554,github
https://github.com/copier-org/copier,stars,2024-03-30,1573,github
https://github.com/copier-org/copier,stars,2024-04-05,1594,github
https://github.com/copier-org/copier,stars,2024-04-13,1608,github
https://github.com/copier-org/copier,stars,2024-04-20,1622,github
https://github.com/copier-org/copier,stars,2024-04-25,1630,github
https://github.com/copier-org/copier,stars,2024-05-03,1636,github
https://github.com/copier-org/copier,stars,2024-05-10,1649,github
https://github.com/copier-org/copier,stars,2024-05-16,1661,github
https://github.com/copier-org/copier,stars,2024-05-25,1671,github
https://github.com/copier-org/copier,stars,2024-06-01,1683,github
https://github.com/copier-org/copier,stars,2024-06-08,1697,github
https://github.com/copier-org/copier,stars,2024-06-15,1715,github
https://github.com/copier-org/copier,stars,2024-06-22,1735,github
https://github.com/copier-org/copier,stars,2024-06-29,1744,github
https://github.com/copier-org/copier,stars,2024-07-05,1756,github
https://github.com/copier-org/copier,stars,2024-07-07,1800,wayback
https://github.com/copier-org/copier,stars,2024-07-13,1773,github
https://github.com/copier-org/copier,stars,2024-07-20,1776,github
https://github.com/copier-org/copier,stars,2024-07-26,1789,github
https://github.com/copier-org/copier,stars,2024-08-03,1804,github
https://github.com/copier-org/copier,stars,2024-08-08,1852,wayback
https://github.com/copier-org/copier,stars,2024-08-10,1816,github
https://github.com/copier-org/copier,stars,2024-08-16,1827,github
https://github.com/copier-org/copier,stars,2024-08-24,1839,github
https://github.com/copier-org/copier,stars,2024-08-30,1850,github
https://github.com/copier-org/copier,stars,2024-09-07,1862,github
https://github.com/copier-org/copier,stars,2024-09-14,1872,github
https://github.com/copier-org/copier,stars,2024-09-20,1889,github
https://github.com/copier-org/copier,stars,2024-09-26,1949,wayback
https://github.com/copier-org/copier,stars,2024-09-28,1911,github
https://github.com/copier-org/copier,stars,2024-10-01,1964,wayback
https://github.com/copier-org/copier,stars,2024-10-05,1922,github
https://github.com/copier-org/copier,stars,2024-10-12,1933,github
https://github.com/copier-org/copier,stars,2024-10-18,1947,github
https://github.com/copier-org/copier,stars,2024-10-26,1957,github
https://github.com/copier-org/copier,stars,2024-10-31,1966,github
https://github.com/copier-org/copier,stars,2024-11-04,2017,wayback
https://github.com/copier-org/copier,stars,2024-11-09,1978,github
https://github.com/copier-org/copier,stars,2024-11-16,1997,github
https://github.com/copier-org/copier,stars,2024-11-23,2011,github
https://github.com/copier-org/copier,stars,2024-11-29,2018,github
https://github.com/copier-org/copier,stars,2024-12-03,2073,wayback
https://github.com/copier-org/copier,stars,2024-12-07,2027,github
https://github.com/copier-org/copier,stars,2024-12-14,2044,github
https://github.com/copier-org/copier,stars,2024-12-21,2062,github
https://github.com/copier-org/copier,stars,2024-12-27,2072,github
https://github.com/copier-org/copier,stars,2025-01-04,2081,github
https://github.com/copier-org/copier,stars,2025-01-06,2147,wayback
https://github.com/copier-org/copier,stars,2025-01-11,2106,github
https://github.com/copier-org/copier,stars,2025-01-17,2118,github
https://github.com/copier-org/copier,stars,2025-01-25,2138,github
https://github.com/copier-org/copier,stars,2025-02-01,2149,github
https://github.com/copier-org/copier,stars,2025-02-08,2172,github
https://github.com/copier-org/copier,stars,2025-02-15,2192,github
https://github.com/copier-org/copier,stars,2025-02-22,2211,github
https://github.com/copier-org/copier,stars,2025-02-28,2233,github
https://github.com/copier-org/copier,stars,2025-03-05,2297,wayback
https://github.com/copier-org/copier,stars,2025-03-08,2256,github
https://github.com/copier-org/copier,stars,2025-03-14,2278,github
https://github.com/copier-org/copier,stars,2025-03-22,2302,github
https://github.com/copier-org/copier,stars,2025-03-29,2320,github
https://github.com/copier-org/copier,stars,2025-04-04,2391,wayback
https://github.com/copier-org/copier,stars,2025-04-05,2349,github
https://github.com/copier-org/copier,stars,2025-04-12,2371,github
https://github.com/copier-org/copier,stars,2025-04-19,2387,github
https://github.com/copier-org/copier,stars,2025-04-26,2407,github
https://github.com/copier-org/copier,stars,2025-05-03,2424,github
https://github.com/copier-org/copier,stars,2025-05-10,2440,github
https://github.com/copier-org/copier,stars,2025-05-16,2451,github
https://github.com/copier-org/copier,stars,2025-05-24,2463,github
https://github.com/copier-org/copier,stars,2025-05-31,2474,github
https://github.com/copier-org/copier,stars,2025-06-01,2523,wayback
https://github.com/copier-org/copier,stars,2025-06-07,2492,github
https://github.com/copier-org/copier,stars,2025-06-14,2520,github
https://github.com/copier-org/copier,stars,2025-06-20,2533,github
https://github.com/copier-org/copier,stars,2025-06-28,2551,github
https://github.com/copier-org/copier,stars,2025-07-05,2574,github
https://github.com/copier-org/copier,stars,2025-07-08,2630,wayback
https://github.com/copier-org/copier,stars,2025-07-12,2608,github
https://github.com/copier-org/copier,stars,2025-07-19,2646,github
https://github.com/copier-org/copier,stars,2025-07-26,2659,github
https://github.com/copier-org/copier,stars,2025-08-02,2676,github
https://github.com/copier-org/copier,stars,2025-08-09,2687,github
https://github.com/copier-org/copier,stars,2025-08-13,2744,wayback
https://github.com/copier-org/copier,stars,2025-08-16,2701,github
https://github.com/copier-org/copier,stars,2025-08-23,2717,github
https://github.com/copier-org/copier,stars,2025-08-29,2728,github
https://github.com/copier-org/copier,stars,2025-09-06,2750,github
https://github.com/copier-org/copier,stars,2025-09-07,2801,wayback
https://github.com/copier-org/copier,stars,2025-09-13,2760,github
https://github.com/copier-org/copier,stars,2025-09-20,2777,github
https://github.com/copier-org/copier,stars,2025-09-26,2791,github
https://github.com/copier-org/copier,stars,2025-10-03,2804,github
https://github.com/copier-org/copier,stars,2025-10-11,2814,github
https://github.com/copier-org/copier,stars,2025-10-18,2826,github
https://github.com/copier-org/copier,stars,2025-10-25,2836,github
https://github.com/copier-org/copier,stars,2025-10-31,2850,github
https://github.com/copier-org/copier,stars,2025-11-08,2863,github
https://github.com/copier-org/copier,stars,2025-11-15,2873,github
https://github.com/copier-org/copier,stars,2025-11-21,2890,github
https://github.com/copier-org/copier,stars,2025-11-28,2907,github
https://github.com/copier-org/copier,stars,2025-12-06,2922,github
https://github.com/copier-org/copier,stars,2025-12-13,2947,github
https://github.com/copier-org/copier,stars,2025-12-20,2968,github
https://github.com/copier-org/copier,stars,2025-12-27,2980,github
https://github.com/copier-org/copier,stars,2026-01-03,2991,github
https://github.com/copier-org/copier,stars,2026-01-10,3009,github
https://github.com/copier-org/copier,stars,2026-01-17,3020,github
https://github.com/copier-org/copier,stars,2026-01-24,3037,github
https://github.com/copier-org/copier,stars,2026-01-31,3052,github
https://github.com/copier-org/copier,stars,2026-02-07,3079,github
https://github.com/copier-org/copier,stars,2026-02-10,3123,wayback
https://github.com/copier-org/copier,stars,2026-02-12,3091,github
https://github.com/copier-org/copier,stars,2026-02-21,3110,github
https://github.com/copier-org/copier,stars,2026-02-28,3122,github
https://github.com/copier-org/copier,stars,2026-03-05,3171,wayback
https://github.com/copier-org/copier,stars,2026-03-07,3141,github
https://github.com/copier-org/copier,stars,2026-03-14,3162,github
https://github.com/copier-org/copier,stars,2026-03-21,3187,github
https://github.com/copier-org/copier,stars,2026-03-28,3202,github
https://github.com/copier-org/copier,stars,2026-04-04,3217,github
https://github.com/copier-org/copier,stars,2026-04-09,3262,wayback
https://github.com/copier-org/copier,stars,2026-04-11,3231,github
https://github.com/copier-org/copier,stars,2026-04-17,3256,github
https://github.com/copier-org/copier,stars,2026-04-24,3276,github
https://github.com/copier-org/copier,stars,2026-05-02,3294,github
https://github.com/copier-org/copier,stars,2026-05-08,3314,github
https://github.com/copier-org/copier,stars,2026-05-16,3333,github
https://github.com/copier-org/copier,stars,2026-05-23,3352,github
https://github.com/copier-org/copier,stars,2026-05-30,3364,github
https://github.com/copier-org/copier,stars,2026-06-01,3386,wayback
https://github.com/copier-org/copier,stars,2026-06-06,3377,github
https://github.com/copier-org/copier,stars,2026-06-13,3391,github
https://github.com/copier-org/copier,stars,2026-06-20,3404,github
https://github.com/copier-org/copier,stars,2026-06-27,3420,github
https://github.com/copier-org/copier,stars,2026-07-04,3434,github
https://github.com/copier-org/copier,stars,2026-07-11,3450,github
https://github.com/copier-org/copier,stars,2026-07-18,3466,github
https://github.com/copier-org/copier,stars,2026-07-25,3481,github
https://github.com/copier-org/copier,stars,2026-08-01,3495,github
https://github.com/copier-org/copier,stars,2026-08-06,3516,wayback
https://github.com/copier-org/copier,stars,2026-08-07,3509,github
https://github.com/copier-org/copier,stars,2026-08-15,3520,github
https://github.com/copier-org/copier,stars,2026-08-16,3526,sample
https://github.com/copier-org/copier,stars,2026-08-17,3526,sample
https://github.com/copier-org/copier,stars,2026-08-18,3526,sample
https://github.com/copier-org/copier,stars,2026-08-22,3532,github
https://github.com/copier-org/copier,stars,2026-08-25,3538,sample
https://github.com/copier-org/copier,stars,2026-08-29,3545,github
https://github.com/copier-org/copier,stars,2026-09-01,3552,sample
https://github.com/copier-org/copier,stars,2026-09-05,3553,github
https://github.com/copier-org/copier,stars,2026-09-08,3560,sample
https://github.com/copier-org/copier,stars,2026-09-10,3561,github
https://github.com/copier-org/copier,stars,2026-09-18,3583,github
https://github.com/copier-org/copier,stars,2026-09-21,3586,github
https://github.com/copier-org/copier,stars,2026-09-22,3586,sample
https://github.com/cruft/cruft,commit,2026-08-16,2024-12-25,sample
https://github.com/cruft/cruft,release,2026-08-16,2024-12-25,sample
https://github.com/cruft/cruft,release_source,2026-08-16,release,sample
https://github.com/cruft/cruft,stars,2019-09-22,0,created
https://github.com/cruft/cruft,stars,2019-09-27,11,github
https://github.com/cruft/cruft,stars,2019-10-01,14,github
https://github.com/cruft/cruft,stars,2019-10-12,15,github
https://github.com/cruft/cruft,stars,2019-10-17,18,github
https://github.com/cruft/cruft,stars,2019-10-26,20,github
https://github.com/cruft/cruft,stars,2019-10-29,21,github
https://github.com/cruft/cruft,stars,2019-11-16,22,github
https://github.com/cruft/cruft,stars,2019-11-23,23,github
https://github.com/cruft/cruft,stars,2019-11-26,24,github
https://github.com/cruft/cruft,stars,2019-12-12,26,github
https://github.com/cruft/cruft,stars,2019-12-16,27,github
https://github.com/cruft/cruft,stars,2020-01-04,28,github
https://github.com/cruft/cruft,stars,2020-01-24,30,github
https://github.com/cruft/cruft,stars,2020-01-30,33,github
https://github.com/cruft/cruft,stars,2020-02-04,34,github
https://github.com/cruft/cruft,stars,2020-02-09,35,github
https://github.com/cruft/cruft,stars,2020-02-27,37,github
https://github.com/cruft/cruft,stars,2020-03-15,38,github
https://github.com/cruft/cruft,stars,2020-04-02,39,github
https://github.com/cruft/cruft,stars,2020-04-07,41,github
https://github.com/cruft/cruft,stars,2020-04-17,43,github
https://github.com/cruft/cruft,stars,2020-05-08,45,github
https://github.com/cruft/cruft,stars,2020-05-14,46,github
https://github.com/cruft/cruft,stars,2020-05-21,47,github
https://github.com/cruft/cruft,stars,2020-05-28,48,github
https://github.com/cruft/cruft,stars,2020-06-19,51,github
https://github.com/cruft/cruft,stars,2020-07-08,52,github
https://github.com/cruft/cruft,stars,2020-07-17,60,github
https://github.com/cruft/cruft,stars,2020-08-05,62,github
https://github.com/cruft/cruft,stars,2020-08-15,69,github
https://github.com/cruft/cruft,stars,2020-08-21,94,github
https://github.com/cruft/cruft,stars,2020-08-24,95,github
https://github.com/cruft/cruft,stars,2020-09-03,97,github
https://github.com/cruft/cruft,stars,2020-09-09,98,github
https://github.com/cruft/cruft,stars,2020-09-18,101,github
https://github.com/cruft/cruft,stars,2020-09-23,102,github
https://github.com/cruft/cruft,stars,2020-10-20,103,github
https://github.com/cruft/cruft,stars,2020-10-29,104,github
https://github.com/cruft/cruft,stars,2020-11-05,107,github
https://github.com/cruft/cruft,stars,2020-11-14,113,github
https://github.com/cruft/cruft,stars,2020-11-17,114,github
https://github.com/cruft/cruft,stars,2020-11-28,119,github
https://github.com/cruft/cruft,stars,2020-12-01,123,github
https://github.com/cruft/cruft,stars,2020-12-19,124,github
https://github.com/cruft/cruft,stars,2020-12-21,125,github
https://github.com/cruft/cruft,stars,2020-12-29,127,github
https://github.com/cruft/cruft,stars,2021-01-07,128,github
https://github.com/cruft/cruft,stars,2021-01-15,134,github
https://github.com/cruft/cruft,stars,2021-01-21,135,github
https://github.com/cruft/cruft,stars,2021-01-29,138,github
https://github.com/cruft/cruft,stars,2021-02-05,141,github
https://github.com/cruft/cruft,stars,2021-02-12,146,github
https://github.com/cruft/cruft,stars,2021-02-18,154,github
https://github.com/cruft/cruft,stars,2021-02-26,160,github
https://github.com/cruft/cruft,stars,2021-03-05,164,github
https://github.com/cruft/cruft,stars,2021-03-13,174,github
https://github.com/cruft/cruft,stars,2021-03-20,176,github
https://github.com/cruft/cruft,stars,2021-03-25,178,github
https://github.com/cruft/cruft,stars,2021-04-03,180,github
https://github.com/cruft/cruft,stars,2021-04-10,183,github
https://github.com/cruft/cruft,stars,2021-04-16,186,github
https://github.com/cruft/cruft,stars,2021-04-23,192,github
https://github.com/cruft/cruft,stars,2021-04-28,195,github
https://github.com/cruft/cruft,stars,2021-05-06,197,github
https://github.com/cruft/cruft,stars,2021-05-15,204,github
https://github.com/cruft/cruft,stars,2021-05-20,209,github
https://github.com/cruft/cruft,stars,2021-05-29,211,github
https://github.com/cruft/cruft,stars,2021-06-02,219,wayback
https://github.com/cruft/cruft,stars,2021-06-05,214,github
https://github.com/cruft/cruft,stars,2021-06-09,216,github
https://github.com/cruft/cruft,stars,2021-06-18,218,github
https://github.com/cruft/cruft,stars,2021-06-22,220,github
https://github.com/cruft/cruft,stars,2021-07-03,222,github
https://github.com/cruft/cruft,stars,2021-07-08,224,github
https://github.com/cruft/cruft,stars,2021-07-14,227,github
https://github.com/cruft/cruft,stars,2021-07-22,230,github
https://github.com/cruft/cruft,stars,2021-07-28,232,github
https://github.com/cruft/cruft,stars,2021-08-03,234,github
https://github.com/cruft/cruft,stars,2021-08-14,239,github
https://github.com/cruft/cruft,stars,2021-08-21,245,github
https://github.com/cruft/cruft,stars,2021-08-26,248,github
https://github.com/cruft/cruft,stars,2021-09-02,250,github
https://github.com/cruft/cruft,stars,2021-09-10,255,github
https://github.com/cruft/cruft,stars,2021-09-13,259,github
https://github.com/cruft/cruft,stars,2021-09-22,262,github
https://github.com/cruft/cruft,stars,2021-09-29,264,github
https://github.com/cruft/cruft,stars,2021-10-08,269,github
https://github.com/cruft/cruft,stars,2021-10-15,276,github
https://github.com/cruft/cruft,stars,2021-10-30,286,github
https://github.com/cruft/cruft,stars,2021-11-05,289,github
https://github.com/cruft/cruft,stars,2021-11-09,292,github
https://github.com/cruft/cruft,stars,2021-11-17,297,github
https://github.com/cruft/cruft,stars,2021-11-25,301,github
https://github.com/cruft/cruft,stars,2021-12-02,305,github
https://github.com/cruft/cruft,stars,2021-12-09,310,github
https://github.com/cruft/cruft,stars,2021-12-18,317,github
https://github.com/cruft/cruft,stars,2021-12-23,326,github
https://github.com/cruft/cruft,stars,2021-12-30,327,github
https://github.com/cruft/cruft,stars,2022-01-06,331,github
https://github.com/cruft/cruft,stars,2022-01-11,332,github
https://github.com/cruft/cruft,stars,2022-01-21,335,github
https://github.com/cruft/cruft,stars,2022-01-23,336,github
https://github.com/cruft/cruft,stars,2022-01-26,348,wayback
https://github.com/cruft/cruft,stars,2022-02-03,341,github
https://github.com/cruft/cruft,stars,2022-02-10,346,github
https://github.com/cruft/cruft,stars,2022-02-15,349,github
https://github.com/cruft/cruft,stars,2022-02-26,359,github
https://github.com/cruft/cruft,stars,2022-03-03,364,github
https://github.com/cruft/cruft,stars,2022-03-07,365,github
https://github.com/cruft/cruft,stars,2022-03-25,374,github
https://github.com/cruft/cruft,stars,2022-04-01,382,github
https://github.com/cruft/cruft,stars,2022-04-08,387,github
https://github.com/cruft/cruft,stars,2022-04-15,391,github
https://github.com/cruft/cruft,stars,2022-04-19,406,wayback
https://github.com/cruft/cruft,stars,2022-04-22,393,github
https://github.com/cruft/cruft,stars,2022-04-29,402,github
https://github.com/cruft/cruft,stars,2022-05-07,406,github
https://github.com/cruft/cruft,stars,2022-05-11,422,wayback
https://github.com/cruft/cruft,stars,2022-05-13,411,github
https://github.com/cruft/cruft,stars,2022-05-21,424,github
https://github.com/cruft/cruft,stars,2022-05-26,428,github
https://github.com/cruft/cruft,stars,2022-06-03,433,github
https://github.com/cruft/cruft,stars,2022-06-11,440,github
https://github.com/cruft/cruft,stars,2022-06-18,450,github
https://github.com/cruft/cruft,stars,2022-06-24,456,github
https://github.com/cruft/cruft,stars,2022-06-27,458,github
https://github.com/cruft/cruft,stars,2022-07-04,460,github
https://github.com/cruft/cruft,stars,2022-07-06,475,wayback
https://github.com/cruft/cruft,stars,2022-07-16,476,github
https://github.com/cruft/cruft,stars,2022-07-23,479,github
https://github.com/cruft/cruft,stars,2022-07-30,487,github
https://github.com/cruft/cruft,stars,2022-08-03,488,github
https://github.com/cruft/cruft,stars,2022-08-12,509,wayback
https://github.com/cruft/cruft,stars,2022-08-13,496,github
https://github.com/cruft/cruft,stars,2022-08-18,501,github
https://github.com/cruft/cruft,stars,2022-08-27,508,github
https://github.com/cruft/cruft,stars,2022-09-03,512,github
https://github.com/cruft/cruft,stars,2022-09-10,515,github
https://github.com/cruft/cruft,stars,2022-09-15,522,github
https://github.com/cruft/cruft,stars,2022-09-24,534,github
https://github.com/cruft/cruft,stars,2022-09-29,539,github
https://github.com/cruft/cruft,stars,2022-10-08,545,github
https://github.com/cruft/cruft,stars,2022-10-12,549,github
https://github.com/cruft/cruft,stars,2022-10-21,559,github
https://github.com/cruft/cruft,stars,2022-10-29,581,github
https://github.com/cruft/cruft,stars,2022-11-05,596,github
https://github.com/cruft/cruft,stars,2022-11-11,605,github
https://github.com/cruft/cruft,stars,2022-11-18,620,github
https://github.com/cruft/cruft,stars,2022-11-25,627,github
https://github.com/cruft/cruft,stars,2022-12-01,634,github
https://github.com/cruft/cruft,stars,2022-12-08,643,github
https://github.com/cruft/cruft,stars,2022-12-17,651,github
https://github.com/cruft/cruft,stars,2022-12-21,677,wayback
https://github.com/cruft/cruft,stars,2022-12-23,660,github
https://github.com/cruft/cruft,stars,2022-12-31,672,github
https://github.com/cruft/cruft,stars,2023-01-06,680,github
https://github.com/cruft/cruft,stars,2023-01-13,689,github
https://github.com/cruft/cruft,stars,2023-01-21,698,github
https://github.com/cruft/cruft,stars,2023-01-26,706,github
https://github.com/cruft/cruft,stars,2023-02-04,713,github
https://github.com/cruft/cruft,stars,2023-02-10,720,github
https://github.com/cruft/cruft,stars,2023-02-17,725,github
https://github.com/cruft/cruft,stars,2023-02-24,731,github
https://github.com/cruft/cruft,stars,2023-03-04,742,github
https://github.com/cruft/cruft,stars,2023-03-11,753,github
https://github.com/cruft/cruft,stars,2023-03-18,764,github
https://github.com/cruft/cruft,stars,2023-03-20,787,wayback
https://github.com/cruft/cruft,stars,2023-03-25,777,github
https://github.com/cruft/cruft,stars,2023-03-31,787,github
https://github.com/cruft/cruft,stars,2023-04-08,797,github
https://github.com/cruft/cruft,stars,2023-04-14,806,github
https://github.com/cruft/cruft,stars,2023-04-22,818,github
https://github.com/cruft/cruft,stars,2023-04-29,825,github
https://github.com/cruft/cruft,stars,2023-05-06,830,github
https://github.com/cruft/cruft,stars,2023-05-12,840,github
https://github.com/cruft/cruft,stars,2023-05-20,847,github
https://github.com/cruft/cruft,stars,2023-05-27,855,github
https://github.com/cruft/cruft,stars,2023-06-02,863,github
https://github.com/cruft/cruft,stars,2023-06-09,865,github
https://github.com/cruft/cruft,stars,2023-06-15,870,github
https://github.com/cruft/cruft,stars,2023-06-24,876,github
https://github.com/cruft/cruft,stars,2023-06-30,881,github
https://github.com/cruft/cruft,stars,2023-07-08,889,github
https://github.com/cruft/cruft,stars,2023-07-15,899,github
https://github.com/cruft/cruft,stars,2023-07-21,903,github
https://github.com/cruft/cruft,stars,2023-07-29,912,github
https://github.com/cruft/cruft,stars,2023-08-05,920,github
https://github.com/cruft/cruft,stars,2023-08-12,923,github
https://github.com/cruft/cruft,stars,2023-08-19,933,github
https://github.com/cruft/cruft,stars,2023-08-24,939,github
https://github.com/cruft/cruft,stars,2023-09-02,945,github
https://github.com/cruft/cruft,stars,2023-09-06,953,github
https://github.com/cruft/cruft,stars,2023-09-16,959,github
https://github.com/cruft/cruft,stars,2023-09-23,964,github
https://github.com/cruft/cruft,stars,2023-09-29,968,github
https://github.com/cruft/cruft,stars,2023-10-05,973,github
https://github.com/cruft/cruft,stars,2023-10-14,975,github
https://github.com/cruft/cruft,stars,2023-10-20,980,github
https://github.com/cruft/cruft,stars,2023-10-27,985,github
https://github.com/cruft/cruft,stars,2023-11-01,991,github
https://github.com/cruft/cruft,stars,2023-11-09,996,github
https://github.com/cruft/cruft,stars,2023-11-16,1001,github
https://github.com/cruft/cruft,stars,2023-11-24,1007,github
https://github.com/cruft/cruft,stars,2023-12-01,1016,github
https://github.com/cruft/cruft,stars,2023-12-08,1023,github
https://github.com/cruft/cruft,stars,2023-12-15,1028,github
https://github.com/cruft/cruft,stars,2023-12-21,1035,github
https://github.com/cruft/cruft,stars,2023-12-29,1037,github
https://github.com/cruft/cruft,stars,2024-01-06,1041,github
https://github.com/cruft/cruft,stars,2024-01-13,1048,github
https://github.com/cruft/cruft,stars,2024-01-17,1052,github
https://github.com/cruft/cruft,stars,2024-01-25,1056,github
https://github.com/cruft/cruft,stars,2024-02-03,1063,github
https://github.com/cruft/cruft,stars,2024-02-06,1067,github
https://github.com/cruft/cruft,stars,2024-02-16,1075,github
https://github.com/cruft/cruft,stars,2024-02-23,1079,github
https://github.com/cruft/cruft,stars,2024-02-29,1085,github
https://github.com/cruft/cruft,stars,2024-03-08,1093,github
https://github.com/cruft/cruft,stars,2024-03-16,1106,github
https://github.com/cruft/cruft,stars,2024-03-19,1108,github
https://github.com/cruft/cruft,stars,2024-03-25,1125,wayback
https://github.com/cruft/cruft,stars,2024-03-30,1112,github
https://github.com/cruft/cruft,stars,2024-04-06,1122,github
https://github.com/cruft/cruft,stars,2024-04-12,1125,github
https://github.com/cruft/cruft,stars,2024-04-19,1130,github
https://github.com/cruft/cruft,stars,2024-04-25,1134,github
https://github.com/cruft/cruft,stars,2024-05-03,1140,github
https://github.com/cruft/cruft,stars,2024-05-08,1142,github
https://github.com/cruft/cruft,stars,2024-05-17,1148,github
https://github.com/cruft/cruft,stars,2024-05-24,1151,github
https://github.com/cruft/cruft,stars,2024-05-30,1154,github
https://github.com/cruft/cruft,stars,2024-06-07,1161,github
https://github.com/cruft/cruft,stars,2024-06-15,1167,github
https://github.com/cruft/cruft,stars,2024-06-21,1173,github
https://github.com/cruft/cruft,stars,2024-06-29,1177,github
https://github.com/cruft/cruft,stars,2024-07-12,1179,github
https://github.com/cruft/cruft,stars,2024-07-27,1183,github
https://github.com/cruft/cruft,stars,2024-08-03,1188,github
https://github.com/cruft/cruft,stars,2024-08-08,1192,github
https://github.com/cruft/cruft,stars,2024-08-16,1196,github
https://github.com/cruft/cruft,stars,2024-08-24,1200,github
https://github.com/cruft/cruft,stars,2024-08-27,1201,github
https://github.com/cruft/cruft,stars,2024-09-07,1207,github
https://github.com/cruft/cruft,stars,2024-09-14,1211,github
https://github.com/cruft/cruft,stars,2024-09-20,1217,github
https://github.com/cruft/cruft,stars,2024-09-27,1225,github
https://github.com/cruft/cruft,stars,2024-10-05,1230,github
https://github.com/cruft/cruft,stars,2024-10-11,1234,github
https://github.com/cruft/cruft,stars,2024-10-18,1241,github
https://github.com/cruft/cruft,stars,2024-10-24,1246,github
https://github.com/cruft/cruft,stars,2024-11-01,1250,github
https://github.com/cruft/cruft,stars,2024-11-08,1256,github
https://github.com/cruft/cruft,stars,2024-11-16,1263,github
https://github.com/cruft/cruft,stars,2024-11-23,1271,github
https://github.com/cruft/cruft,stars,2024-11-29,1274,github
https://github.com/cruft/cruft,stars,2024-12-07,1286,github
https://github.com/cruft/cruft,stars,2024-12-13,1290,github
https://github.com/cruft/cruft,stars,2024-12-21,1296,github
https://github.com/cruft/cruft,stars,2024-12-28,1304,github
https://github.com/cruft/cruft,stars,2025-01-03,1315,github
https://github.com/cruft/cruft,stars,2025-01-08,1331,wayback
https://github.com/cruft/cruft,stars,2025-01-10,1326,github
https://github.com/cruft/cruft,stars,2025-01-16,1330,github
https://github.com/cruft/cruft,stars,2025-01-25,1337,github
https://github.com/cruft/cruft,stars,2025-01-30,1340,github
https://github.com/cruft/cruft,stars,2025-02-08,1345,github
https://github.com/cruft/cruft,stars,2025-02-12,1358,wayback
https://github.com/cruft/cruft,stars,2025-02-15,1349,github
https://github.com/cruft/cruft,stars,2025-02-22,1353,github
https://github.com/cruft/cruft,stars,2025-02-28,1362,github
https://github.com/cruft/cruft,stars,2025-03-08,1368,github
https://github.com/cruft/cruft,stars,2025-03-12,1382,wayback
https://github.com/cruft/cruft,stars,2025-03-15,1373,github
https://github.com/cruft/cruft,stars,2025-03-22,1382,github
https://github.com/cruft/cruft,stars,2025-03-28,1388,github
https://github.com/cruft/cruft,stars,2025-04-02,1400,wayback
https://github.com/cruft/cruft,stars,2025-04-05,1393,github
https://github.com/cruft/cruft,stars,2025-04-11,1395,github
https://github.com/cruft/cruft,stars,2025-04-17,1399,github
https://github.com/cruft/cruft,stars,2025-04-26,1404,github
https://github.com/cruft/cruft,stars,2025-05-02,1407,github
https://github.com/cruft/cruft,stars,2025-05-08,1410,github
https://github.com/cruft/cruft,stars,2025-05-15,1415,github
https://github.com/cruft/cruft,stars,2025-05-23,1418,github
https://github.com/cruft/cruft,stars,2025-05-25,1419,github
https://github.com/cruft/cruft,stars,2025-06-07,1424,github
https://github.com/cruft/cruft,stars,2025-06-10,1436,wayback
https://github.com/cruft/cruft,stars,2025-06-13,1429,github
https://github.com/cruft/cruft,stars,2025-06-21,1437,github
https://github.com/cruft/cruft,stars,2025-06-27,1444,github
https://github.com/cruft/cruft,stars,2025-06-30,1446,github
https://github.com/cruft/cruft,stars,2025-07-12,1453,github
https://github.com/cruft/cruft,stars,2025-07-18,1459,github
https://github.com/cruft/cruft,stars,2025-07-19,1468,wayback
https://github.com/cruft/cruft,stars,2025-07-24,1461,github
https://github.com/cruft/cruft,stars,2025-07-30,1463,github
https://github.com/cruft/cruft,stars,2025-08-08,1467,github
https://github.com/cruft/cruft,stars,2025-08-10,1475,wayback
https://github.com/cruft/cruft,stars,2025-08-22,1471,github
https://github.com/cruft/cruft,stars,2025-08-30,1474,github
https://github.com/cruft/cruft,stars,2025-09-06,1480,github
https://github.com/cruft/cruft,stars,2025-09-12,1483,github
https://github.com/cruft/cruft,stars,2025-09-16,1499,wayback
https://github.com/cruft/cruft,stars,2025-09-19,1495,github
https://github.com/cruft/cruft,stars,2025-09-25,1500,github
https://github.com/cruft/cruft,stars,2025-10-03,1502,github
https://github.com/cruft/cruft,stars,2025-10-13,1503,github
https://github.com/cruft/cruft,stars,2025-10-25,1508,github
https://github.com/cruft/cruft,stars,2025-10-27,1509,github
https://github.com/cruft/cruft,stars,2025-11-05,1518,wayback
https://github.com/cruft/cruft,stars,2025-11-07,1512,github
https://github.com/cruft/cruft,stars,2025-11-15,1515,github
https://github.com/cruft/cruft,stars,2025-11-20,1518,github
https://github.com/cruft/cruft,stars,2025-11-29,1520,github
https://github.com/cruft/cruft,stars,2025-12-06,1524,github
https://github.com/cruft/cruft,stars,2025-12-08,1533,wayback
https://github.com/cruft/cruft,stars,2025-12-09,1526,github
https://github.com/cruft/cruft,stars,2025-12-19,1530,github
https://github.com/cruft/cruft,stars,2025-12-27,1534,github
https://github.com/cruft/cruft,stars,2026-01-03,1536,github
https://github.com/cruft/cruft,stars,2026-01-09,1539,github
https://github.com/cruft/cruft,stars,2026-01-17,1541,github
https://github.com/cruft/cruft,stars,2026-01-30,1546,github
https://github.com/cruft/cruft,stars,2026-02-03,1547,github
https://github.com/cruft/cruft,stars,2026-02-19,1549,github
https://github.com/cruft/cruft,stars,2026-02-22,1554,wayback
https://github.com/cruft/cruft,stars,2026-02-26,1552,github
https://github.com/cruft/cruft,stars,2026-03-01,1553,github
https://github.com/cruft/cruft,stars,2026-03-07,1558,wayback
https://github.com/cruft/cruft,stars,2026-03-12,1554,github
https://github.com/cruft/cruft,stars,2026-03-24,1556,github
https://github.com/cruft/cruft,stars,2026-04-03,1558,github
https://github.com/cruft/cruft,stars,2026-04-10,1559,github
https://github.com/cruft/cruft,stars,2026-04-12,1564,wayback
https://github.com/cruft/cruft,stars,2026-04-25,1561,github
https://github.com/cruft/cruft,stars,2026-04-28,1562,github
https://github.com/cruft/cruft,stars,2026-05-08,1564,github
https://github.com/cruft/cruft,stars,2026-05-10,1565,github
https://github.com/cruft/cruft,stars,2026-05-30,1566,github
https://github.com/cruft/cruft,stars,2026-06-03,1567,github
https://github.com/cruft/cruft,stars,2026-06-10,1571,github
https://github.com/cruft/cruft,stars,2026-06-27,1573,github
https://github.com/cruft/cruft,stars,2026-06-28,1574,github
https://github.com/cruft/cruft,stars,2026-07-23,1576,github
https://github.com/cruft/cruft,stars,2026-07-30,1577,github
https://github.com/cruft/cruft,stars,2026-08-08,1580,github
https://github.com/cruft/cruft,stars,2026-08-15,1582,github
https://github.com/cruft/cruft,stars,2026-08-16,1583,sample
https://github.com/cruft/cruft,stars,2026-08-17,1583,sample
https://github.com/cruft/cruft,stars,2026-08-18,1583,sample
https://github.com/cruft/cruft,stars,2026-08-22,1583,github
https://github.com/cruft/cruft,stars,2026-08-25,1584,sample
https://github.com/cruft/cruft,stars,2026-08-29,1586,github
https://github.com/cruft/cruft,stars,2026-09-01,1587,sample
https://github.com/cruft/cruft,stars,2026-09-07,1587,sample
https://github.com/cruft/cruft,stars,2026-09-08,1587,sample
https://github.com/cruft/cruft,stars,2026-09-13,1587,github
https://github.com/cruft/cruft,stars,2026-09-15,1587,sample
https://github.com/cruft/cruft,stars,2026-09-22,1587,sample
https://github.com/github/safe-settings,commit,2026-08-25,2026-08-20,sample
https://github.com/github/safe-settings,release,2026-08-16,2026-07-10,sample
https://github.com/github/safe-settings,release_source,2026-08-16,tag,sample
https://github.com/github/safe-settings,stars,2020-09-03,3,github
https://github.com/github/safe-settings,stars,2020-09-08,4,github
https://github.com/github/safe-settings,stars,2020-09-21,5,github
https://github.com/github/safe-settings,stars,2021-02-22,6,github
https://github.com/github/safe-settings,stars,2021-04-29,8,wayback
https://github.com/github/safe-settings,stars,2021-05-01,10,github
https://github.com/github/safe-settings,stars,2021-05-03,13,wayback
https://github.com/github/safe-settings,stars,2021-05-07,12,github
https://github.com/github/safe-settings,stars,2021-05-12,13,github
https://github.com/github/safe-settings,stars,2021-05-28,16,github
https://github.com/github/safe-settings,stars,2021-06-01,19,wayback
https://github.com/github/safe-settings,stars,2021-06-02,18,github
https://github.com/github/safe-settings,stars,2021-06-11,20,github
https://github.com/github/safe-settings,stars,2021-06-17,22,github
https://github.com/github/safe-settings,stars,2021-06-24,26,github
https://github.com/github/safe-settings,stars,2021-07-01,32,wayback
https://github.com/github/safe-settings,stars,2021-07-13,27,github
https://github.com/github/safe-settings,stars,2021-07-18,28,github
https://github.com/github/safe-settings,stars,2021-08-04,33,wayback
https://github.com/github/safe-settings,stars,2021-08-14,32,github
https://github.com/github/safe-settings,stars,2021-08-17,34,github
https://github.com/github/safe-settings,stars,2021-08-28,35,github
https://github.com/github/safe-settings,stars,2021-09-02,42,wayback
https://github.com/github/safe-settings,stars,2021-09-03,39,github
https://github.com/github/safe-settings,stars,2021-09-11,41,github
https://github.com/github/safe-settings,stars,2021-09-13,42,github
https://github.com/github/safe-settings,stars,2021-10-02,44,github
https://github.com/github/safe-settings,stars,2021-10-03,45,github
https://github.com/github/safe-settings,stars,2021-10-06,52,wayback
https://github.com/github/safe-settings,stars,2021-10-15,48,github
https://github.com/github/safe-settings,stars,2021-10-23,51,github
https://github.com/github/safe-settings,stars,2021-10-29,54,github
https://github.com/github/safe-settings,stars,2021-11-04,59,github
https://github.com/github/safe-settings,stars,2021-11-05,68,wayback
https://github.com/github/safe-settings,stars,2021-11-11,62,github
https://github.com/github/safe-settings,stars,2021-12-03,64,github
https://github.com/github/safe-settings,stars,2021-12-09,65,github
https://github.com/github/safe-settings,stars,2021-12-15,66,github
https://github.com/github/safe-settings,stars,2021-12-20,67,github
https://github.com/github/safe-settings,stars,2021-12-26,68,github
https://github.com/github/safe-settings,stars,2022-01-07,69,github
https://github.com/github/safe-settings,stars,2022-01-13,80,wayback
https://github.com/github/safe-settings,stars,2022-01-18,70,github
https://github.com/github/safe-settings,stars,2022-01-25,71,github
https://github.com/github/safe-settings,stars,2022-02-02,76,github
https://github.com/github/safe-settings,stars,2022-02-04,88,wayback
https://github.com/github/safe-settings,stars,2022-02-16,77,github
https://github.com/github/safe-settings,stars,2022-02-24,79,github
https://github.com/github/safe-settings,stars,2022-03-04,85,github
https://github.com/github/safe-settings,stars,2022-03-07,95,wayback
https://github.com/github/safe-settings,stars,2022-03-11,89,github
https://github.com/github/safe-settings,stars,2022-03-16,92,github
https://github.com/github/safe-settings,stars,2022-03-26,98,github
https://github.com/github/safe-settings,stars,2022-03-30,99,github
https://github.com/github/safe-settings,stars,2022-04-08,105,github
https://github.com/github/safe-settings,stars,2022-04-14,120,wayback
https://github.com/github/safe-settings,stars,2022-04-15,108,github
https://github.com/github/safe-settings,stars,2022-04-21,109,github
https://github.com/github/safe-settings,stars,2022-04-29,117,github
https://github.com/github/safe-settings,stars,2022-05-04,123,github
https://github.com/github/safe-settings,stars,2022-05-10,124,github
https://github.com/github/safe-settings,stars,2022-05-20,134,github
https://github.com/github/safe-settings,stars,2022-05-26,140,github
https://github.com/github/safe-settings,stars,2022-06-02,142,github
https://github.com/github/safe-settings,stars,2022-06-03,152,wayback
https://github.com/github/safe-settings,stars,2022-06-11,146,github
https://github.com/github/safe-settings,stars,2022-06-15,147,github
https://github.com/github/safe-settings,stars,2022-06-25,151,github
https://github.com/github/safe-settings,stars,2022-06-30,156,github
https://github.com/github/safe-settings,stars,2022-07-06,166,wayback
https://github.com/github/safe-settings,stars,2022-07-07,158,github
https://github.com/github/safe-settings,stars,2022-07-12,160,github
https://github.com/github/safe-settings,stars,2022-07-22,165,github
https://github.com/github/safe-settings,stars,2022-07-26,168,github
https://github.com/github/safe-settings,stars,2022-08-04,171,github
https://github.com/github/safe-settings,stars,2022-08-12,173,github
https://github.com/github/safe-settings,stars,2022-08-17,184,wayback
https://github.com/github/safe-settings,stars,2022-08-26,176,github
https://github.com/github/safe-settings,stars,2022-09-02,183,github
https://github.com/github/safe-settings,stars,2022-09-10,190,github
https://github.com/github/safe-settings,stars,2022-09-15,193,github
https://github.com/github/safe-settings,stars,2022-09-23,197,github
https://github.com/github/safe-settings,stars,2022-09-27,199,github
https://github.com/github/safe-settings,stars,2022-10-01,212,wayback
https://github.com/github/safe-settings,stars,2022-10-07,202,github
https://github.com/github/safe-settings,stars,2022-10-13,205,github
https://github.com/github/safe-settings,stars,2022-10-20,208,github
https://github.com/github/safe-settings,stars,2022-10-28,213,github
https://github.com/github/safe-settings,stars,2022-11-05,216,github
https://github.com/github/safe-settings,stars,2022-11-09,221,github
https://github.com/github/safe-settings,stars,2022-11-10,233,wayback
https://github.com/github/safe-settings,stars,2022-11-17,225,github
https://github.com/github/safe-settings,stars,2022-11-22,227,github
https://github.com/github/safe-settings,stars,2022-12-02,241,wayback
https://github.com/github/safe-settings,stars,2022-12-03,228,github
https://github.com/github/safe-settings,stars,2022-12-08,229,github
https://github.com/github/safe-settings,stars,2022-12-17,233,github
https://github.com/github/safe-settings,stars,2022-12-19,234,github
https://github.com/github/safe-settings,stars,2023-01-01,235,github
https://github.com/github/safe-settings,stars,2023-01-06,249,wayback
https://github.com/github/safe-settings,stars,2023-01-13,239,github
https://github.com/github/safe-settings,stars,2023-01-20,241,github
https://github.com/github/safe-settings,stars,2023-01-27,242,github
https://github.com/github/safe-settings,stars,2023-02-03,247,github
https://github.com/github/safe-settings,stars,2023-02-10,253,github
https://github.com/github/safe-settings,stars,2023-02-17,259,github
https://github.com/github/safe-settings,stars,2023-02-25,265,github
https://github.com/github/safe-settings,stars,2023-03-01,269,github
https://github.com/github/safe-settings,stars,2023-03-09,288,wayback
https://github.com/github/safe-settings,stars,2023-03-10,273,github
https://github.com/github/safe-settings,stars,2023-03-17,279,github
https://github.com/github/safe-settings,stars,2023-03-25,292,github
https://github.com/github/safe-settings,stars,2023-04-01,305,github
https://github.com/github/safe-settings,stars,2023-04-02,323,wayback
https://github.com/github/safe-settings,stars,2023-04-06,307,github
https://github.com/github/safe-settings,stars,2023-04-14,309,github
https://github.com/github/safe-settings,stars,2023-04-20,317,github
https://github.com/github/safe-settings,stars,2023-04-28,325,github
https://github.com/github/safe-settings,stars,2023-05-02,344,wayback
https://github.com/github/safe-settings,stars,2023-05-05,328,github
https://github.com/github/safe-settings,stars,2023-05-11,332,github
https://github.com/github/safe-settings,stars,2023-05-20,339,github
https://github.com/github/safe-settings,stars,2023-05-27,345,github
https://github.com/github/safe-settings,stars,2023-06-01,346,github
https://github.com/github/safe-settings,stars,2023-06-06,368,wayback
https://github.com/github/safe-settings,stars,2023-06-07,349,github
https://github.com/github/safe-settings,stars,2023-06-23,351,github
https://github.com/github/safe-settings,stars,2023-06-30,356,github
https://github.com/github/safe-settings,stars,2023-07-06,358,github
https://github.com/github/safe-settings,stars,2023-07-14,359,github
https://github.com/github/safe-settings,stars,2023-07-18,360,github
https://github.com/github/safe-settings,stars,2023-07-27,362,github
https://github.com/github/safe-settings,stars,2023-08-01,384,wayback
https://github.com/github/safe-settings,stars,2023-08-05,368,github
https://github.com/github/safe-settings,stars,2023-08-09,371,github
https://github.com/github/safe-settings,stars,2023-08-14,373,github
https://github.com/github/safe-settings,stars,2023-08-21,377,github
https://github.com/github/safe-settings,stars,2023-09-02,382,github
https://github.com/github/safe-settings,stars,2023-09-03,383,github
https://github.com/github/safe-settings,stars,2023-09-15,385,github
https://github.com/github/safe-settings,stars,2023-09-20,387,github
https://github.com/github/safe-settings,stars,2023-09-27,390,github
https://github.com/github/safe-settings,stars,2023-10-05,411,wayback
https://github.com/github/safe-settings,stars,2023-10-06,396,github
https://github.com/github/safe-settings,stars,2023-10-08,398,github
https://github.com/github/safe-settings,stars,2023-10-20,409,github
https://github.com/github/safe-settings,stars,2023-10-26,416,github
https://github.com/github/safe-settings,stars,2023-11-02,417,github
https://github.com/github/safe-settings,stars,2023-11-10,436,github
https://github.com/github/safe-settings,stars,2023-11-18,442,github
https://github.com/github/safe-settings,stars,2023-11-21,444,github
https://github.com/github/safe-settings,stars,2023-11-28,445,github
https://github.com/github/safe-settings,stars,2023-12-02,464,wayback
https://github.com/github/safe-settings,stars,2023-12-09,448,github
https://github.com/github/safe-settings,stars,2023-12-15,453,github
https://github.com/github/safe-settings,stars,2023-12-19,454,github
https://github.com/github/safe-settings,stars,2023-12-28,456,github
https://github.com/github/safe-settings,stars,2024-01-02,476,wayback
https://github.com/github/safe-settings,stars,2024-01-04,458,github
https://github.com/github/safe-settings,stars,2024-01-11,462,github
https://github.com/github/safe-settings,stars,2024-01-19,465,github
https://github.com/github/safe-settings,stars,2024-01-25,469,github
https://github.com/github/safe-settings,stars,2024-01-31,472,github
https://github.com/github/safe-settings,stars,2024-02-06,489,wayback
https://github.com/github/safe-settings,stars,2024-02-09,477,github
https://github.com/github/safe-settings,stars,2024-02-13,479,github
https://github.com/github/safe-settings,stars,2024-02-22,481,github
https://github.com/github/safe-settings,stars,2024-03-02,484,github
https://github.com/github/safe-settings,stars,2024-03-08,485,github
https://github.com/github/safe-settings,stars,2024-03-12,486,github
https://github.com/github/safe-settings,stars,2024-03-22,491,github
https://github.com/github/safe-settings,stars,2024-03-27,493,github
https://github.com/github/safe-settings,stars,2024-04-06,497,github
https://github.com/github/safe-settings,stars,2024-04-12,500,github
https://github.com/github/safe-settings,stars,2024-04-19,504,github
https://github.com/github/safe-settings,stars,2024-04-24,520,wayback
https://github.com/github/safe-settings,stars,2024-04-26,508,github
https://github.com/github/safe-settings,stars,2024-05-02,526,wayback
https://github.com/github/safe-settings,stars,2024-05-04,516,github
https://github.com/github/safe-settings,stars,2024-05-10,519,github
https://github.com/github/safe-settings,stars,2024-05-18,522,github
https://github.com/github/safe-settings,stars,2024-05-23,523,github
https://github.com/github/safe-settings,stars,2024-05-30,528,github
https://github.com/github/safe-settings,stars,2024-06-06,544,wayback
https://github.com/github/safe-settings,stars,2024-06-07,535,github
https://github.com/github/safe-settings,stars,2024-06-13,538,github
https://github.com/github/safe-settings,stars,2024-06-22,543,github
https://github.com/github/safe-settings,stars,2024-06-28,547,github
https://github.com/github/safe-settings,stars,2024-07-06,553,github
https://github.com/github/safe-settings,stars,2024-07-12,555,github
https://github.com/github/safe-settings,stars,2024-07-20,558,github
https://github.com/github/safe-settings,stars,2024-07-23,560,github
https://github.com/github/safe-settings,stars,2024-08-03,563,github
https://github.com/github/safe-settings,stars,2024-08-07,564,github
https://github.com/github/safe-settings,stars,2024-08-15,565,github
https://github.com/github/safe-settings,stars,2024-08-19,567,github
https://github.com/github/safe-settings,stars,2024-08-27,569,github
https://github.com/github/safe-settings,stars,2024-09-05,573,github
https://github.com/github/safe-settings,stars,2024-09-13,576,github
https://github.com/github/safe-settings,stars,2024-09-20,581,github
https://github.com/github/safe-settings,stars,2024-09-27,586,github
https://github.com/github/safe-settings,stars,2024-09-30,589,github
https://github.com/github/safe-settings,stars,2024-10-02,602,wayback
https://github.com/github/safe-settings,stars,2024-10-09,591,github
https://github.com/github/safe-settings,stars,2024-10-14,593,github
https://github.com/github/safe-settings,stars,2024-10-25,596,github
https://github.com/github/safe-settings,stars,2024-10-30,601,github
https://github.com/github/safe-settings,stars,2024-11-07,602,github
https://github.com/github/safe-settings,stars,2024-11-12,605,github
https://github.com/github/safe-settings,stars,2024-11-21,606,github
https://github.com/github/safe-settings,stars,2024-11-26,617,wayback
https://github.com/github/safe-settings,stars,2024-11-29,608,github
https://github.com/github/safe-settings,stars,2024-12-06,610,github
https://github.com/github/safe-settings,stars,2024-12-12,613,github
https://github.com/github/safe-settings,stars,2024-12-20,617,github
https://github.com/github/safe-settings,stars,2024-12-23,618,github
https://github.com/github/safe-settings,stars,2024-12-29,631,wayback
https://github.com/github/safe-settings,stars,2024-12-31,622,github
https://github.com/github/safe-settings,stars,2025-01-11,628,github
https://github.com/github/safe-settings,stars,2025-01-17,630,github
https://github.com/github/safe-settings,stars,2025-01-24,638,github
https://github.com/github/safe-settings,stars,2025-01-26,649,wayback
https://github.com/github/safe-settings,stars,2025-01-31,642,github
https://github.com/github/safe-settings,stars,2025-02-07,643,github
https://github.com/github/safe-settings,stars,2025-02-14,649,github
https://github.com/github/safe-settings,stars,2025-02-21,655,github
https://github.com/github/safe-settings,stars,2025-02-27,657,github
https://github.com/github/safe-settings,stars,2025-03-06,662,github
https://github.com/github/safe-settings,stars,2025-03-14,667,github
https://github.com/github/safe-settings,stars,2025-03-22,674,github
https://github.com/github/safe-settings,stars,2025-03-26,676,github
https://github.com/github/safe-settings,stars,2025-04-01,680,github
https://github.com/github/safe-settings,stars,2025-04-09,682,github
https://github.com/github/safe-settings,stars,2025-04-16,683,github
https://github.com/github/safe-settings,stars,2025-04-24,687,github
https://github.com/github/safe-settings,stars,2025-05-02,692,github
https://github.com/github/safe-settings,stars,2025-05-05,699,wayback
https://github.com/github/safe-settings,stars,2025-05-09,695,github
https://github.com/github/safe-settings,stars,2025-05-15,698,github
https://github.com/github/safe-settings,stars,2025-05-21,700,github
https://github.com/github/safe-settings,stars,2025-05-30,710,github
https://github.com/github/safe-settings,stars,2025-06-05,712,github
https://github.com/github/safe-settings,stars,2025-06-11,723,wayback
https://github.com/github/safe-settings,stars,2025-06-12,715,github
https://github.com/github/safe-settings,stars,2025-06-19,720,github
https://github.com/github/safe-settings,stars,2025-06-23,723,github
https://github.com/github/safe-settings,stars,2025-07-03,727,github
https://github.com/github/safe-settings,stars,2025-07-09,729,github
https://github.com/github/safe-settings,stars,2025-07-14,732,github
https://github.com/github/safe-settings,stars,2025-07-21,740,wayback
https://github.com/github/safe-settings,stars,2025-07-24,733,github
https://github.com/github/safe-settings,stars,2025-08-02,739,github
https://github.com/github/safe-settings,stars,2025-08-08,742,github
https://github.com/github/safe-settings,stars,2025-08-14,745,github
https://github.com/github/safe-settings,stars,2025-08-21,746,github
https://github.com/github/safe-settings,stars,2025-08-29,747,github
https://github.com/github/safe-settings,stars,2025-09-03,750,github
https://github.com/github/safe-settings,stars,2025-09-12,770,github
https://github.com/github/safe-settings,stars,2025-09-15,771,github
https://github.com/github/safe-settings,stars,2025-09-21,772,github
https://github.com/github/safe-settings,stars,2025-10-03,776,github
https://github.com/github/safe-settings,stars,2025-10-08,779,github
https://github.com/github/safe-settings,stars,2025-10-19,780,github
https://github.com/github/safe-settings,stars,2025-10-31,789,github
https://github.com/github/safe-settings,stars,2025-11-08,792,github
https://github.com/github/safe-settings,stars,2025-11-11,793,github
https://github.com/github/safe-settings,stars,2025-11-16,800,wayback
https://github.com/github/safe-settings,stars,2025-11-19,795,github
https://github.com/github/safe-settings,stars,2025-11-28,799,github
https://github.com/github/safe-settings,stars,2025-12-05,800,github
https://github.com/github/safe-settings,stars,2025-12-11,802,github
https://github.com/github/safe-settings,stars,2025-12-18,805,github
https://github.com/github/safe-settings,stars,2025-12-26,807,github
https://github.com/github/safe-settings,stars,2026-01-03,812,github
https://github.com/github/safe-settings,stars,2026-01-10,813,github
https://github.com/github/safe-settings,stars,2026-01-16,815,github
https://github.com/github/safe-settings,stars,2026-01-22,818,github
https://github.com/github/safe-settings,stars,2026-01-29,820,github
https://github.com/github/safe-settings,stars,2026-02-05,823,github
https://github.com/github/safe-settings,stars,2026-02-14,826,github
https://github.com/github/safe-settings,stars,2026-02-20,829,github
https://github.com/github/safe-settings,stars,2026-02-27,831,github
https://github.com/github/safe-settings,stars,2026-03-05,834,github
https://github.com/github/safe-settings,stars,2026-03-09,841,wayback
https://github.com/github/safe-settings,stars,2026-03-11,836,github
https://github.com/github/safe-settings,stars,2026-03-19,838,github
https://github.com/github/safe-settings,stars,2026-03-27,842,github
https://github.com/github/safe-settings,stars,2026-04-01,850,wayback
https://github.com/github/safe-settings,stars,2026-04-04,845,github
https://github.com/github/safe-settings,stars,2026-04-11,851,github
https://github.com/github/safe-settings,stars,2026-04-14,852,github
https://github.com/github/safe-settings,stars,2026-04-23,855,github
https://github.com/github/safe-settings,stars,2026-04-29,858,github
https://github.com/github/safe-settings,stars,2026-05-09,860,github
https://github.com/github/safe-settings,stars,2026-05-14,866,github
https://github.com/github/safe-settings,stars,2026-05-22,868,github
https://github.com/github/safe-settings,stars,2026-05-26,869,github
https://github.com/github/safe-settings,stars,2026-06-03,871,github
https://github.com/github/safe-settings,stars,2026-06-11,875,github
https://github.com/github/safe-settings,stars,2026-06-19,877,github
https://github.com/github/safe-settings,stars,2026-06-27,881,github
https://github.com/github/safe-settings,stars,2026-07-04,887,github
https://github.com/github/safe-settings,stars,2026-07-09,891,github
https://github.com/github/safe-settings,stars,2026-07-18,895,github
https://github.com/github/safe-settings,stars,2026-07-25,899,github
https://github.com/github/safe-settings,stars,2026-07-30,901,github
https://github.com/github/safe-settings,stars,2026-08-06,905,github
https://github.com/github/safe-settings,stars,2026-08-14,907,github
https://github.com/github/safe-settings,stars,2026-08-16,909,sample
https://github.com/github/safe-settings,stars,2026-08-18,910,sample
https://github.com/github/safe-settings,stars,2026-08-19,909,github
https://github.com/github/safe-settings,stars,2026-08-25,911,sample
https://github.com/github/safe-settings,stars,2026-08-27,911,github
https://github.com/github/safe-settings,stars,2026-09-01,913,sample
https://github.com/github/safe-settings,stars,2026-09-05,914,github
https://github.com/github/safe-settings,stars,2026-09-07,916,sample
https://github.com/github/safe-settings,stars,2026-09-08,916,github
https://github.com/github/safe-settings,stars,2026-09-18,922,github
https://github.com/github/safe-settings,stars,2026-09-21,923,github
https://github.com/github/safe-settings,stars,2026-09-22,923,sample
https://github.com/integrations/terraform-provider-github,commit,2026-09-22,2026-09-18,sample
https://github.com/integrations/terraform-provider-github,release,2026-08-16,2026-07-08,sample
https://github.com/integrations/terraform-provider-github,release_source,2026-08-16,release,sample
https://github.com/integrations/terraform-provider-github,stars,2017-06-05,0,created
https://github.com/integrations/terraform-provider-github,stars,2017-06-17,3,github
https://github.com/integrations/terraform-provider-github,stars,2017-06-21,4,github
https://github.com/integrations/terraform-provider-github,stars,2017-06-30,5,github
https://github.com/integrations/terraform-provider-github,stars,2017-08-17,6,github
https://github.com/integrations/terraform-provider-github,stars,2017-09-07,7,github
https://github.com/integrations/terraform-provider-github,stars,2017-10-03,10,github
https://github.com/integrations/terraform-provider-github,stars,2017-10-13,11,github
https://github.com/integrations/terraform-provider-github,stars,2017-11-10,13,github
https://github.com/integrations/terraform-provider-github,stars,2017-11-14,15,github
https://github.com/integrations/terraform-provider-github,stars,2017-12-01,16,github
https://github.com/integrations/terraform-provider-github,stars,2017-12-11,17,github
https://github.com/integrations/terraform-provider-github,stars,2017-12-24,18,github
https://github.com/integrations/terraform-provider-github,stars,2018-01-08,19,github
https://github.com/integrations/terraform-provider-github,stars,2018-01-16,20,github
https://github.com/integrations/terraform-provider-github,stars,2018-01-27,22,github
https://github.com/integrations/terraform-provider-github,stars,2018-02-05,23,github
https://github.com/integrations/terraform-provider-github,stars,2018-02-27,24,github
https://github.com/integrations/terraform-provider-github,stars,2018-03-08,25,github
https://github.com/integrations/terraform-provider-github,stars,2018-03-14,28,github
https://github.com/integrations/terraform-provider-github,stars,2018-03-22,29,github
https://github.com/integrations/terraform-provider-github,stars,2018-04-13,33,github
https://github.com/integrations/terraform-provider-github,stars,2018-04-17,34,github
https://github.com/integrations/terraform-provider-github,stars,2018-05-03,37,github
https://github.com/integrations/terraform-provider-github,stars,2018-05-12,38,github
https://github.com/integrations/terraform-provider-github,stars,2018-05-25,39,github
https://github.com/integrations/terraform-provider-github,stars,2018-06-29,44,github
https://github.com/integrations/terraform-provider-github,stars,2018-07-01,45,github
https://github.com/integrations/terraform-provider-github,stars,2018-07-16,46,github
https://github.com/integrations/terraform-provider-github,stars,2018-08-02,48,github
https://github.com/integrations/terraform-provider-github,stars,2018-08-18,50,github
https://github.com/integrations/terraform-provider-github,stars,2018-09-07,52,github
https://github.com/integrations/terraform-provider-github,stars,2018-09-11,54,github
https://github.com/integrations/terraform-provider-github,stars,2018-09-18,55,github
https://github.com/integrations/terraform-provider-github,stars,2018-09-25,58,github
https://github.com/integrations/terraform-provider-github,stars,2018-10-08,59,github
https://github.com/integrations/terraform-provider-github,stars,2018-10-17,60,github
https://github.com/integrations/terraform-provider-github,stars,2018-10-26,62,github
https://github.com/integrations/terraform-provider-github,stars,2018-11-02,63,github
https://github.com/integrations/terraform-provider-github,stars,2018-12-03,64,github
https://github.com/integrations/terraform-provider-github,stars,2018-12-12,65,github
https://github.com/integrations/terraform-provider-github,stars,2018-12-19,67,github
https://github.com/integrations/terraform-provider-github,stars,2018-12-24,68,github
https://github.com/integrations/terraform-provider-github,stars,2019-01-09,69,github
https://github.com/integrations/terraform-provider-github,stars,2019-01-25,70,github
https://github.com/integrations/terraform-provider-github,stars,2019-01-28,71,github
https://github.com/integrations/terraform-provider-github,stars,2019-02-07,72,github
https://github.com/integrations/terraform-provider-github,stars,2019-02-11,73,github
https://github.com/integrations/terraform-provider-github,stars,2019-02-20,75,github
https://github.com/integrations/terraform-provider-github,stars,2019-03-09,77,github
https://github.com/integrations/terraform-provider-github,stars,2019-03-15,79,github
https://github.com/integrations/terraform-provider-github,stars,2019-03-22,80,github
https://github.com/integrations/terraform-provider-github,stars,2019-03-28,81,github
https://github.com/integrations/terraform-provider-github,stars,2019-04-02,82,github
https://github.com/integrations/terraform-provider-github,stars,2019-04-15,83,github
https://github.com/integrations/terraform-provider-github,stars,2019-05-04,86,github
https://github.com/integrations/terraform-provider-github,stars,2019-05-08,89,github
https://github.com/integrations/terraform-provider-github,stars,2019-05-15,90,github
https://github.com/integrations/terraform-provider-github,stars,2019-05-31,92,github
https://github.com/integrations/terraform-provider-github,stars,2019-06-05,93,github
https://github.com/integrations/terraform-provider-github,stars,2019-06-11,95,github
https://github.com/integrations/terraform-provider-github,stars,2019-06-19,97,github
https://github.com/integrations/terraform-provider-github,stars,2019-06-27,98,github
https://github.com/integrations/terraform-provider-github,stars,2019-07-04,99,github
https://github.com/integrations/terraform-provider-github,stars,2019-07-09,102,github
https://github.com/integrations/terraform-provider-github,stars,2019-07-16,103,github
https://github.com/integrations/terraform-provider-github,stars,2019-08-04,104,github
https://github.com/integrations/terraform-provider-github,stars,2019-08-13,105,github
https://github.com/integrations/terraform-provider-github,stars,2019-08-22,107,github
https://github.com/integrations/terraform-provider-github,stars,2019-09-03,108,github
https://github.com/integrations/terraform-provider-github,stars,2019-09-10,109,github
https://github.com/integrations/terraform-provider-github,stars,2019-10-05,110,github
https://github.com/integrations/terraform-provider-github,stars,2019-10-10,111,github
https://github.com/integrations/terraform-provider-github,stars,2019-10-16,114,github
https://github.com/integrations/terraform-provider-github,stars,2019-10-22,116,github
https://github.com/integrations/terraform-provider-github,stars,2019-10-31,117,github
https://github.com/integrations/terraform-provider-github,stars,2019-11-08,120,github
https://github.com/integrations/terraform-provider-github,stars,2019-11-20,124,github
https://github.com/integrations/terraform-provider-github,stars,2019-11-28,125,github
https://github.com/integrations/terraform-provider-github,stars,2019-12-17,128,github
https://github.com/integrations/terraform-provider-github,stars,2019-12-25,130,github
https://github.com/integrations/terraform-provider-github,stars,2020-01-03,131,github
https://github.com/integrations/terraform-provider-github,stars,2020-01-09,132,github
https://github.com/integrations/terraform-provider-github,stars,2020-01-17,136,github
https://github.com/integrations/terraform-provider-github,stars,2020-01-22,138,github
https://github.com/integrations/terraform-provider-github,stars,2020-01-31,139,github
https://github.com/integrations/terraform-provider-github,stars,2020-02-05,140,github
https://github.com/integrations/terraform-provider-github,stars,2020-02-14,145,github
https://github.com/integrations/terraform-provider-github,stars,2020-02-19,146,github
https://github.com/integrations/terraform-provider-github,stars,2020-02-29,149,github
https://github.com/integrations/terraform-provider-github,stars,2020-03-06,156,github
https://github.com/integrations/terraform-provider-github,stars,2020-03-14,161,github
https://github.com/integrations/terraform-provider-github,stars,2020-03-15,162,github
https://github.com/integrations/terraform-provider-github,stars,2020-03-28,163,github
https://github.com/integrations/terraform-provider-github,stars,2020-04-02,166,github
https://github.com/integrations/terraform-provider-github,stars,2020-04-07,172,github
https://github.com/integrations/terraform-provider-github,stars,2020-04-25,174,github
https://github.com/integrations/terraform-provider-github,stars,2020-05-01,176,github
https://github.com/integrations/terraform-provider-github,stars,2020-05-08,181,github
https://github.com/integrations/terraform-provider-github,stars,2020-05-21,182,github
https://github.com/integrations/terraform-provider-github,stars,2020-05-28,190,github
https://github.com/integrations/terraform-provider-github,stars,2020-06-04,192,github
https://github.com/integrations/terraform-provider-github,stars,2020-06-12,193,github
https://github.com/integrations/terraform-provider-github,stars,2020-06-20,194,github
https://github.com/integrations/terraform-provider-github,stars,2020-07-10,196,github
https://github.com/integrations/terraform-provider-github,stars,2020-07-18,200,github
https://github.com/integrations/terraform-provider-github,stars,2020-07-28,201,github
https://github.com/integrations/terraform-provider-github,stars,2020-08-07,203,github
https://github.com/integrations/terraform-provider-github,stars,2020-08-12,206,github
https://github.com/integrations/terraform-provider-github,stars,2020-08-29,208,github
https://github.com/integrations/terraform-provider-github,stars,2020-09-01,209,github
https://github.com/integrations/terraform-provider-github,stars,2020-09-10,212,github
https://github.com/integrations/terraform-provider-github,stars,2020-09-21,213,github
https://github.com/integrations/terraform-provider-github,stars,2020-10-03,218,github
https://github.com/integrations/terraform-provider-github,stars,2020-10-24,221,github
https://github.com/integrations/terraform-provider-github,stars,2020-10-30,223,github
https://github.com/integrations/terraform-provider-github,stars,2020-11-06,228,github
https://github.com/integrations/terraform-provider-github,stars,2020-11-13,232,github
https://github.com/integrations/terraform-provider-github,stars,2020-11-21,235,github
https://github.com/integrations/terraform-provider-github,stars,2020-11-25,236,github
https://github.com/integrations/terraform-provider-github,stars,2020-12-01,241,github
https://github.com/integrations/terraform-provider-github,stars,2020-12-07,243,github
https://github.com/integrations/terraform-provider-github,stars,2020-12-17,246,github
https://github.com/integrations/terraform-provider-github,stars,2020-12-21,248,github
https://github.com/integrations/terraform-provider-github,stars,2020-12-28,250,github
https://github.com/integrations/terraform-provider-github,stars,2021-01-07,270,wayback
https://github.com/integrations/terraform-provider-github,stars,2021-01-08,252,github
https://github.com/integrations/terraform-provider-github,stars,2021-01-16,257,github
https://github.com/integrations/terraform-provider-github,stars,2021-01-23,262,github
https://github.com/integrations/terraform-provider-github,stars,2021-01-29,266,github
https://github.com/integrations/terraform-provider-github,stars,2021-02-01,267,github
https://github.com/integrations/terraform-provider-github,stars,2021-02-12,270,github
https://github.com/integrations/terraform-provider-github,stars,2021-02-15,272,github
https://github.com/integrations/terraform-provider-github,stars,2021-02-26,275,github
https://github.com/integrations/terraform-provider-github,stars,2021-03-06,281,github
https://github.com/integrations/terraform-provider-github,stars,2021-03-09,283,github
https://github.com/integrations/terraform-provider-github,stars,2021-03-18,286,github
https://github.com/integrations/terraform-provider-github,stars,2021-03-22,287,github
https://github.com/integrations/terraform-provider-github,stars,2021-04-03,291,github
https://github.com/integrations/terraform-provider-github,stars,2021-04-07,295,github
https://github.com/integrations/terraform-provider-github,stars,2021-04-17,300,github
https://github.com/integrations/terraform-provider-github,stars,2021-04-19,301,github
https://github.com/integrations/terraform-provider-github,stars,2021-04-27,302,github
https://github.com/integrations/terraform-provider-github,stars,2021-05-08,304,github
https://github.com/integrations/terraform-provider-github,stars,2021-05-15,306,github
https://github.com/integrations/terraform-provider-github,stars,2021-05-20,310,github
https://github.com/integrations/terraform-provider-github,stars,2021-05-26,313,github
https://github.com/integrations/terraform-provider-github,stars,2021-06-03,314,github
https://github.com/integrations/terraform-provider-github,stars,2021-06-09,315,github
https://github.com/integrations/terraform-provider-github,stars,2021-06-17,319,github
https://github.com/integrations/terraform-provider-github,stars,2021-06-22,323,github
https://github.com/integrations/terraform-provider-github,stars,2021-07-10,324,github
https://github.com/integrations/terraform-provider-github,stars,2021-07-17,326,github
https://github.com/integrations/terraform-provider-github,stars,2021-07-23,331,github
https://github.com/integrations/terraform-provider-github,stars,2021-07-26,349,wayback
https://github.com/integrations/terraform-provider-github,stars,2021-07-29,334,github
https://github.com/integrations/terraform-provider-github,stars,2021-08-04,336,github
https://github.com/integrations/terraform-provider-github,stars,2021-08-13,339,github
https://github.com/integrations/terraform-provider-github,stars,2021-08-20,340,github
https://github.com/integrations/terraform-provider-github,stars,2021-08-25,343,github
https://github.com/integrations/terraform-provider-github,stars,2021-09-03,350,github
https://github.com/integrations/terraform-provider-github,stars,2021-09-17,354,github
https://github.com/integrations/terraform-provider-github,stars,2021-09-23,355,github
https://github.com/integrations/terraform-provider-github,stars,2021-09-30,357,github
https://github.com/integrations/terraform-provider-github,stars,2021-10-06,358,github
https://github.com/integrations/terraform-provider-github,stars,2021-10-14,363,github
https://github.com/integrations/terraform-provider-github,stars,2021-10-22,365,github
https://github.com/integrations/terraform-provider-github,stars,2021-10-29,370,github
https://github.com/integrations/terraform-provider-github,stars,2021-11-05,372,github
https://github.com/integrations/terraform-provider-github,stars,2021-11-12,376,github
https://github.com/integrations/terraform-provider-github,stars,2021-11-15,377,github
https://github.com/integrations/terraform-provider-github,stars,2021-11-25,380,github
https://github.com/integrations/terraform-provider-github,stars,2021-12-04,381,github
https://github.com/integrations/terraform-provider-github,stars,2021-12-11,383,github
https://github.com/integrations/terraform-provider-github,stars,2021-12-18,385,github
https://github.com/integrations/terraform-provider-github,stars,2021-12-23,391,github
https://github.com/integrations/terraform-provider-github,stars,2022-01-01,393,github
https://github.com/integrations/terraform-provider-github,stars,2022-01-07,416,wayback
https://github.com/integrations/terraform-provider-github,stars,2022-01-08,398,github
https://github.com/integrations/terraform-provider-github,stars,2022-01-15,404,github
https://github.com/integrations/terraform-provider-github,stars,2022-01-18,405,github
https://github.com/integrations/terraform-provider-github,stars,2022-01-29,411,github
https://github.com/integrations/terraform-provider-github,stars,2022-02-05,416,github
https://github.com/integrations/terraform-provider-github,stars,2022-02-10,419,github
https://github.com/integrations/terraform-provider-github,stars,2022-02-14,420,github
https://github.com/integrations/terraform-provider-github,stars,2022-02-21,421,github
https://github.com/integrations/terraform-provider-github,stars,2022-03-01,422,github
https://github.com/integrations/terraform-provider-github,stars,2022-03-11,426,github
https://github.com/integrations/terraform-provider-github,stars,2022-03-17,430,github
https://github.com/integrations/terraform-provider-github,stars,2022-03-18,448,wayback
https://github.com/integrations/terraform-provider-github,stars,2022-03-24,432,github
https://github.com/integrations/terraform-provider-github,stars,2022-04-01,437,github
https://github.com/integrations/terraform-provider-github,stars,2022-04-05,444,github
https://github.com/integrations/terraform-provider-github,stars,2022-04-16,450,github
https://github.com/integrations/terraform-provider-github,stars,2022-04-18,451,github
https://github.com/integrations/terraform-provider-github,stars,2022-04-25,452,github
https://github.com/integrations/terraform-provider-github,stars,2022-05-03,454,github
https://github.com/integrations/terraform-provider-github,stars,2022-05-13,456,github
https://github.com/integrations/terraform-provider-github,stars,2022-05-21,459,github
https://github.com/integrations/terraform-provider-github,stars,2022-05-27,464,github
https://github.com/integrations/terraform-provider-github,stars,2022-05-31,468,github
https://github.com/integrations/terraform-provider-github,stars,2022-06-11,476,github
https://github.com/integrations/terraform-provider-github,stars,2022-06-16,483,github
https://github.com/integrations/terraform-provider-github,stars,2022-06-25,488,github
https://github.com/integrations/terraform-provider-github,stars,2022-07-02,491,github
https://github.com/integrations/terraform-provider-github,stars,2022-07-07,494,github
https://github.com/integrations/terraform-provider-github,stars,2022-07-15,504,github
https://github.com/integrations/terraform-provider-github,stars,2022-07-23,507,github
https://github.com/integrations/terraform-provider-github,stars,2022-07-29,510,github
https://github.com/integrations/terraform-provider-github,stars,2022-08-12,514,github
https://github.com/integrations/terraform-provider-github,stars,2022-08-19,519,github
https://github.com/integrations/terraform-provider-github,stars,2022-08-26,524,github
https://github.com/integrations/terraform-provider-github,stars,2022-09-03,527,github
https://github.com/integrations/terraform-provider-github,stars,2022-09-08,532,github
https://github.com/integrations/terraform-provider-github,stars,2022-09-16,536,github
https://github.com/integrations/terraform-provider-github,stars,2022-09-22,540,github
https://github.com/integrations/terraform-provider-github,stars,2022-09-26,542,github
https://github.com/integrations/terraform-provider-github,stars,2022-10-05,546,github
https://github.com/integrations/terraform-provider-github,stars,2022-10-06,566,wayback
https://github.com/integrations/terraform-provider-github,stars,2022-10-14,548,github
https://github.com/integrations/terraform-provider-github,stars,2022-10-20,551,github
https://github.com/integrations/terraform-provider-github,stars,2022-10-29,554,github
https://github.com/integrations/terraform-provider-github,stars,2022-11-04,557,github
https://github.com/integrations/terraform-provider-github,stars,2022-11-12,561,github
https://github.com/integrations/terraform-provider-github,stars,2022-11-18,569,github
https://github.com/integrations/terraform-provider-github,stars,2022-11-26,574,github
https://github.com/integrations/terraform-provider-github,stars,2022-12-01,578,github
https://github.com/integrations/terraform-provider-github,stars,2022-12-10,582,github
https://github.com/integrations/terraform-provider-github,stars,2022-12-23,583,github
https://github.com/integrations/terraform-provider-github,stars,2023-01-04,587,github
https://github.com/integrations/terraform-provider-github,stars,2023-01-14,590,github
https://github.com/integrations/terraform-provider-github,stars,2023-01-17,591,github
https://github.com/integrations/terraform-provider-github,stars,2023-01-28,597,github
https://github.com/integrations/terraform-provider-github,stars,2023-01-30,598,github
https://github.com/integrations/terraform-provider-github,stars,2023-02-09,600,github
https://github.com/integrations/terraform-provider-github,stars,2023-02-15,603,github
https://github.com/integrations/terraform-provider-github,stars,2023-02-23,627,wayback
https://github.com/integrations/terraform-provider-github,stars,2023-02-25,615,github
https://github.com/integrations/terraform-provider-github,stars,2023-03-04,620,github
https://github.com/integrations/terraform-provider-github,stars,2023-03-11,627,github
https://github.com/integrations/terraform-provider-github,stars,2023-03-18,632,github
https://github.com/integrations/terraform-provider-github,stars,2023-03-21,660,wayback
https://github.com/integrations/terraform-provider-github,stars,2023-03-23,640,github
https://github.com/integrations/terraform-provider-github,stars,2023-04-01,649,github
https://github.com/integrations/terraform-provider-github,stars,2023-04-08,656,github
https://github.com/integrations/terraform-provider-github,stars,2023-04-14,660,github
https://github.com/integrations/terraform-provider-github,stars,2023-04-16,662,github
https://github.com/integrations/terraform-provider-github,stars,2023-04-29,669,github
https://github.com/integrations/terraform-provider-github,stars,2023-05-04,673,github
https://github.com/integrations/terraform-provider-github,stars,2023-05-11,675,github
https://github.com/integrations/terraform-provider-github,stars,2023-05-17,678,github
https://github.com/integrations/terraform-provider-github,stars,2023-05-25,681,github
https://github.com/integrations/terraform-provider-github,stars,2023-06-03,684,github
https://github.com/integrations/terraform-provider-github,stars,2023-06-10,685,github
https://github.com/integrations/terraform-provider-github,stars,2023-06-16,688,github
https://github.com/integrations/terraform-provider-github,stars,2023-06-22,689,github
https://github.com/integrations/terraform-provider-github,stars,2023-07-01,694,github
https://github.com/integrations/terraform-provider-github,stars,2023-07-07,698,github
https://github.com/integrations/terraform-provider-github,stars,2023-07-15,701,github
https://github.com/integrations/terraform-provider-github,stars,2023-07-22,706,github
https://github.com/integrations/terraform-provider-github,stars,2023-07-28,710,github
https://github.com/integrations/terraform-provider-github,stars,2023-08-03,712,github
https://github.com/integrations/terraform-provider-github,stars,2023-08-12,715,github
https://github.com/integrations/terraform-provider-github,stars,2023-08-19,717,github
https://github.com/integrations/terraform-provider-github,stars,2023-08-21,719,github
https://github.com/integrations/terraform-provider-github,stars,2023-09-01,722,github
https://github.com/integrations/terraform-provider-github,stars,2023-09-08,725,github
https://github.com/integrations/terraform-provider-github,stars,2023-09-16,729,github
https://github.com/integrations/terraform-provider-github,stars,2023-09-30,730,github
https://github.com/integrations/terraform-provider-github,stars,2023-10-06,733,github
https://github.com/integrations/terraform-provider-github,stars,2023-10-12,735,github
https://github.com/integrations/terraform-provider-github,stars,2023-10-21,739,github
https://github.com/integrations/terraform-provider-github,stars,2023-10-23,740,github
https://github.com/integrations/terraform-provider-github,stars,2023-11-04,742,github
https://github.com/integrations/terraform-provider-github,stars,2023-11-09,749,github
https://github.com/integrations/terraform-provider-github,stars,2023-11-14,750,github
https://github.com/integrations/terraform-provider-github,stars,2023-11-23,751,github
https://github.com/integrations/terraform-provider-github,stars,2023-12-07,754,github
https://github.com/integrations/terraform-provider-github,stars,2023-12-15,780,wayback
https://github.com/integrations/terraform-provider-github,stars,2023-12-16,760,github
https://github.com/integrations/terraform-provider-github,stars,2023-12-18,761,github
https://github.com/integrations/terraform-provider-github,stars,2023-12-27,762,github
https://github.com/integrations/terraform-provider-github,stars,2024-01-02,785,wayback
https://github.com/integrations/terraform-provider-github,stars,2024-01-04,764,github
https://github.com/integrations/terraform-provider-github,stars,2024-01-11,769,github
https://github.com/integrations/terraform-provider-github,stars,2024-01-16,772,github
https://github.com/integrations/terraform-provider-github,stars,2024-01-25,775,github
https://github.com/integrations/terraform-provider-github,stars,2024-02-02,779,github
https://github.com/integrations/terraform-provider-github,stars,2024-02-07,781,github
https://github.com/integrations/terraform-provider-github,stars,2024-02-15,785,github
https://github.com/integrations/terraform-provider-github,stars,2024-02-23,788,github
https://github.com/integrations/terraform-provider-github,stars,2024-03-02,792,github
https://github.com/integrations/terraform-provider-github,stars,2024-03-04,793,github
https://github.com/integrations/terraform-provider-github,stars,2024-03-15,795,github
https://github.com/integrations/terraform-provider-github,stars,2024-03-21,797,github
https://github.com/integrations/terraform-provider-github,stars,2024-03-25,816,wayback
https://github.com/integrations/terraform-provider-github,stars,2024-03-30,800,github
https://github.com/integrations/terraform-provider-github,stars,2024-04-02,802,github
https://github.com/integrations/terraform-provider-github,stars,2024-04-13,806,github
https://github.com/integrations/terraform-provider-github,stars,2024-04-18,811,github
https://github.com/integrations/terraform-provider-github,stars,2024-04-26,816,github
https://github.com/integrations/terraform-provider-github,stars,2024-05-03,819,github
https://github.com/integrations/terraform-provider-github,stars,2024-05-09,825,github
https://github.com/integrations/terraform-provider-github,stars,2024-05-16,826,github
https://github.com/integrations/terraform-provider-github,stars,2024-05-24,828,github
https://github.com/integrations/terraform-provider-github,stars,2024-05-30,831,github
https://github.com/integrations/terraform-provider-github,stars,2024-06-08,834,github
https://github.com/integrations/terraform-provider-github,stars,2024-06-12,835,github
https://github.com/integrations/terraform-provider-github,stars,2024-06-20,837,github
https://github.com/integrations/terraform-provider-github,stars,2024-06-26,842,github
https://github.com/integrations/terraform-provider-github,stars,2024-07-04,846,github
https://github.com/integrations/terraform-provider-github,stars,2024-07-13,853,github
https://github.com/integrations/terraform-provider-github,stars,2024-07-25,857,github
https://github.com/integrations/terraform-provider-github,stars,2024-08-02,858,github
https://github.com/integrations/terraform-provider-github,stars,2024-08-06,875,wayback
https://github.com/integrations/terraform-provider-github,stars,2024-08-15,860,github
https://github.com/integrations/terraform-provider-github,stars,2024-08-23,867,github
https://github.com/integrations/terraform-provider-github,stars,2024-08-27,869,github
https://github.com/integrations/terraform-provider-github,stars,2024-09-06,871,github
https://github.com/integrations/terraform-provider-github,stars,2024-09-09,888,wayback
https://github.com/integrations/terraform-provider-github,stars,2024-09-18,873,github
https://github.com/integrations/terraform-provider-github,stars,2024-09-24,875,github
https://github.com/integrations/terraform-provider-github,stars,2024-10-01,876,github
https://github.com/integrations/terraform-provider-github,stars,2024-10-10,881,github
https://github.com/integrations/terraform-provider-github,stars,2024-10-18,883,github
https://github.com/integrations/terraform-provider-github,stars,2024-10-25,887,github
https://github.com/integrations/terraform-provider-github,stars,2024-11-09,889,github
https://github.com/integrations/terraform-provider-github,stars,2024-11-14,890,github
https://github.com/integrations/terraform-provider-github,stars,2024-11-23,894,github
https://github.com/integrations/terraform-provider-github,stars,2024-11-25,896,github
https://github.com/integrations/terraform-provider-github,stars,2024-12-04,897,github
https://github.com/integrations/terraform-provider-github,stars,2024-12-21,901,github
https://github.com/integrations/terraform-provider-github,stars,2024-12-26,904,github
https://github.com/integrations/terraform-provider-github,stars,2025-01-04,906,github
https://github.com/integrations/terraform-provider-github,stars,2025-01-09,908,github
https://github.com/integrations/terraform-provider-github,stars,2025-01-17,913,github
https://github.com/integrations/terraform-provider-github,stars,2025-01-25,918,github
https://github.com/integrations/terraform-provider-github,stars,2025-01-30,934,wayback
https://github.com/integrations/terraform-provider-github,stars,2025-01-31,919,github
https://github.com/integrations/terraform-provider-github,stars,2025-02-02,920,github
https://github.com/integrations/terraform-provider-github,stars,2025-02-12,926,github
https://github.com/integrations/terraform-provider-github,stars,2025-02-17,927,github
https://github.com/integrations/terraform-provider-github,stars,2025-02-27,929,github
https://github.com/integrations/terraform-provider-github,stars,2025-03-08,933,github
https://github.com/integrations/terraform-provider-github,stars,2025-03-15,938,github
https://github.com/integrations/terraform-provider-github,stars,2025-03-20,940,github
https://github.com/integrations/terraform-provider-github,stars,2025-03-28,946,github
https://github.com/integrations/terraform-provider-github,stars,2025-04-02,948,github
https://github.com/integrations/terraform-provider-github,stars,2025-04-04,965,wayback
https://github.com/integrations/terraform-provider-github,stars,2025-04-12,955,github
https://github.com/integrations/terraform-provider-github,stars,2025-04-18,959,github
https://github.com/integrations/terraform-provider-github,stars,2025-05-02,962,github
https://github.com/integrations/terraform-provider-github,stars,2025-05-04,979,wayback
https://github.com/integrations/terraform-provider-github,stars,2025-05-16,966,github
https://github.com/integrations/terraform-provider-github,stars,2025-05-21,970,github
https://github.com/integrations/terraform-provider-github,stars,2025-05-28,973,github
https://github.com/integrations/terraform-provider-github,stars,2025-06-06,977,github
https://github.com/integrations/terraform-provider-github,stars,2025-06-13,981,github
https://github.com/integrations/terraform-provider-github,stars,2025-06-21,983,github
https://github.com/integrations/terraform-provider-github,stars,2025-06-25,989,github
https://github.com/integrations/terraform-provider-github,stars,2025-07-04,996,github
https://github.com/integrations/terraform-provider-github,stars,2025-07-11,998,github
https://github.com/integrations/terraform-provider-github,stars,2025-07-19,1001,github
https://github.com/integrations/terraform-provider-github,stars,2025-07-22,1002,github
https://github.com/integrations/terraform-provider-github,stars,2025-07-30,1004,github
https://github.com/integrations/terraform-provider-github,stars,2025-08-05,1005,github
https://github.com/integrations/terraform-provider-github,stars,2025-08-14,1006,github
https://github.com/integrations/terraform-provider-github,stars,2025-08-21,1008,github
https://github.com/integrations/terraform-provider-github,stars,2025-09-04,1023,wayback
https://github.com/integrations/terraform-provider-github,stars,2025-09-05,1012,github
https://github.com/integrations/terraform-provider-github,stars,2025-09-13,1016,github
https://github.com/integrations/terraform-provider-github,stars,2025-09-20,1018,github
https://github.com/integrations/terraform-provider-github,stars,2025-09-25,1019,github
https://github.com/integrations/terraform-provider-github,stars,2025-10-07,1020,github
https://github.com/integrations/terraform-provider-github,stars,2025-10-15,1023,github
https://github.com/integrations/terraform-provider-github,stars,2025-10-25,1029,github
https://github.com/integrations/terraform-provider-github,stars,2025-10-31,1033,github
https://github.com/integrations/terraform-provider-github,stars,2025-11-04,1052,wayback
https://github.com/integrations/terraform-provider-github,stars,2025-11-08,1040,github
https://github.com/integrations/terraform-provider-github,stars,2025-11-14,1042,github
https://github.com/integrations/terraform-provider-github,stars,2025-11-21,1047,github
https://github.com/integrations/terraform-provider-github,stars,2025-11-28,1051,github
https://github.com/integrations/terraform-provider-github,stars,2025-12-06,1053,github
https://github.com/integrations/terraform-provider-github,stars,2025-12-10,1055,github
https://github.com/integrations/terraform-provider-github,stars,2025-12-20,1062,github
https://github.com/integrations/terraform-provider-github,stars,2025-12-24,1075,wayback
https://github.com/integrations/terraform-provider-github,stars,2026-01-01,1065,github
https://github.com/integrations/terraform-provider-github,stars,2026-01-09,1071,github
https://github.com/integrations/terraform-provider-github,stars,2026-01-10,1081,wayback
https://github.com/integrations/terraform-provider-github,stars,2026-01-16,1074,github
https://github.com/integrations/terraform-provider-github,stars,2026-01-21,1075,github
https://github.com/integrations/terraform-provider-github,stars,2026-01-26,1076,github
https://github.com/integrations/terraform-provider-github,stars,2026-02-06,1080,github
https://github.com/integrations/terraform-provider-github,stars,2026-02-12,1094,wayback
https://github.com/integrations/terraform-provider-github,stars,2026-02-13,1084,github
https://github.com/integrations/terraform-provider-github,stars,2026-02-21,1085,github
https://github.com/integrations/terraform-provider-github,stars,2026-02-26,1089,github
https://github.com/integrations/terraform-provider-github,stars,2026-03-06,1092,github
https://github.com/integrations/terraform-provider-github,stars,2026-03-08,1102,wayback
https://github.com/integrations/terraform-provider-github,stars,2026-03-09,1094,github
https://github.com/integrations/terraform-provider-github,stars,2026-03-18,1098,github
https://github.com/integrations/terraform-provider-github,stars,2026-03-24,1099,github
https://github.com/integrations/terraform-provider-github,stars,2026-04-02,1105,github
https://github.com/integrations/terraform-provider-github,stars,2026-04-07,1107,github
https://github.com/integrations/terraform-provider-github,stars,2026-04-12,1115,wayback
https://github.com/integrations/terraform-provider-github,stars,2026-04-23,1110,github
https://github.com/integrations/terraform-provider-github,stars,2026-05-02,1114,github
https://github.com/integrations/terraform-provider-github,stars,2026-05-09,1119,github
https://github.com/integrations/terraform-provider-github,stars,2026-05-16,1123,github
https://github.com/integrations/terraform-provider-github,stars,2026-05-28,1124,github
https://github.com/integrations/terraform-provider-github,stars,2026-06-03,1126,github
https://github.com/integrations/terraform-provider-github,stars,2026-06-06,1133,wayback
https://github.com/integrations/terraform-provider-github,stars,2026-06-08,1127,github
https://github.com/integrations/terraform-provider-github,stars,2026-06-16,1128,github
https://github.com/integrations/terraform-provider-github,stars,2026-06-26,1131,github
https://github.com/integrations/terraform-provider-github,stars,2026-07-02,1134,github
https://github.com/integrations/terraform-provider-github,stars,2026-07-08,1144,wayback
https://github.com/integrations/terraform-provider-github,stars,2026-07-10,1138,github
https://github.com/integrations/terraform-provider-github,stars,2026-07-18,1140,github
https://github.com/integrations/terraform-provider-github,stars,2026-07-20,1142,github
https://github.com/integrations/terraform-provider-github,stars,2026-08-01,1147,github
https://github.com/integrations/terraform-provider-github,stars,2026-08-05,1148,github
https://github.com/integrations/terraform-provider-github,stars,2026-08-15,1152,github
https://github.com/integrations/terraform-provider-github,stars,2026-08-16,1156,sample
https://github.com/integrations/terraform-provider-github,stars,2026-08-17,1156,sample
https://github.com/integrations/terraform-provider-github,stars,2026-08-18,1156,sample
https://github.com/integrations/terraform-provider-github,stars,2026-08-20,1156,github
https://github.com/integrations/terraform-provider-github,stars,2026-08-25,1162,sample
https://github.com/integrations/terraform-provider-github,stars,2026-08-29,1160,github
https://github.com/integrations/terraform-provider-github,stars,2026-09-01,1163,sample
https://github.com/integrations/terraform-provider-github,stars,2026-09-04,1164,github
https://github.com/integrations/terraform-provider-github,stars,2026-09-08,1177,sample
https://github.com/integrations/terraform-provider-github,stars,2026-09-12,1179,github
https://github.com/integrations/terraform-provider-github,stars,2026-09-15,1181,sample
https://github.com/integrations/terraform-provider-github,stars,2026-09-17,1182,github
https://github.com/integrations/terraform-provider-github,stars,2026-09-22,1183,github
https://github.com/kdeldycke/repomatic,commit,2026-09-22,2026-09-20,sample
https://github.com/kdeldycke/repomatic,release,2026-09-22,2026-09-20,sample
https://github.com/kdeldycke/repomatic,release_source,2026-08-16,release,sample
https://github.com/kdeldycke/repomatic,stars,2021-12-09,0,created
https://github.com/kdeldycke/repomatic,stars,2022-01-05,1,github
https://github.com/kdeldycke/repomatic,stars,2022-03-15,2,github
https://github.com/kdeldycke/repomatic,stars,2022-04-29,3,github
https://github.com/kdeldycke/repomatic,stars,2022-06-01,4,github
https://github.com/kdeldycke/repomatic,stars,2023-06-08,6,github
https://github.com/kdeldycke/repomatic,stars,2023-06-15,9,github
https://github.com/kdeldycke/repomatic,stars,2023-10-20,11,github
https://github.com/kdeldycke/repomatic,stars,2024-02-07,12,github
https://github.com/kdeldycke/repomatic,stars,2024-02-19,13,github
https://github.com/kdeldycke/repomatic,stars,2024-03-22,14,github
https://github.com/kdeldycke/repomatic,stars,2024-04-07,15,github
https://github.com/kdeldycke/repomatic,stars,2024-08-08,16,github
https://github.com/kdeldycke/repomatic,stars,2024-08-28,17,github
https://github.com/kdeldycke/repomatic,stars,2024-09-09,18,github
https://github.com/kdeldycke/repomatic,stars,2024-10-12,19,github
https://github.com/kdeldycke/repomatic,stars,2025-01-22,20,github
https://github.com/kdeldycke/repomatic,stars,2025-02-04,21,github
https://github.com/kdeldycke/repomatic,stars,2025-02-13,22,github
https://github.com/kdeldycke/repomatic,stars,2025-03-10,23,github
https://github.com/kdeldycke/repomatic,stars,2025-05-03,24,github
https://github.com/kdeldycke/repomatic,stars,2025-06-06,26,github
https://github.com/kdeldycke/repomatic,stars,2025-06-20,27,github
https://github.com/kdeldycke/repomatic,stars,2025-07-26,28,github
https://github.com/kdeldycke/repomatic,stars,2025-07-28,29,github
https://github.com/kdeldycke/repomatic,stars,2025-11-23,30,github
https://github.com/kdeldycke/repomatic,stars,2026-01-06,31,github
https://github.com/kdeldycke/repomatic,stars,2026-01-20,32,github
https://github.com/kdeldycke/repomatic,stars,2026-01-30,33,github
https://github.com/kdeldycke/repomatic,stars,2026-02-04,35,github
https://github.com/kdeldycke/repomatic,stars,2026-02-24,36,github
https://github.com/kdeldycke/repomatic,stars,2026-03-30,37,github
https://github.com/kdeldycke/repomatic,stars,2026-04-09,42,github
https://github.com/kdeldycke/repomatic,stars,2026-04-18,46,github
https://github.com/kdeldycke/repomatic,stars,2026-04-23,47,github
https://github.com/kdeldycke/repomatic,stars,2026-04-29,48,github
https://github.com/kdeldycke/repomatic,stars,2026-05-18,49,github
https://github.com/kdeldycke/repomatic,stars,2026-05-29,51,github
https://github.com/kdeldycke/repomatic,stars,2026-06-03,52,github
https://github.com/kdeldycke/repomatic,stars,2026-06-16,53,github
https://github.com/kdeldycke/repomatic,stars,2026-07-07,54,github
https://github.com/kdeldycke/repomatic,stars,2026-07-18,55,github
https://github.com/kdeldycke/repomatic,stars,2026-07-25,57,github
https://github.com/kdeldycke/repomatic,stars,2026-07-28,58,github
https://github.com/kdeldycke/repomatic,stars,2026-08-16,59,github
https://github.com/kdeldycke/repomatic,stars,2026-08-18,58,sample
https://github.com/kdeldycke/repomatic,stars,2026-08-25,58,sample
https://github.com/kdeldycke/repomatic,stars,2026-08-28,61,github
https://github.com/kdeldycke/repomatic,stars,2026-09-01,60,sample
https://github.com/kdeldycke/repomatic,stars,2026-09-02,62,github
https://github.com/kdeldycke/repomatic,stars,2026-09-07,63,github
https://github.com/kdeldycke/repomatic,stars,2026-09-08,62,sample
https://github.com/kdeldycke/repomatic,stars,2026-09-15,63,sample
https://github.com/kdeldycke/repomatic,stars,2026-09-17,65,github
https://github.com/kdeldycke/repomatic,stars,2026-09-22,65,sample
https://github.com/ossf/allstar,commit,2026-09-22,2026-09-19,sample
https://github.com/ossf/allstar,release,2026-09-01,2026-08-31,sample
https://github.com/ossf/allstar,release_source,2026-08-16,release,sample
https://github.com/ossf/allstar,stars,2021-05-25,3,github
https://github.com/ossf/allstar,stars,2021-06-10,5,github
https://github.com/ossf/allstar,stars,2021-07-02,9,github
https://github.com/ossf/allstar,stars,2021-07-07,11,github
https://github.com/ossf/allstar,stars,2021-07-12,12,github
https://github.com/ossf/allstar,stars,2021-08-02,12,wayback
https://github.com/ossf/allstar,stars,2021-08-14,328,github
https://github.com/ossf/allstar,stars,2021-08-21,475,github
https://github.com/ossf/allstar,stars,2021-08-28,526,github
https://github.com/ossf/allstar,stars,2021-09-02,598,wayback
https://github.com/ossf/allstar,stars,2021-09-04,567,github
https://github.com/ossf/allstar,stars,2021-09-11,590,github
https://github.com/ossf/allstar,stars,2021-09-18,605,github
https://github.com/ossf/allstar,stars,2021-09-24,615,github
https://github.com/ossf/allstar,stars,2021-10-02,639,github
https://github.com/ossf/allstar,stars,2021-10-06,696,wayback
https://github.com/ossf/allstar,stars,2021-10-08,656,github
https://github.com/ossf/allstar,stars,2021-10-16,674,github
https://github.com/ossf/allstar,stars,2021-10-23,685,github
https://github.com/ossf/allstar,stars,2021-10-30,695,github
https://github.com/ossf/allstar,stars,2021-11-04,697,github
https://github.com/ossf/allstar,stars,2021-11-08,736,wayback
https://github.com/ossf/allstar,stars,2021-11-10,700,github
https://github.com/ossf/allstar,stars,2021-11-14,701,github
https://github.com/ossf/allstar,stars,2021-11-23,704,github
https://github.com/ossf/allstar,stars,2021-12-01,707,github
https://github.com/ossf/allstar,stars,2021-12-02,744,wayback
https://github.com/ossf/allstar,stars,2021-12-09,711,github
https://github.com/ossf/allstar,stars,2021-12-18,717,github
https://github.com/ossf/allstar,stars,2021-12-25,719,github
https://github.com/ossf/allstar,stars,2022-01-01,724,github
https://github.com/ossf/allstar,stars,2022-01-07,729,github
https://github.com/ossf/allstar,stars,2022-01-11,732,github
https://github.com/ossf/allstar,stars,2022-01-20,778,wayback
https://github.com/ossf/allstar,stars,2022-01-22,745,github
https://github.com/ossf/allstar,stars,2022-01-27,750,github
https://github.com/ossf/allstar,stars,2022-02-01,791,wayback
https://github.com/ossf/allstar,stars,2022-02-04,757,github
https://github.com/ossf/allstar,stars,2022-02-09,762,github
https://github.com/ossf/allstar,stars,2022-02-19,767,github
https://github.com/ossf/allstar,stars,2022-02-26,775,github
https://github.com/ossf/allstar,stars,2022-03-03,777,github
https://github.com/ossf/allstar,stars,2022-03-07,818,wayback
https://github.com/ossf/allstar,stars,2022-03-08,783,github
https://github.com/ossf/allstar,stars,2022-03-18,785,github
https://github.com/ossf/allstar,stars,2022-03-24,790,github
https://github.com/ossf/allstar,stars,2022-03-29,794,github
https://github.com/ossf/allstar,stars,2022-04-08,801,github
https://github.com/ossf/allstar,stars,2022-04-09,838,wayback
https://github.com/ossf/allstar,stars,2022-04-15,806,github
https://github.com/ossf/allstar,stars,2022-04-23,811,github
https://github.com/ossf/allstar,stars,2022-04-29,816,github
https://github.com/ossf/allstar,stars,2022-05-05,823,github
https://github.com/ossf/allstar,stars,2022-05-14,828,github
https://github.com/ossf/allstar,stars,2022-05-19,832,github
https://github.com/ossf/allstar,stars,2022-05-27,845,github
https://github.com/ossf/allstar,stars,2022-06-04,855,github
https://github.com/ossf/allstar,stars,2022-06-05,890,wayback
https://github.com/ossf/allstar,stars,2022-06-06,856,github
https://github.com/ossf/allstar,stars,2022-06-16,859,github
https://github.com/ossf/allstar,stars,2022-06-21,868,github
https://github.com/ossf/allstar,stars,2022-07-02,875,github
https://github.com/ossf/allstar,stars,2022-07-08,879,github
https://github.com/ossf/allstar,stars,2022-07-14,883,github
https://github.com/ossf/allstar,stars,2022-07-19,885,github
https://github.com/ossf/allstar,stars,2022-07-25,886,github
https://github.com/ossf/allstar,stars,2022-08-05,888,github
https://github.com/ossf/allstar,stars,2022-08-13,899,github
https://github.com/ossf/allstar,stars,2022-08-18,939,wayback
https://github.com/ossf/allstar,stars,2022-08-19,905,github
https://github.com/ossf/allstar,stars,2022-08-24,908,github
https://github.com/ossf/allstar,stars,2022-09-03,912,github
https://github.com/ossf/allstar,stars,2022-09-09,917,github
https://github.com/ossf/allstar,stars,2022-09-16,918,github
https://github.com/ossf/allstar,stars,2022-09-22,924,github
https://github.com/ossf/allstar,stars,2022-09-30,930,github
https://github.com/ossf/allstar,stars,2022-10-08,933,github
https://github.com/ossf/allstar,stars,2022-10-12,938,github
https://github.com/ossf/allstar,stars,2022-10-21,944,github
https://github.com/ossf/allstar,stars,2022-10-27,947,github
https://github.com/ossf/allstar,stars,2022-11-04,953,github
https://github.com/ossf/allstar,stars,2022-11-10,956,github
https://github.com/ossf/allstar,stars,2022-11-18,962,github
https://github.com/ossf/allstar,stars,2022-11-23,964,github
https://github.com/ossf/allstar,stars,2022-12-01,968,github
https://github.com/ossf/allstar,stars,2022-12-03,1002,wayback
https://github.com/ossf/allstar,stars,2022-12-04,970,github
https://github.com/ossf/allstar,stars,2022-12-17,973,github
https://github.com/ossf/allstar,stars,2022-12-22,976,github
https://github.com/ossf/allstar,stars,2023-01-05,980,github
https://github.com/ossf/allstar,stars,2023-01-09,981,github
https://github.com/ossf/allstar,stars,2023-01-20,982,github
https://github.com/ossf/allstar,stars,2023-01-30,1017,wayback
https://github.com/ossf/allstar,stars,2023-02-03,986,github
https://github.com/ossf/allstar,stars,2023-02-10,990,github
https://github.com/ossf/allstar,stars,2023-02-17,996,github
https://github.com/ossf/allstar,stars,2023-02-23,998,github
https://github.com/ossf/allstar,stars,2023-02-26,1032,wayback
https://github.com/ossf/allstar,stars,2023-03-04,1002,github
https://github.com/ossf/allstar,stars,2023-03-07,1004,github
https://github.com/ossf/allstar,stars,2023-03-24,1007,github
https://github.com/ossf/allstar,stars,2023-03-28,1009,github
https://github.com/ossf/allstar,stars,2023-04-06,1011,github
https://github.com/ossf/allstar,stars,2023-04-22,1015,github
https://github.com/ossf/allstar,stars,2023-04-28,1017,github
https://github.com/ossf/allstar,stars,2023-05-12,1019,github
https://github.com/ossf/allstar,stars,2023-05-17,1059,wayback
https://github.com/ossf/allstar,stars,2023-05-19,1022,github
https://github.com/ossf/allstar,stars,2023-05-26,1040,github
https://github.com/ossf/allstar,stars,2023-05-30,1041,github
https://github.com/ossf/allstar,stars,2023-06-01,1082,wayback
https://github.com/ossf/allstar,stars,2023-06-09,1042,github
https://github.com/ossf/allstar,stars,2023-06-14,1043,github
https://github.com/ossf/allstar,stars,2023-06-29,1044,github
https://github.com/ossf/allstar,stars,2023-07-08,1046,github
https://github.com/ossf/allstar,stars,2023-07-09,1088,wayback
https://github.com/ossf/allstar,stars,2023-07-14,1047,github
https://github.com/ossf/allstar,stars,2023-07-19,1048,github
https://github.com/ossf/allstar,stars,2023-07-23,1049,github
https://github.com/ossf/allstar,stars,2023-08-02,1051,github
https://github.com/ossf/allstar,stars,2023-08-08,1090,wayback
https://github.com/ossf/allstar,stars,2023-08-12,1059,github
https://github.com/ossf/allstar,stars,2023-08-24,1062,github
https://github.com/ossf/allstar,stars,2023-09-01,1066,github
https://github.com/ossf/allstar,stars,2023-09-08,1068,github
https://github.com/ossf/allstar,stars,2023-09-16,1071,github
https://github.com/ossf/allstar,stars,2023-09-22,1083,github
https://github.com/ossf/allstar,stars,2023-09-27,1087,github
https://github.com/ossf/allstar,stars,2023-10-05,1090,github
https://github.com/ossf/allstar,stars,2023-10-13,1094,github
https://github.com/ossf/allstar,stars,2023-10-20,1100,github
https://github.com/ossf/allstar,stars,2023-10-24,1102,github
https://github.com/ossf/allstar,stars,2023-10-30,1139,wayback
https://github.com/ossf/allstar,stars,2023-10-31,1103,github
https://github.com/ossf/allstar,stars,2023-11-07,1105,github
https://github.com/ossf/allstar,stars,2023-11-18,1108,github
https://github.com/ossf/allstar,stars,2023-11-25,1110,github
https://github.com/ossf/allstar,stars,2023-11-28,1111,github
https://github.com/ossf/allstar,stars,2023-12-07,1116,github
https://github.com/ossf/allstar,stars,2023-12-09,1152,wayback
https://github.com/ossf/allstar,stars,2023-12-16,1119,github
https://github.com/ossf/allstar,stars,2024-01-04,1121,github
https://github.com/ossf/allstar,stars,2024-01-16,1122,github
https://github.com/ossf/allstar,stars,2024-01-21,1123,github
https://github.com/ossf/allstar,stars,2024-01-27,1157,wayback
https://github.com/ossf/allstar,stars,2024-02-03,1126,github
https://github.com/ossf/allstar,stars,2024-02-09,1131,github
https://github.com/ossf/allstar,stars,2024-02-15,1133,github
https://github.com/ossf/allstar,stars,2024-03-02,1137,github
https://github.com/ossf/allstar,stars,2024-03-08,1140,github
https://github.com/ossf/allstar,stars,2024-03-16,1143,github
https://github.com/ossf/allstar,stars,2024-03-22,1147,github
https://github.com/ossf/allstar,stars,2024-03-24,1179,wayback
https://github.com/ossf/allstar,stars,2024-03-29,1149,github
https://github.com/ossf/allstar,stars,2024-04-05,1151,github
https://github.com/ossf/allstar,stars,2024-04-11,1153,github
https://github.com/ossf/allstar,stars,2024-04-19,1157,github
https://github.com/ossf/allstar,stars,2024-04-26,1161,github
https://github.com/ossf/allstar,stars,2024-05-03,1165,github
https://github.com/ossf/allstar,stars,2024-05-10,1170,github
https://github.com/ossf/allstar,stars,2024-05-18,1171,github
https://github.com/ossf/allstar,stars,2024-05-20,1173,github
https://github.com/ossf/allstar,stars,2024-05-27,1175,github
https://github.com/ossf/allstar,stars,2024-06-04,1178,github
https://github.com/ossf/allstar,stars,2024-06-15,1180,github
https://github.com/ossf/allstar,stars,2024-06-18,1181,github
https://github.com/ossf/allstar,stars,2024-06-26,1183,github
https://github.com/ossf/allstar,stars,2024-07-06,1191,github
https://github.com/ossf/allstar,stars,2024-07-12,1195,github
https://github.com/ossf/allstar,stars,2024-07-20,1199,github
https://github.com/ossf/allstar,stars,2024-07-27,1206,github
https://github.com/ossf/allstar,stars,2024-08-09,1209,github
https://github.com/ossf/allstar,stars,2024-08-21,1210,github
https://github.com/ossf/allstar,stars,2024-08-22,1236,wayback
https://github.com/ossf/allstar,stars,2024-08-28,1211,github
https://github.com/ossf/allstar,stars,2024-09-02,1212,github
https://github.com/ossf/allstar,stars,2024-09-12,1214,github
https://github.com/ossf/allstar,stars,2024-09-17,1216,github
https://github.com/ossf/allstar,stars,2024-09-27,1218,github
https://github.com/ossf/allstar,stars,2024-10-03,1222,github
https://github.com/ossf/allstar,stars,2024-10-04,1247,wayback
https://github.com/ossf/allstar,stars,2024-10-12,1225,github
https://github.com/ossf/allstar,stars,2024-10-29,1227,github
https://github.com/ossf/allstar,stars,2024-11-06,1229,github
https://github.com/ossf/allstar,stars,2024-11-14,1230,github
https://github.com/ossf/allstar,stars,2024-11-22,1256,wayback
https://github.com/ossf/allstar,stars,2024-11-29,1234,github
https://github.com/ossf/allstar,stars,2024-12-07,1235,github
https://github.com/ossf/allstar,stars,2024-12-09,1259,wayback
https://github.com/ossf/allstar,stars,2024-12-13,1238,github
https://github.com/ossf/allstar,stars,2024-12-16,1240,github
https://github.com/ossf/allstar,stars,2024-12-27,1243,github
https://github.com/ossf/allstar,stars,2025-01-03,1244,github
https://github.com/ossf/allstar,stars,2025-01-05,1266,wayback
https://github.com/ossf/allstar,stars,2025-01-18,1248,github
https://github.com/ossf/allstar,stars,2025-01-22,1250,github
https://github.com/ossf/allstar,stars,2025-01-28,1252,github
https://github.com/ossf/allstar,stars,2025-02-03,1273,wayback
https://github.com/ossf/allstar,stars,2025-02-07,1254,github
https://github.com/ossf/allstar,stars,2025-02-18,1257,github
https://github.com/ossf/allstar,stars,2025-03-01,1263,github
https://github.com/ossf/allstar,stars,2025-03-02,1285,wayback
https://github.com/ossf/allstar,stars,2025-03-04,1265,github
https://github.com/ossf/allstar,stars,2025-03-15,1270,github
https://github.com/ossf/allstar,stars,2025-03-27,1272,github
https://github.com/ossf/allstar,stars,2025-04-02,1293,wayback
https://github.com/ossf/allstar,stars,2025-04-03,1274,github
https://github.com/ossf/allstar,stars,2025-04-07,1275,github
https://github.com/ossf/allstar,stars,2025-04-22,1278,github
https://github.com/ossf/allstar,stars,2025-05-03,1280,github
https://github.com/ossf/allstar,stars,2025-05-08,1302,wayback
https://github.com/ossf/allstar,stars,2025-05-10,1300,github
https://github.com/ossf/allstar,stars,2025-05-16,1305,github
https://github.com/ossf/allstar,stars,2025-05-23,1310,github
https://github.com/ossf/allstar,stars,2025-05-28,1311,github
https://github.com/ossf/allstar,stars,2025-06-04,1316,github
https://github.com/ossf/allstar,stars,2025-06-12,1318,github
https://github.com/ossf/allstar,stars,2025-06-19,1321,github
https://github.com/ossf/allstar,stars,2025-06-22,1335,wayback
https://github.com/ossf/allstar,stars,2025-06-26,1324,github
https://github.com/ossf/allstar,stars,2025-06-30,1326,github
https://github.com/ossf/allstar,stars,2025-07-02,1340,wayback
https://github.com/ossf/allstar,stars,2025-07-10,1329,github
https://github.com/ossf/allstar,stars,2025-07-16,1331,github
https://github.com/ossf/allstar,stars,2025-07-26,1334,github
https://github.com/ossf/allstar,stars,2025-07-31,1335,github
https://github.com/ossf/allstar,stars,2025-08-02,1347,wayback
https://github.com/ossf/allstar,stars,2025-08-05,1339,github
https://github.com/ossf/allstar,stars,2025-08-15,1342,github
https://github.com/ossf/allstar,stars,2025-08-23,1343,github
https://github.com/ossf/allstar,stars,2025-08-28,1345,github
https://github.com/ossf/allstar,stars,2025-09-01,1356,wayback
https://github.com/ossf/allstar,stars,2025-09-05,1346,github
https://github.com/ossf/allstar,stars,2025-09-09,1347,github
https://github.com/ossf/allstar,stars,2025-09-18,1348,github
https://github.com/ossf/allstar,stars,2025-09-25,1350,github
https://github.com/ossf/allstar,stars,2025-10-07,1359,wayback
https://github.com/ossf/allstar,stars,2025-10-11,1351,github
https://github.com/ossf/allstar,stars,2025-10-17,1353,github
https://github.com/ossf/allstar,stars,2025-10-21,1354,github
https://github.com/ossf/allstar,stars,2025-10-30,1357,github
https://github.com/ossf/allstar,stars,2025-11-02,1358,github
https://github.com/ossf/allstar,stars,2025-11-13,1368,wayback
https://github.com/ossf/allstar,stars,2025-11-14,1360,github
https://github.com/ossf/allstar,stars,2025-11-21,1361,github
https://github.com/ossf/allstar,stars,2025-11-28,1366,github
https://github.com/ossf/allstar,stars,2025-12-04,1369,github
https://github.com/ossf/allstar,stars,2025-12-09,1370,github
https://github.com/ossf/allstar,stars,2025-12-15,1379,wayback
https://github.com/ossf/allstar,stars,2025-12-20,1372,github
https://github.com/ossf/allstar,stars,2025-12-25,1373,github
https://github.com/ossf/allstar,stars,2026-01-02,1375,github
https://github.com/ossf/allstar,stars,2026-01-06,1376,github
https://github.com/ossf/allstar,stars,2026-01-13,1377,github
https://github.com/ossf/allstar,stars,2026-01-24,1381,github
https://github.com/ossf/allstar,stars,2026-01-31,1384,github
https://github.com/ossf/allstar,stars,2026-02-08,1391,wayback
https://github.com/ossf/allstar,stars,2026-02-13,1385,github
https://github.com/ossf/allstar,stars,2026-02-18,1386,github
https://github.com/ossf/allstar,stars,2026-02-25,1387,github
https://github.com/ossf/allstar,stars,2026-03-02,1392,wayback
https://github.com/ossf/allstar,stars,2026-03-05,1388,github
https://github.com/ossf/allstar,stars,2026-03-21,1393,github
https://github.com/ossf/allstar,stars,2026-03-27,1395,github
https://github.com/ossf/allstar,stars,2026-03-31,1398,github
https://github.com/ossf/allstar,stars,2026-04-08,1400,github
https://github.com/ossf/allstar,stars,2026-04-16,1408,github
https://github.com/ossf/allstar,stars,2026-04-21,1413,wayback
https://github.com/ossf/allstar,stars,2026-04-25,1411,github
https://github.com/ossf/allstar,stars,2026-05-01,1413,github
https://github.com/ossf/allstar,stars,2026-05-04,1414,github
https://github.com/ossf/allstar,stars,2026-05-10,1415,github
https://github.com/ossf/allstar,stars,2026-05-13,1418,wayback
https://github.com/ossf/allstar,stars,2026-05-23,1422,github
https://github.com/ossf/allstar,stars,2026-05-28,1425,github
https://github.com/ossf/allstar,stars,2026-06-01,1426,wayback
https://github.com/ossf/allstar,stars,2026-06-03,1427,github
https://github.com/ossf/allstar,stars,2026-06-10,1429,github
https://github.com/ossf/allstar,stars,2026-06-14,1431,github
https://github.com/ossf/allstar,stars,2026-06-30,1432,github
https://github.com/ossf/allstar,stars,2026-07-06,1433,github
https://github.com/ossf/allstar,stars,2026-07-17,1434,github
https://github.com/ossf/allstar,stars,2026-07-19,1436,wayback
https://github.com/ossf/allstar,stars,2026-07-23,1435,github
https://github.com/ossf/allstar,stars,2026-07-29,1437,github
https://github.com/ossf/allstar,stars,2026-08-08,1441,github
https://github.com/ossf/allstar,stars,2026-08-09,1441,wayback
https://github.com/ossf/allstar,stars,2026-08-16,1441,sample
https://github.com/ossf/allstar,stars,2026-08-17,1441,sample
https://github.com/ossf/allstar,stars,2026-08-18,1441,sample
https://github.com/ossf/allstar,stars,2026-08-19,1443,github
https://github.com/ossf/allstar,stars,2026-08-25,1443,sample
https://github.com/ossf/allstar,stars,2026-08-26,1444,github
https://github.com/ossf/allstar,stars,2026-09-01,1446,sample
https://github.com/ossf/allstar,stars,2026-09-05,1449,github
https://github.com/ossf/allstar,stars,2026-09-08,1450,sample
https://github.com/ossf/allstar,stars,2026-09-12,1452,github
https://github.com/ossf/allstar,stars,2026-09-15,1453,github
https://github.com/ossf/allstar,stars,2026-09-22,1453,sample
https://github.com/repository-settings/app,commit,2026-09-15,2026-09-09,sample
https://github.com/repository-settings/app,release,2026-09-01,2026-08-29,sample
https://github.com/repository-settings/app,release_source,2026-08-16,release,sample
https://github.com/repository-settings/app,stars,2017-01-22,0,created
https://github.com/repository-settings/app,stars,2017-01-27,63,github
https://github.com/repository-settings/app,stars,2017-02-02,67,github
https://github.com/repository-settings/app,stars,2017-02-10,68,github
https://github.com/repository-settings/app,stars,2017-02-17,71,github
https://github.com/repository-settings/app,stars,2017-02-20,72,github
https://github.com/repository-settings/app,stars,2017-02-28,75,github
https://github.com/repository-settings/app,stars,2017-03-08,76,github
https://github.com/repository-settings/app,stars,2017-04-08,81,github
https://github.com/repository-settings/app,stars,2017-04-12,88,github
https://github.com/repository-settings/app,stars,2017-04-21,90,github
https://github.com/repository-settings/app,stars,2017-04-24,91,github
https://github.com/repository-settings/app,stars,2017-05-06,94,github
https://github.com/repository-settings/app,stars,2017-05-20,99,github
https://github.com/repository-settings/app,stars,2017-05-22,100,github
https://github.com/repository-settings/app,stars,2017-06-07,103,github
https://github.com/repository-settings/app,stars,2017-06-19,106,github
https://github.com/repository-settings/app,stars,2017-07-22,107,github
https://github.com/repository-settings/app,stars,2017-07-29,112,github
https://github.com/repository-settings/app,stars,2017-08-04,114,github
https://github.com/repository-settings/app,stars,2017-08-09,115,github
https://github.com/repository-settings/app,stars,2017-08-25,118,github
https://github.com/repository-settings/app,stars,2017-09-02,123,github
https://github.com/repository-settings/app,stars,2017-09-09,125,github
https://github.com/repository-settings/app,stars,2017-09-14,128,github
https://github.com/repository-settings/app,stars,2017-09-30,130,github
https://github.com/repository-settings/app,stars,2017-10-04,133,github
https://github.com/repository-settings/app,stars,2017-10-13,139,github
https://github.com/repository-settings/app,stars,2017-10-21,141,github
https://github.com/repository-settings/app,stars,2017-10-27,146,github
https://github.com/repository-settings/app,stars,2017-11-04,152,github
https://github.com/repository-settings/app,stars,2017-11-07,153,github
https://github.com/repository-settings/app,stars,2017-11-18,157,github
https://github.com/repository-settings/app,stars,2017-12-02,159,github
https://github.com/repository-settings/app,stars,2017-12-09,161,github
https://github.com/repository-settings/app,stars,2017-12-31,162,github
https://github.com/repository-settings/app,stars,2018-01-11,164,github
https://github.com/repository-settings/app,stars,2018-01-19,166,github
https://github.com/repository-settings/app,stars,2018-01-31,167,github
https://github.com/repository-settings/app,stars,2018-02-05,168,github
https://github.com/repository-settings/app,stars,2018-02-17,169,github
https://github.com/repository-settings/app,stars,2018-02-24,173,github
https://github.com/repository-settings/app,stars,2018-02-28,175,github
https://github.com/repository-settings/app,stars,2018-03-17,177,github
https://github.com/repository-settings/app,stars,2018-03-23,181,github
https://github.com/repository-settings/app,stars,2018-03-30,184,github
https://github.com/repository-settings/app,stars,2018-04-06,186,github
https://github.com/repository-settings/app,stars,2018-04-21,188,github
https://github.com/repository-settings/app,stars,2018-04-23,189,github
https://github.com/repository-settings/app,stars,2018-05-24,190,github
https://github.com/repository-settings/app,stars,2018-06-11,191,github
https://github.com/repository-settings/app,stars,2018-06-22,193,github
https://github.com/repository-settings/app,stars,2018-06-29,194,github
https://github.com/repository-settings/app,stars,2018-07-07,196,github
https://github.com/repository-settings/app,stars,2018-07-08,197,github
https://github.com/repository-settings/app,stars,2018-07-15,198,github
https://github.com/repository-settings/app,stars,2018-07-26,201,github
https://github.com/repository-settings/app,stars,2018-08-11,207,github
https://github.com/repository-settings/app,stars,2018-08-13,210,github
https://github.com/repository-settings/app,stars,2018-08-31,213,github
https://github.com/repository-settings/app,stars,2018-09-08,218,github
https://github.com/repository-settings/app,stars,2018-09-22,219,github
https://github.com/repository-settings/app,stars,2018-10-02,220,github
https://github.com/repository-settings/app,stars,2018-10-20,223,github
https://github.com/repository-settings/app,stars,2018-10-27,226,github
https://github.com/repository-settings/app,stars,2018-11-08,227,github
https://github.com/repository-settings/app,stars,2018-11-17,231,github
https://github.com/repository-settings/app,stars,2018-11-23,235,github
https://github.com/repository-settings/app,stars,2018-11-30,238,github
https://github.com/repository-settings/app,stars,2018-12-06,240,github
https://github.com/repository-settings/app,stars,2018-12-13,242,github
https://github.com/repository-settings/app,stars,2018-12-21,247,github
https://github.com/repository-settings/app,stars,2018-12-25,248,github
https://github.com/repository-settings/app,stars,2019-01-02,249,github
https://github.com/repository-settings/app,stars,2019-01-10,250,github
https://github.com/repository-settings/app,stars,2019-01-15,253,github
https://github.com/repository-settings/app,stars,2019-01-23,254,github
https://github.com/repository-settings/app,stars,2019-02-02,257,github
https://github.com/repository-settings/app,stars,2019-03-01,259,github
https://github.com/repository-settings/app,stars,2019-03-15,260,github
https://github.com/repository-settings/app,stars,2019-03-18,263,github
https://github.com/repository-settings/app,stars,2019-03-24,264,github
https://github.com/repository-settings/app,stars,2019-04-04,266,github
https://github.com/repository-settings/app,stars,2019-04-19,271,github
https://github.com/repository-settings/app,stars,2019-04-25,276,github
https://github.com/repository-settings/app,stars,2019-05-03,280,github
https://github.com/repository-settings/app,stars,2019-05-16,281,github
https://github.com/repository-settings/app,stars,2019-05-25,283,github
https://github.com/repository-settings/app,stars,2019-05-30,284,github
https://github.com/repository-settings/app,stars,2019-06-03,287,github
https://github.com/repository-settings/app,stars,2019-06-13,290,github
https://github.com/repository-settings/app,stars,2019-06-22,291,github
https://github.com/repository-settings/app,stars,2019-07-05,293,github
https://github.com/repository-settings/app,stars,2019-07-12,295,github
https://github.com/repository-settings/app,stars,2019-07-18,297,github
https://github.com/repository-settings/app,stars,2019-07-23,298,github
https://github.com/repository-settings/app,stars,2019-08-02,299,github
https://github.com/repository-settings/app,stars,2019-08-05,300,github
https://github.com/repository-settings/app,stars,2019-08-16,302,github
https://github.com/repository-settings/app,stars,2019-08-21,304,github
https://github.com/repository-settings/app,stars,2019-09-01,305,github
https://github.com/repository-settings/app,stars,2019-09-11,307,github
https://github.com/repository-settings/app,stars,2019-09-17,309,github
https://github.com/repository-settings/app,stars,2019-10-02,311,github
https://github.com/repository-settings/app,stars,2019-10-12,315,github
https://github.com/repository-settings/app,stars,2019-10-18,319,github
https://github.com/repository-settings/app,stars,2019-10-26,324,github
https://github.com/repository-settings/app,stars,2019-10-31,330,github
https://github.com/repository-settings/app,stars,2019-11-08,333,github
https://github.com/repository-settings/app,stars,2019-11-13,335,github
https://github.com/repository-settings/app,stars,2019-11-22,337,github
https://github.com/repository-settings/app,stars,2019-12-07,340,github
https://github.com/repository-settings/app,stars,2019-12-09,342,github
https://github.com/repository-settings/app,stars,2019-12-21,343,github
https://github.com/repository-settings/app,stars,2019-12-27,345,github
https://github.com/repository-settings/app,stars,2019-12-30,347,github
https://github.com/repository-settings/app,stars,2020-01-16,348,github
https://github.com/repository-settings/app,stars,2020-01-28,351,github
https://github.com/repository-settings/app,stars,2020-02-05,354,github
https://github.com/repository-settings/app,stars,2020-02-15,357,github
https://github.com/repository-settings/app,stars,2020-02-17,358,github
https://github.com/repository-settings/app,stars,2020-02-27,359,github
https://github.com/repository-settings/app,stars,2020-03-03,360,github
https://github.com/repository-settings/app,stars,2020-03-13,367,github
https://github.com/repository-settings/app,stars,2020-03-25,368,github
https://github.com/repository-settings/app,stars,2020-04-10,369,github
https://github.com/repository-settings/app,stars,2020-04-15,370,github
https://github.com/repository-settings/app,stars,2020-04-25,372,github
https://github.com/repository-settings/app,stars,2020-04-26,374,github
https://github.com/repository-settings/app,stars,2020-05-06,376,github
https://github.com/repository-settings/app,stars,2020-05-16,380,github
https://github.com/repository-settings/app,stars,2020-05-20,381,github
https://github.com/repository-settings/app,stars,2020-05-30,382,github
https://github.com/repository-settings/app,stars,2020-06-06,387,github
https://github.com/repository-settings/app,stars,2020-06-07,392,github
https://github.com/repository-settings/app,stars,2020-06-20,396,github
https://github.com/repository-settings/app,stars,2020-06-23,398,github
https://github.com/repository-settings/app,stars,2020-07-03,399,github
https://github.com/repository-settings/app,stars,2020-07-11,401,github
https://github.com/repository-settings/app,stars,2020-07-17,402,github
https://github.com/repository-settings/app,stars,2020-08-01,405,github
https://github.com/repository-settings/app,stars,2020-08-08,409,github
https://github.com/repository-settings/app,stars,2020-08-11,411,github
https://github.com/repository-settings/app,stars,2020-08-22,414,github
https://github.com/repository-settings/app,stars,2020-08-24,415,github
https://github.com/repository-settings/app,stars,2020-09-04,416,github
https://github.com/repository-settings/app,stars,2020-09-10,418,github
https://github.com/repository-settings/app,stars,2020-09-26,423,github
https://github.com/repository-settings/app,stars,2020-09-28,425,github
https://github.com/repository-settings/app,stars,2020-10-10,432,github
https://github.com/repository-settings/app,stars,2020-10-13,433,github
https://github.com/repository-settings/app,stars,2020-10-19,434,github
https://github.com/repository-settings/app,stars,2020-10-30,436,github
https://github.com/repository-settings/app,stars,2020-11-13,438,github
https://github.com/repository-settings/app,stars,2020-11-19,440,github
https://github.com/repository-settings/app,stars,2020-11-26,442,github
https://github.com/repository-settings/app,stars,2020-12-05,445,github
https://github.com/repository-settings/app,stars,2020-12-17,447,github
https://github.com/repository-settings/app,stars,2020-12-24,449,github
https://github.com/repository-settings/app,stars,2021-01-08,451,github
https://github.com/repository-settings/app,stars,2021-01-15,453,github
https://github.com/repository-settings/app,stars,2021-01-21,457,github
https://github.com/repository-settings/app,stars,2021-01-27,459,github
https://github.com/repository-settings/app,stars,2021-02-06,461,github
https://github.com/repository-settings/app,stars,2021-02-19,466,github
https://github.com/repository-settings/app,stars,2021-02-26,470,github
https://github.com/repository-settings/app,stars,2021-03-05,476,github
https://github.com/repository-settings/app,stars,2021-03-10,478,github
https://github.com/repository-settings/app,stars,2021-03-19,487,github
https://github.com/repository-settings/app,stars,2021-03-27,489,github
https://github.com/repository-settings/app,stars,2021-04-09,492,github
https://github.com/repository-settings/app,stars,2021-04-15,495,github
https://github.com/repository-settings/app,stars,2021-04-21,497,github
https://github.com/repository-settings/app,stars,2021-04-26,498,github
https://github.com/repository-settings/app,stars,2021-05-08,502,github
https://github.com/repository-settings/app,stars,2021-05-15,507,github
https://github.com/repository-settings/app,stars,2021-05-21,508,github
https://github.com/repository-settings/app,stars,2021-05-29,510,github
https://github.com/repository-settings/app,stars,2021-06-02,512,github
https://github.com/repository-settings/app,stars,2021-06-10,517,github
https://github.com/repository-settings/app,stars,2021-06-15,520,github
https://github.com/repository-settings/app,stars,2021-06-25,524,github
https://github.com/repository-settings/app,stars,2021-07-02,529,github
https://github.com/repository-settings/app,stars,2021-07-08,536,github
https://github.com/repository-settings/app,stars,2021-07-15,540,github
https://github.com/repository-settings/app,stars,2021-07-26,542,github
https://github.com/repository-settings/app,stars,2021-08-10,544,github
https://github.com/repository-settings/app,stars,2021-08-17,545,github
https://github.com/repository-settings/app,stars,2021-08-27,548,github
https://github.com/repository-settings/app,stars,2021-09-03,554,github
https://github.com/repository-settings/app,stars,2021-09-09,558,github
https://github.com/repository-settings/app,stars,2021-09-17,561,github
https://github.com/repository-settings/app,stars,2021-09-24,562,github
https://github.com/repository-settings/app,stars,2021-10-01,565,github
https://github.com/repository-settings/app,stars,2021-10-15,566,github
https://github.com/repository-settings/app,stars,2021-10-23,569,github
https://github.com/repository-settings/app,stars,2021-11-03,570,github
https://github.com/repository-settings/app,stars,2021-11-12,574,github
https://github.com/repository-settings/app,stars,2021-11-17,578,github
https://github.com/repository-settings/app,stars,2021-11-24,579,github
https://github.com/repository-settings/app,stars,2021-11-30,581,github
https://github.com/repository-settings/app,stars,2021-12-09,584,github
https://github.com/repository-settings/app,stars,2021-12-17,587,github
https://github.com/repository-settings/app,stars,2021-12-20,589,github
https://github.com/repository-settings/app,stars,2022-01-01,595,github
https://github.com/repository-settings/app,stars,2022-01-08,597,github
https://github.com/repository-settings/app,stars,2022-01-13,598,github
https://github.com/repository-settings/app,stars,2022-01-22,602,github
https://github.com/repository-settings/app,stars,2022-01-26,603,github
https://github.com/repository-settings/app,stars,2022-02-04,610,github
https://github.com/repository-settings/app,stars,2022-02-12,614,github
https://github.com/repository-settings/app,stars,2022-02-19,619,github
https://github.com/repository-settings/app,stars,2022-03-03,621,github
https://github.com/repository-settings/app,stars,2022-03-13,622,github
https://github.com/repository-settings/app,stars,2022-04-01,626,github
https://github.com/repository-settings/app,stars,2022-04-05,627,github
https://github.com/repository-settings/app,stars,2022-04-21,629,github
https://github.com/repository-settings/app,stars,2022-05-07,633,github
https://github.com/repository-settings/app,stars,2022-05-09,635,github
https://github.com/repository-settings/app,stars,2022-05-15,636,github
https://github.com/repository-settings/app,stars,2022-05-27,638,github
https://github.com/repository-settings/app,stars,2022-06-02,641,github
https://github.com/repository-settings/app,stars,2022-06-11,645,github
https://github.com/repository-settings/app,stars,2022-06-23,646,github
https://github.com/repository-settings/app,stars,2022-07-02,655,github
https://github.com/repository-settings/app,stars,2022-07-09,658,github
https://github.com/repository-settings/app,stars,2022-07-15,660,github
https://github.com/repository-settings/app,stars,2022-07-30,663,github
https://github.com/repository-settings/app,stars,2022-07-31,690,wayback
https://github.com/repository-settings/app,stars,2022-08-01,690,wayback
https://github.com/repository-settings/app,stars,2022-08-04,665,github
https://github.com/repository-settings/app,stars,2022-08-13,666,github
https://github.com/repository-settings/app,stars,2022-08-19,671,github
https://github.com/repository-settings/app,stars,2022-09-02,700,wayback
https://github.com/repository-settings/app,stars,2022-09-03,673,github
https://github.com/repository-settings/app,stars,2022-09-08,676,github
https://github.com/repository-settings/app,stars,2022-09-16,678,github
https://github.com/repository-settings/app,stars,2022-09-21,681,github
https://github.com/repository-settings/app,stars,2022-10-01,684,github
https://github.com/repository-settings/app,stars,2022-10-03,685,github
https://github.com/repository-settings/app,stars,2022-10-20,690,github
https://github.com/repository-settings/app,stars,2022-10-29,691,github
https://github.com/repository-settings/app,stars,2022-11-02,692,github
https://github.com/repository-settings/app,stars,2022-11-14,693,github
https://github.com/repository-settings/app,stars,2022-11-23,696,github
https://github.com/repository-settings/app,stars,2022-12-01,701,github
https://github.com/repository-settings/app,stars,2022-12-09,704,github
https://github.com/repository-settings/app,stars,2022-12-15,707,github
https://github.com/repository-settings/app,stars,2022-12-19,731,wayback
https://github.com/repository-settings/app,stars,2022-12-24,710,github
https://github.com/repository-settings/app,stars,2023-01-03,711,github
https://github.com/repository-settings/app,stars,2023-01-13,714,github
https://github.com/repository-settings/app,stars,2023-01-20,715,github
https://github.com/repository-settings/app,stars,2023-02-04,718,github
https://github.com/repository-settings/app,stars,2023-02-10,720,github
https://github.com/repository-settings/app,stars,2023-02-16,723,github
https://github.com/repository-settings/app,stars,2023-02-25,734,github
https://github.com/repository-settings/app,stars,2023-03-01,737,github
https://github.com/repository-settings/app,stars,2023-03-10,739,github
https://github.com/repository-settings/app,stars,2023-03-18,746,github
https://github.com/repository-settings/app,stars,2023-03-25,750,github
https://github.com/repository-settings/app,stars,2023-03-29,752,github
https://github.com/repository-settings/app,stars,2023-04-06,755,github
https://github.com/repository-settings/app,stars,2023-04-15,762,github
https://github.com/repository-settings/app,stars,2023-04-20,767,github
https://github.com/repository-settings/app,stars,2023-04-27,770,github
https://github.com/repository-settings/app,stars,2023-05-11,773,github
https://github.com/repository-settings/app,stars,2023-05-19,776,github
https://github.com/repository-settings/app,stars,2023-05-22,803,wayback
https://github.com/repository-settings/app,stars,2023-05-25,779,github
https://github.com/repository-settings/app,stars,2023-06-06,780,github
https://github.com/repository-settings/app,stars,2023-06-16,782,github
https://github.com/repository-settings/app,stars,2023-07-03,783,github
https://github.com/repository-settings/app,stars,2023-07-14,785,github
https://github.com/repository-settings/app,stars,2023-07-16,786,github
https://github.com/repository-settings/app,stars,2023-07-28,789,github
https://github.com/repository-settings/app,stars,2023-08-01,790,github
https://github.com/repository-settings/app,stars,2023-08-19,795,github
https://github.com/repository-settings/app,stars,2023-08-23,800,github
https://github.com/repository-settings/app,stars,2023-09-02,806,github
https://github.com/repository-settings/app,stars,2023-09-08,808,github
https://github.com/repository-settings/app,stars,2023-09-21,809,github
https://github.com/repository-settings/app,stars,2023-09-30,811,github
https://github.com/repository-settings/app,stars,2023-10-06,814,github
https://github.com/repository-settings/app,stars,2023-10-13,815,github
https://github.com/repository-settings/app,stars,2023-10-20,816,github
https://github.com/repository-settings/app,stars,2023-10-25,819,github
https://github.com/repository-settings/app,stars,2023-10-30,820,github
https://github.com/repository-settings/app,stars,2023-11-07,821,github
https://github.com/repository-settings/app,stars,2023-11-15,825,github
https://github.com/repository-settings/app,stars,2023-12-02,829,github
https://github.com/repository-settings/app,stars,2023-12-08,830,github
https://github.com/repository-settings/app,stars,2023-12-15,833,github
https://github.com/repository-settings/app,stars,2023-12-19,835,github
https://github.com/repository-settings/app,stars,2023-12-30,838,github
https://github.com/repository-settings/app,stars,2024-01-04,842,github
https://github.com/repository-settings/app,stars,2024-01-07,843,github
https://github.com/repository-settings/app,stars,2024-01-13,868,wayback
https://github.com/repository-settings/app,stars,2024-01-26,844,github
https://github.com/repository-settings/app,stars,2024-01-31,846,github
https://github.com/repository-settings/app,stars,2024-02-02,868,wayback
https://github.com/repository-settings/app,stars,2024-02-10,847,github
https://github.com/repository-settings/app,stars,2024-02-20,855,github
https://github.com/repository-settings/app,stars,2024-02-28,858,github
https://github.com/repository-settings/app,stars,2024-03-06,859,github
https://github.com/repository-settings/app,stars,2024-03-23,860,github
https://github.com/repository-settings/app,stars,2024-03-26,862,github
https://github.com/repository-settings/app,stars,2024-04-04,865,github
https://github.com/repository-settings/app,stars,2024-04-09,866,github
https://github.com/repository-settings/app,stars,2024-04-19,867,github
https://github.com/repository-settings/app,stars,2024-04-25,870,github
https://github.com/repository-settings/app,stars,2024-05-02,890,wayback
https://github.com/repository-settings/app,stars,2024-05-04,871,github
https://github.com/repository-settings/app,stars,2024-05-08,873,github
https://github.com/repository-settings/app,stars,2024-05-15,875,github
https://github.com/repository-settings/app,stars,2024-05-22,877,github
https://github.com/repository-settings/app,stars,2024-05-30,878,github
https://github.com/repository-settings/app,stars,2024-06-06,897,wayback
https://github.com/repository-settings/app,stars,2024-06-07,881,github
https://github.com/repository-settings/app,stars,2024-06-13,883,github
https://github.com/repository-settings/app,stars,2024-06-21,886,github
https://github.com/repository-settings/app,stars,2024-06-29,890,github
https://github.com/repository-settings/app,stars,2024-07-05,892,github
https://github.com/repository-settings/app,stars,2024-07-12,894,github
https://github.com/repository-settings/app,stars,2024-07-20,897,github
https://github.com/repository-settings/app,stars,2024-07-23,898,github
https://github.com/repository-settings/app,stars,2024-08-06,900,github
https://github.com/repository-settings/app,stars,2024-08-24,903,github
https://github.com/repository-settings/app,stars,2024-08-26,921,wayback
https://github.com/repository-settings/app,stars,2024-09-05,904,github
https://github.com/repository-settings/app,stars,2024-09-18,905,github
https://github.com/repository-settings/app,stars,2024-09-22,922,wayback
https://github.com/repository-settings/app,stars,2024-09-23,906,github
https://github.com/repository-settings/app,stars,2024-10-04,907,github
https://github.com/repository-settings/app,stars,2024-10-11,910,github
https://github.com/repository-settings/app,stars,2024-10-18,911,github
https://github.com/repository-settings/app,stars,2024-11-06,913,github
https://github.com/repository-settings/app,stars,2024-11-13,914,github
https://github.com/repository-settings/app,stars,2024-11-19,915,github
https://github.com/repository-settings/app,stars,2024-12-07,916,github
https://github.com/repository-settings/app,stars,2024-12-14,919,github
https://github.com/repository-settings/app,stars,2024-12-20,923,github
https://github.com/repository-settings/app,stars,2024-12-22,924,github
https://github.com/repository-settings/app,stars,2024-12-29,944,wayback
https://github.com/repository-settings/app,stars,2025-01-04,929,github
https://github.com/repository-settings/app,stars,2025-01-10,930,github
https://github.com/repository-settings/app,stars,2025-01-16,931,github
https://github.com/repository-settings/app,stars,2025-01-20,934,github
https://github.com/repository-settings/app,stars,2025-01-30,953,wayback
https://github.com/repository-settings/app,stars,2025-01-31,936,github
https://github.com/repository-settings/app,stars,2025-02-04,937,github
https://github.com/repository-settings/app,stars,2025-02-13,938,github
https://github.com/repository-settings/app,stars,2025-02-21,942,github
https://github.com/repository-settings/app,stars,2025-02-24,961,wayback
https://github.com/repository-settings/app,stars,2025-03-01,944,github
https://github.com/repository-settings/app,stars,2025-03-07,946,github
https://github.com/repository-settings/app,stars,2025-03-13,947,github
https://github.com/repository-settings/app,stars,2025-03-21,949,github
https://github.com/repository-settings/app,stars,2025-03-27,969,wayback
https://github.com/repository-settings/app,stars,2025-03-28,952,github
https://github.com/repository-settings/app,stars,2025-04-05,955,github
https://github.com/repository-settings/app,stars,2025-04-12,958,github
https://github.com/repository-settings/app,stars,2025-05-03,959,github
https://github.com/repository-settings/app,stars,2025-05-08,960,github
https://github.com/repository-settings/app,stars,2025-05-17,962,github
https://github.com/repository-settings/app,stars,2025-05-27,963,github
https://github.com/repository-settings/app,stars,2025-06-02,964,github
https://github.com/repository-settings/app,stars,2025-06-13,968,github
https://github.com/repository-settings/app,stars,2025-06-15,985,wayback
https://github.com/repository-settings/app,stars,2025-06-20,970,github
https://github.com/repository-settings/app,stars,2025-07-03,972,github
https://github.com/repository-settings/app,stars,2025-07-09,974,github
https://github.com/repository-settings/app,stars,2025-07-15,975,github
https://github.com/repository-settings/app,stars,2025-07-26,991,wayback
https://github.com/repository-settings/app,stars,2025-07-29,976,github
https://github.com/repository-settings/app,stars,2025-08-05,977,github
https://github.com/repository-settings/app,stars,2025-08-29,982,github
https://github.com/repository-settings/app,stars,2025-09-07,983,github
https://github.com/repository-settings/app,stars,2025-09-18,984,github
https://github.com/repository-settings/app,stars,2025-09-23,985,github
https://github.com/repository-settings/app,stars,2025-10-01,986,github
https://github.com/repository-settings/app,stars,2025-10-08,987,github
https://github.com/repository-settings/app,stars,2025-10-17,988,github
https://github.com/repository-settings/app,stars,2025-10-24,991,github
https://github.com/repository-settings/app,stars,2025-10-27,992,github
https://github.com/repository-settings/app,stars,2025-11-06,994,github
https://github.com/repository-settings/app,stars,2025-11-18,996,github
https://github.com/repository-settings/app,stars,2025-11-27,997,github
https://github.com/repository-settings/app,stars,2025-12-10,998,github
https://github.com/repository-settings/app,stars,2025-12-17,1001,github
https://github.com/repository-settings/app,stars,2025-12-22,1002,github
https://github.com/repository-settings/app,stars,2025-12-30,1003,github
https://github.com/repository-settings/app,stars,2026-01-10,1005,github
https://github.com/repository-settings/app,stars,2026-01-13,1006,github
https://github.com/repository-settings/app,stars,2026-01-24,1010,github
https://github.com/repository-settings/app,stars,2026-01-26,1011,github
https://github.com/repository-settings/app,stars,2026-02-05,1021,wayback
https://github.com/repository-settings/app,stars,2026-02-06,1015,github
https://github.com/repository-settings/app,stars,2026-02-09,1016,github
https://github.com/repository-settings/app,stars,2026-02-20,1017,github
https://github.com/repository-settings/app,stars,2026-02-26,1018,github
https://github.com/repository-settings/app,stars,2026-03-06,1026,wayback
https://github.com/repository-settings/app,stars,2026-03-07,1021,github
https://github.com/repository-settings/app,stars,2026-03-12,1023,github
https://github.com/repository-settings/app,stars,2026-03-16,1024,github
https://github.com/repository-settings/app,stars,2026-03-27,1027,github
https://github.com/repository-settings/app,stars,2026-04-02,1030,github
https://github.com/repository-settings/app,stars,2026-04-06,1031,github
https://github.com/repository-settings/app,stars,2026-04-15,1032,github
https://github.com/repository-settings/app,stars,2026-04-25,1039,wayback
https://github.com/repository-settings/app,stars,2026-04-29,1034,github
https://github.com/repository-settings/app,stars,2026-05-04,1035,github
https://github.com/repository-settings/app,stars,2026-05-10,1036,github
https://github.com/repository-settings/app,stars,2026-05-28,1037,github
https://github.com/repository-settings/app,stars,2026-06-05,1038,github
https://github.com/repository-settings/app,stars,2026-06-10,1043,wayback
https://github.com/repository-settings/app,stars,2026-06-12,1039,github
https://github.com/repository-settings/app,stars,2026-06-18,1040,github
https://github.com/repository-settings/app,stars,2026-07-14,1041,github
https://github.com/repository-settings/app,stars,2026-07-29,1042,github
https://github.com/repository-settings/app,stars,2026-08-07,1044,github
https://github.com/repository-settings/app,stars,2026-08-13,1046,github
https://github.com/repository-settings/app,stars,2026-08-16,1047,sample
https://github.com/repository-settings/app,stars,2026-08-18,1048,github
https://github.com/repository-settings/app,stars,2026-08-25,1049,sample
https://github.com/repository-settings/app,stars,2026-08-27,1050,github
https://github.com/repository-settings/app,stars,2026-09-01,1051,sample
https://github.com/repository-settings/app,stars,2026-09-03,1051,github
https://github.com/repository-settings/app,stars,2026-09-07,1052,sample
https://github.com/repository-settings/app,stars,2026-09-08,1052,sample
https://github.com/repository-settings/app,stars,2026-09-12,1053,github
https://github.com/repository-settings/app,stars,2026-09-15,1055,sample
https://github.com/repository-settings/app,stars,2026-09-19,1056,github
https://github.com/repository-settings/app,stars,2026-09-22,1056,sample
https://github.com/semantic-release/semantic-release,commit,2026-09-22,2026-09-21,sample
https://github.com/semantic-release/semantic-release,release,2026-08-16,2026-08-07,sample
https://github.com/semantic-release/semantic-release,release_source,2026-08-16,tag,sample
https://github.com/semantic-release/semantic-release,stars,2014-09-15,0,created
https://github.com/semantic-release/semantic-release,stars,2014-09-20,2,github
https://github.com/semantic-release/semantic-release,stars,2015-02-06,5,github
https://github.com/semantic-release/semantic-release,stars,2015-02-14,42,github
https://github.com/semantic-release/semantic-release,stars,2015-02-20,49,github
https://github.com/semantic-release/semantic-release,stars,2015-02-27,51,github
https://github.com/semantic-release/semantic-release,stars,2015-03-06,73,github
https://github.com/semantic-release/semantic-release,stars,2015-03-14,77,github
https://github.com/semantic-release/semantic-release,stars,2015-03-16,78,github
https://github.com/semantic-release/semantic-release,stars,2015-04-10,79,github
https://github.com/semantic-release/semantic-release,stars,2015-04-13,80,github
https://github.com/semantic-release/semantic-release,stars,2015-04-25,83,github
https://github.com/semantic-release/semantic-release,stars,2015-05-01,108,github
https://github.com/semantic-release/semantic-release,stars,2015-05-16,134,github
https://github.com/semantic-release/semantic-release,stars,2015-05-23,140,github
https://github.com/semantic-release/semantic-release,stars,2015-05-30,205,github
https://github.com/semantic-release/semantic-release,stars,2015-06-06,227,github
https://github.com/semantic-release/semantic-release,stars,2015-06-12,235,github
https://github.com/semantic-release/semantic-release,stars,2015-06-19,241,github
https://github.com/semantic-release/semantic-release,stars,2015-06-27,249,github
https://github.com/semantic-release/semantic-release,stars,2015-07-03,256,github
https://github.com/semantic-release/semantic-release,stars,2015-07-10,261,github
https://github.com/semantic-release/semantic-release,stars,2015-07-15,268,github
https://github.com/semantic-release/semantic-release,stars,2015-07-25,277,github
https://github.com/semantic-release/semantic-release,stars,2015-07-31,281,github
https://github.com/semantic-release/semantic-release,stars,2015-08-08,287,github
https://github.com/semantic-release/semantic-release,stars,2015-08-15,293,github
https://github.com/semantic-release/semantic-release,stars,2015-08-22,304,github
https://github.com/semantic-release/semantic-release,stars,2015-08-27,325,github
https://github.com/semantic-release/semantic-release,stars,2015-09-05,347,github
https://github.com/semantic-release/semantic-release,stars,2015-09-10,359,github
https://github.com/semantic-release/semantic-release,stars,2015-09-19,370,github
https://github.com/semantic-release/semantic-release,stars,2015-09-26,411,github
https://github.com/semantic-release/semantic-release,stars,2015-10-02,450,github
https://github.com/semantic-release/semantic-release,stars,2015-10-10,464,github
https://github.com/semantic-release/semantic-release,stars,2015-10-17,483,github
https://github.com/semantic-release/semantic-release,stars,2015-10-24,497,github
https://github.com/semantic-release/semantic-release,stars,2015-10-31,512,github
https://github.com/semantic-release/semantic-release,stars,2015-11-06,526,github
https://github.com/semantic-release/semantic-release,stars,2015-11-13,535,github
https://github.com/semantic-release/semantic-release,stars,2015-11-21,547,github
https://github.com/semantic-release/semantic-release,stars,2015-11-28,556,github
https://github.com/semantic-release/semantic-release,stars,2015-12-04,566,github
https://github.com/semantic-release/semantic-release,stars,2015-12-12,610,github
https://github.com/semantic-release/semantic-release,stars,2015-12-19,639,github
https://github.com/semantic-release/semantic-release,stars,2015-12-26,662,github
https://github.com/semantic-release/semantic-release,stars,2016-01-02,853,github
https://github.com/semantic-release/semantic-release,stars,2016-01-09,893,github
https://github.com/semantic-release/semantic-release,stars,2016-01-16,927,github
https://github.com/semantic-release/semantic-release,stars,2016-01-23,947,github
https://github.com/semantic-release/semantic-release,stars,2016-01-30,959,github
https://github.com/semantic-release/semantic-release,stars,2016-02-06,978,github
https://github.com/semantic-release/semantic-release,stars,2016-02-13,997,github
https://github.com/semantic-release/semantic-release,stars,2016-02-20,1013,github
https://github.com/semantic-release/semantic-release,stars,2016-02-27,1032,github
https://github.com/semantic-release/semantic-release,stars,2016-03-05,1053,github
https://github.com/semantic-release/semantic-release,stars,2016-03-12,1074,github
https://github.com/semantic-release/semantic-release,stars,2016-03-19,1097,github
https://github.com/semantic-release/semantic-release,stars,2016-03-26,1106,github
https://github.com/semantic-release/semantic-release,stars,2016-04-02,1127,github
https://github.com/semantic-release/semantic-release,stars,2016-04-09,1137,github
https://github.com/semantic-release/semantic-release,stars,2016-04-16,1153,github
https://github.com/semantic-release/semantic-release,stars,2016-04-23,1169,github
https://github.com/semantic-release/semantic-release,stars,2016-04-30,1202,github
https://github.com/semantic-release/semantic-release,stars,2016-05-07,1216,github
https://github.com/semantic-release/semantic-release,stars,2016-05-14,1239,github
https://github.com/semantic-release/semantic-release,stars,2016-05-21,1255,github
https://github.com/semantic-release/semantic-release,stars,2016-05-28,1277,github
https://github.com/semantic-release/semantic-release,stars,2016-06-03,1299,github
https://github.com/semantic-release/semantic-release,stars,2016-06-11,1319,github
https://github.com/semantic-release/semantic-release,stars,2016-06-18,1339,github
https://github.com/semantic-release/semantic-release,stars,2016-06-25,1351,github
https://github.com/semantic-release/semantic-release,stars,2016-07-01,1371,github
https://github.com/semantic-release/semantic-release,stars,2016-07-09,1387,github
https://github.com/semantic-release/semantic-release,stars,2016-07-16,1399,github
https://github.com/semantic-release/semantic-release,stars,2016-07-23,1435,github
https://github.com/semantic-release/semantic-release,stars,2016-07-30,1456,github
https://github.com/semantic-release/semantic-release,stars,2016-08-06,1473,github
https://github.com/semantic-release/semantic-release,stars,2016-08-13,1498,github
https://github.com/semantic-release/semantic-release,stars,2016-08-19,1515,github
https://github.com/semantic-release/semantic-release,stars,2016-08-27,1531,github
https://github.com/semantic-release/semantic-release,stars,2016-09-02,1548,github
https://github.com/semantic-release/semantic-release,stars,2016-09-09,1559,github
https://github.com/semantic-release/semantic-release,stars,2016-09-17,1578,github
https://github.com/semantic-release/semantic-release,stars,2016-09-23,1597,github
https://github.com/semantic-release/semantic-release,stars,2016-10-01,1620,github
https://github.com/semantic-release/semantic-release,stars,2016-10-08,1640,github
https://github.com/semantic-release/semantic-release,stars,2016-10-15,1670,github
https://github.com/semantic-release/semantic-release,stars,2016-10-22,1701,github
https://github.com/semantic-release/semantic-release,stars,2016-10-27,1710,github
https://github.com/semantic-release/semantic-release,stars,2016-11-05,1723,github
https://github.com/semantic-release/semantic-release,stars,2016-11-12,1737,github
https://github.com/semantic-release/semantic-release,stars,2016-11-19,1757,github
https://github.com/semantic-release/semantic-release,stars,2016-11-26,1772,github
https://github.com/semantic-release/semantic-release,stars,2016-12-03,1807,github
https://github.com/semantic-release/semantic-release,stars,2016-12-10,1831,github
https://github.com/semantic-release/semantic-release,stars,2016-12-17,1851,github
https://github.com/semantic-release/semantic-release,stars,2016-12-24,1869,github
https://github.com/semantic-release/semantic-release,stars,2016-12-25,2063,wayback
https://github.com/semantic-release/semantic-release,stars,2016-12-31,1883,github
https://github.com/semantic-release/semantic-release,stars,2017-01-06,1900,github
https://github.com/semantic-release/semantic-release,stars,2017-01-14,1916,github
https://github.com/semantic-release/semantic-release,stars,2017-01-21,1935,github
https://github.com/semantic-release/semantic-release,stars,2017-01-25,2140,wayback
https://github.com/semantic-release/semantic-release,stars,2017-01-27,1947,github
https://github.com/semantic-release/semantic-release,stars,2017-02-03,1961,github
https://github.com/semantic-release/semantic-release,stars,2017-02-11,1981,github
https://github.com/semantic-release/semantic-release,stars,2017-02-18,2000,github
https://github.com/semantic-release/semantic-release,stars,2017-02-25,2021,github
https://github.com/semantic-release/semantic-release,stars,2017-03-02,2238,wayback
https://github.com/semantic-release/semantic-release,stars,2017-03-04,2050,github
https://github.com/semantic-release/semantic-release,stars,2017-03-11,2066,github
https://github.com/semantic-release/semantic-release,stars,2017-03-18,2078,github
https://github.com/semantic-release/semantic-release,stars,2017-03-25,2094,github
https://github.com/semantic-release/semantic-release,stars,2017-04-01,2112,github
https://github.com/semantic-release/semantic-release,stars,2017-04-07,2325,wayback
https://github.com/semantic-release/semantic-release,stars,2017-04-08,2136,github
https://github.com/semantic-release/semantic-release,stars,2017-04-15,2187,github
https://github.com/semantic-release/semantic-release,stars,2017-04-22,2208,github
https://github.com/semantic-release/semantic-release,stars,2017-04-29,2232,github
https://github.com/semantic-release/semantic-release,stars,2017-05-06,2251,github
https://github.com/semantic-release/semantic-release,stars,2017-05-13,2273,github
https://github.com/semantic-release/semantic-release,stars,2017-05-20,2292,github
https://github.com/semantic-release/semantic-release,stars,2017-05-27,2308,github
https://github.com/semantic-release/semantic-release,stars,2017-06-03,2327,github
https://github.com/semantic-release/semantic-release,stars,2017-06-10,2347,github
https://github.com/semantic-release/semantic-release,stars,2017-06-17,2367,github
https://github.com/semantic-release/semantic-release,stars,2017-06-24,2387,github
https://github.com/semantic-release/semantic-release,stars,2017-07-01,2411,github
https://github.com/semantic-release/semantic-release,stars,2017-07-08,2438,github
https://github.com/semantic-release/semantic-release,stars,2017-07-15,2456,github
https://github.com/semantic-release/semantic-release,stars,2017-07-22,2480,github
https://github.com/semantic-release/semantic-release,stars,2017-07-29,2504,github
https://github.com/semantic-release/semantic-release,stars,2017-08-04,2527,github
https://github.com/semantic-release/semantic-release,stars,2017-08-12,2542,github
https://github.com/semantic-release/semantic-release,stars,2017-08-19,2565,github
https://github.com/semantic-release/semantic-release,stars,2017-08-20,2800,wayback
https://github.com/semantic-release/semantic-release,stars,2017-08-26,2591,github
https://github.com/semantic-release/semantic-release,stars,2017-09-02,2612,github
https://github.com/semantic-release/semantic-release,stars,2017-09-09,2629,github
https://github.com/semantic-release/semantic-release,stars,2017-09-13,2933,wayback
https://github.com/semantic-release/semantic-release,stars,2017-09-16,2744,github
https://github.com/semantic-release/semantic-release,stars,2017-09-23,2791,github
https://github.com/semantic-release/semantic-release,stars,2017-09-30,2836,github
https://github.com/semantic-release/semantic-release,stars,2017-10-07,2864,github
https://github.com/semantic-release/semantic-release,stars,2017-10-14,2893,github
https://github.com/semantic-release/semantic-release,stars,2017-10-20,2915,github
https://github.com/semantic-release/semantic-release,stars,2017-10-28,2944,github
https://github.com/semantic-release/semantic-release,stars,2017-11-04,2980,github
https://github.com/semantic-release/semantic-release,stars,2017-11-11,3018,github
https://github.com/semantic-release/semantic-release,stars,2017-11-13,3273,wayback
https://github.com/semantic-release/semantic-release,stars,2017-11-18,3052,github
https://github.com/semantic-release/semantic-release,stars,2017-11-25,3092,github
https://github.com/semantic-release/semantic-release,stars,2017-12-02,3116,github
https://github.com/semantic-release/semantic-release,stars,2017-12-04,3367,wayback
https://github.com/semantic-release/semantic-release,stars,2017-12-08,3137,github
https://github.com/semantic-release/semantic-release,stars,2017-12-16,3154,github
https://github.com/semantic-release/semantic-release,stars,2017-12-23,3192,github
https://github.com/semantic-release/semantic-release,stars,2017-12-30,3217,github
https://github.com/semantic-release/semantic-release,stars,2018-01-05,3478,wayback
https://github.com/semantic-release/semantic-release,stars,2018-01-06,3235,github
https://github.com/semantic-release/semantic-release,stars,2018-01-13,3272,github
https://github.com/semantic-release/semantic-release,stars,2018-01-20,3302,github
https://github.com/semantic-release/semantic-release,stars,2018-01-27,3352,github
https://github.com/semantic-release/semantic-release,stars,2018-02-03,3389,github
https://github.com/semantic-release/semantic-release,stars,2018-02-04,3653,wayback
https://github.com/semantic-release/semantic-release,stars,2018-02-10,3423,github
https://github.com/semantic-release/semantic-release,stars,2018-02-17,3460,github
https://github.com/semantic-release/semantic-release,stars,2018-02-24,3494,github
https://github.com/semantic-release/semantic-release,stars,2018-03-03,3542,github
https://github.com/semantic-release/semantic-release,stars,2018-03-10,3577,github
https://github.com/semantic-release/semantic-release,stars,2018-03-17,3620,github
https://github.com/semantic-release/semantic-release,stars,2018-03-24,3665,github
https://github.com/semantic-release/semantic-release,stars,2018-03-31,3696,github
https://github.com/semantic-release/semantic-release,stars,2018-04-07,3747,github
https://github.com/semantic-release/semantic-release,stars,2018-04-14,3787,github
https://github.com/semantic-release/semantic-release,stars,2018-04-21,3823,github
https://github.com/semantic-release/semantic-release,stars,2018-04-28,3850,github
https://github.com/semantic-release/semantic-release,stars,2018-05-05,3890,github
https://github.com/semantic-release/semantic-release,stars,2018-05-12,3944,github
https://github.com/semantic-release/semantic-release,stars,2018-05-19,3981,github
https://github.com/semantic-release/semantic-release,stars,2018-05-26,4031,github
https://github.com/semantic-release/semantic-release,stars,2018-06-02,4074,github
https://github.com/semantic-release/semantic-release,stars,2018-06-09,4106,github
https://github.com/semantic-release/semantic-release,stars,2018-06-11,4410,wayback
https://github.com/semantic-release/semantic-release,stars,2018-06-16,4144,github
https://github.com/semantic-release/semantic-release,stars,2018-06-23,4199,github
https://github.com/semantic-release/semantic-release,stars,2018-06-30,4269,github
https://github.com/semantic-release/semantic-release,stars,2018-07-07,4323,github
https://github.com/semantic-release/semantic-release,stars,2018-07-14,4378,github
https://github.com/semantic-release/semantic-release,stars,2018-07-21,4440,github
https://github.com/semantic-release/semantic-release,stars,2018-07-28,4487,github
https://github.com/semantic-release/semantic-release,stars,2018-08-04,4542,github
https://github.com/semantic-release/semantic-release,stars,2018-08-11,4578,github
https://github.com/semantic-release/semantic-release,stars,2018-08-18,4641,github
https://github.com/semantic-release/semantic-release,stars,2018-08-22,5012,wayback
https://github.com/semantic-release/semantic-release,stars,2018-08-25,4692,github
https://github.com/semantic-release/semantic-release,stars,2018-09-01,4737,github
https://github.com/semantic-release/semantic-release,stars,2018-09-08,4799,github
https://github.com/semantic-release/semantic-release,stars,2018-09-15,4894,github
https://github.com/semantic-release/semantic-release,stars,2018-09-22,4955,github
https://github.com/semantic-release/semantic-release,stars,2018-09-25,5338,wayback
https://github.com/semantic-release/semantic-release,stars,2018-09-29,5020,github
https://github.com/semantic-release/semantic-release,stars,2018-10-06,5078,github
https://github.com/semantic-release/semantic-release,stars,2018-10-11,5484,wayback
https://github.com/semantic-release/semantic-release,stars,2018-10-13,5135,github
https://github.com/semantic-release/semantic-release,stars,2018-10-20,5202,github
https://github.com/semantic-release/semantic-release,stars,2018-10-27,5251,github
https://github.com/semantic-release/semantic-release,stars,2018-11-03,5289,github
https://github.com/semantic-release/semantic-release,stars,2018-11-10,5342,github
https://github.com/semantic-release/semantic-release,stars,2018-11-13,5730,wayback
https://github.com/semantic-release/semantic-release,stars,2018-11-17,5378,github
https://github.com/semantic-release/semantic-release,stars,2018-11-24,5422,github
https://github.com/semantic-release/semantic-release,stars,2018-12-01,5485,github
https://github.com/semantic-release/semantic-release,stars,2018-12-08,5538,github
https://github.com/semantic-release/semantic-release,stars,2018-12-15,5587,github
https://github.com/semantic-release/semantic-release,stars,2018-12-18,5984,wayback
https://github.com/semantic-release/semantic-release,stars,2018-12-22,5635,github
https://github.com/semantic-release/semantic-release,stars,2018-12-29,5689,github
https://github.com/semantic-release/semantic-release,stars,2019-01-05,5736,github
https://github.com/semantic-release/semantic-release,stars,2019-01-09,6147,wayback
https://github.com/semantic-release/semantic-release,stars,2019-01-12,5788,github
https://github.com/semantic-release/semantic-release,stars,2019-01-19,5830,github
https://github.com/semantic-release/semantic-release,stars,2019-01-26,5873,github
https://github.com/semantic-release/semantic-release,stars,2019-02-02,5932,github
https://github.com/semantic-release/semantic-release,stars,2019-02-09,5999,github
https://github.com/semantic-release/semantic-release,stars,2019-02-16,6046,github
https://github.com/semantic-release/semantic-release,stars,2019-02-22,6482,wayback
https://github.com/semantic-release/semantic-release,stars,2019-02-23,6090,github
https://github.com/semantic-release/semantic-release,stars,2019-03-02,6147,github
https://github.com/semantic-release/semantic-release,stars,2019-03-09,6186,github
https://github.com/semantic-release/semantic-release,stars,2019-03-16,6237,github
https://github.com/semantic-release/semantic-release,stars,2019-03-22,6684,wayback
https://github.com/semantic-release/semantic-release,stars,2019-03-23,6288,github
https://github.com/semantic-release/semantic-release,stars,2019-03-30,6346,github
https://github.com/semantic-release/semantic-release,stars,2019-04-06,6403,github
https://github.com/semantic-release/semantic-release,stars,2019-04-13,6453,github
https://github.com/semantic-release/semantic-release,stars,2019-04-20,6497,github
https://github.com/semantic-release/semantic-release,stars,2019-04-27,6558,github
https://github.com/semantic-release/semantic-release,stars,2019-05-01,7005,wayback
https://github.com/semantic-release/semantic-release,stars,2019-05-04,6604,github
https://github.com/semantic-release/semantic-release,stars,2019-05-11,6657,github
https://github.com/semantic-release/semantic-release,stars,2019-05-18,6716,github
https://github.com/semantic-release/semantic-release,stars,2019-05-25,6753,github
https://github.com/semantic-release/semantic-release,stars,2019-06-01,6800,github
https://github.com/semantic-release/semantic-release,stars,2019-06-08,6850,github
https://github.com/semantic-release/semantic-release,stars,2019-06-15,6886,github
https://github.com/semantic-release/semantic-release,stars,2019-06-22,6928,github
https://github.com/semantic-release/semantic-release,stars,2019-06-29,6966,github
https://github.com/semantic-release/semantic-release,stars,2019-07-06,6994,github
https://github.com/semantic-release/semantic-release,stars,2019-07-13,7035,github
https://github.com/semantic-release/semantic-release,stars,2019-07-20,7073,github
https://github.com/semantic-release/semantic-release,stars,2019-07-27,7139,github
https://github.com/semantic-release/semantic-release,stars,2019-08-03,7183,github
https://github.com/semantic-release/semantic-release,stars,2019-08-10,7230,github
https://github.com/semantic-release/semantic-release,stars,2019-08-17,7269,github
https://github.com/semantic-release/semantic-release,stars,2019-08-19,7695,wayback
https://github.com/semantic-release/semantic-release,stars,2019-08-24,7313,github
https://github.com/semantic-release/semantic-release,stars,2019-08-30,7351,github
https://github.com/semantic-release/semantic-release,stars,2019-09-07,7395,github
https://github.com/semantic-release/semantic-release,stars,2019-09-14,7450,github
https://github.com/semantic-release/semantic-release,stars,2019-09-21,7489,github
https://github.com/semantic-release/semantic-release,stars,2019-09-28,7545,github
https://github.com/semantic-release/semantic-release,stars,2019-10-05,7629,github
https://github.com/semantic-release/semantic-release,stars,2019-10-12,7676,github
https://github.com/semantic-release/semantic-release,stars,2019-10-19,7728,github
https://github.com/semantic-release/semantic-release,stars,2019-10-26,7781,github
https://github.com/semantic-release/semantic-release,stars,2019-11-02,7831,github
https://github.com/semantic-release/semantic-release,stars,2019-11-05,8293,wayback
https://github.com/semantic-release/semantic-release,stars,2019-11-09,7897,github
https://github.com/semantic-release/semantic-release,stars,2019-11-16,7951,github
https://github.com/semantic-release/semantic-release,stars,2019-11-23,7997,github
https://github.com/semantic-release/semantic-release,stars,2019-11-30,8040,github
https://github.com/semantic-release/semantic-release,stars,2019-12-07,8097,github
https://github.com/semantic-release/semantic-release,stars,2019-12-12,8559,wayback
https://github.com/semantic-release/semantic-release,stars,2019-12-14,8134,github
https://github.com/semantic-release/semantic-release,stars,2019-12-21,8172,github
https://github.com/semantic-release/semantic-release,stars,2019-12-28,8209,github
https://github.com/semantic-release/semantic-release,stars,2020-01-04,8234,github
https://github.com/semantic-release/semantic-release,stars,2020-01-08,8721,wayback
https://github.com/semantic-release/semantic-release,stars,2020-01-10,8296,github
https://github.com/semantic-release/semantic-release,stars,2020-01-18,8362,github
https://github.com/semantic-release/semantic-release,stars,2020-01-25,8403,github
https://github.com/semantic-release/semantic-release,stars,2020-02-01,8446,github
https://github.com/semantic-release/semantic-release,stars,2020-02-08,8501,github
https://github.com/semantic-release/semantic-release,stars,2020-02-15,8564,github
https://github.com/semantic-release/semantic-release,stars,2020-02-22,8619,github
https://github.com/semantic-release/semantic-release,stars,2020-02-29,8668,github
https://github.com/semantic-release/semantic-release,stars,2020-03-05,9177,wayback
https://github.com/semantic-release/semantic-release,stars,2020-03-07,8730,github
https://github.com/semantic-release/semantic-release,stars,2020-03-14,8790,github
https://github.com/semantic-release/semantic-release,stars,2020-03-21,8837,github
https://github.com/semantic-release/semantic-release,stars,2020-03-28,8883,github
https://github.com/semantic-release/semantic-release,stars,2020-04-04,8941,github
https://github.com/semantic-release/semantic-release,stars,2020-04-11,8985,github
https://github.com/semantic-release/semantic-release,stars,2020-04-14,9473,wayback
https://github.com/semantic-release/semantic-release,stars,2020-04-18,9050,github
https://github.com/semantic-release/semantic-release,stars,2020-04-25,9108,github
https://github.com/semantic-release/semantic-release,stars,2020-05-02,9147,github
https://github.com/semantic-release/semantic-release,stars,2020-05-09,9215,github
https://github.com/semantic-release/semantic-release,stars,2020-05-16,9277,github
https://github.com/semantic-release/semantic-release,stars,2020-05-23,9343,github
https://github.com/semantic-release/semantic-release,stars,2020-05-30,9397,github
https://github.com/semantic-release/semantic-release,stars,2020-05-31,9874,wayback
https://github.com/semantic-release/semantic-release,stars,2020-06-06,9456,github
https://github.com/semantic-release/semantic-release,stars,2020-06-13,9506,github
https://github.com/semantic-release/semantic-release,stars,2020-06-20,9596,github
https://github.com/semantic-release/semantic-release,stars,2020-06-27,9639,github
https://github.com/semantic-release/semantic-release,stars,2020-07-01,10152,wayback
https://github.com/semantic-release/semantic-release,stars,2020-07-04,9693,github
https://github.com/semantic-release/semantic-release,stars,2020-07-11,9742,github
https://github.com/semantic-release/semantic-release,stars,2020-07-18,9793,github
https://github.com/semantic-release/semantic-release,stars,2020-07-25,9835,github
https://github.com/semantic-release/semantic-release,stars,2020-08-01,9897,github
https://github.com/semantic-release/semantic-release,stars,2020-08-08,9941,github
https://github.com/semantic-release/semantic-release,stars,2020-08-10,10449,wayback
https://github.com/semantic-release/semantic-release,stars,2020-08-15,10003,github
https://github.com/semantic-release/semantic-release,stars,2020-08-22,10051,github
https://github.com/semantic-release/semantic-release,stars,2020-08-29,10088,github
https://github.com/semantic-release/semantic-release,stars,2020-09-05,10129,github
https://github.com/semantic-release/semantic-release,stars,2020-09-06,10622,wayback
https://github.com/semantic-release/semantic-release,stars,2020-09-12,10184,github
https://github.com/semantic-release/semantic-release,stars,2020-09-19,10248,github
https://github.com/semantic-release/semantic-release,stars,2020-09-26,10301,github
https://github.com/semantic-release/semantic-release,stars,2020-10-03,10351,github
https://github.com/semantic-release/semantic-release,stars,2020-10-10,10398,github
https://github.com/semantic-release/semantic-release,stars,2020-10-15,10936,wayback
https://github.com/semantic-release/semantic-release,stars,2020-10-17,10452,github
https://github.com/semantic-release/semantic-release,stars,2020-10-24,10504,github
https://github.com/semantic-release/semantic-release,stars,2020-10-31,10542,github
https://github.com/semantic-release/semantic-release,stars,2020-11-02,11042,wayback
https://github.com/semantic-release/semantic-release,stars,2020-11-07,10605,github
https://github.com/semantic-release/semantic-release,stars,2020-11-14,10651,github
https://github.com/semantic-release/semantic-release,stars,2020-11-21,10715,github
https://github.com/semantic-release/semantic-release,stars,2020-11-28,10769,github
https://github.com/semantic-release/semantic-release,stars,2020-12-05,10818,github
https://github.com/semantic-release/semantic-release,stars,2020-12-11,10872,github
https://github.com/semantic-release/semantic-release,stars,2020-12-15,11389,wayback
https://github.com/semantic-release/semantic-release,stars,2020-12-19,10933,github
https://github.com/semantic-release/semantic-release,stars,2020-12-26,10964,github
https://github.com/semantic-release/semantic-release,stars,2021-01-02,11004,github
https://github.com/semantic-release/semantic-release,stars,2021-01-09,11060,github
https://github.com/semantic-release/semantic-release,stars,2021-01-10,11555,wayback
https://github.com/semantic-release/semantic-release,stars,2021-01-16,11122,github
https://github.com/semantic-release/semantic-release,stars,2021-01-23,11186,github
https://github.com/semantic-release/semantic-release,stars,2021-01-30,11244,github
https://github.com/semantic-release/semantic-release,stars,2021-02-01,11758,wayback
https://github.com/semantic-release/semantic-release,stars,2021-02-06,11313,github
https://github.com/semantic-release/semantic-release,stars,2021-02-13,11369,github
https://github.com/semantic-release/semantic-release,stars,2021-02-20,11445,github
https://github.com/semantic-release/semantic-release,stars,2021-02-27,11528,github
https://github.com/semantic-release/semantic-release,stars,2021-03-04,12057,wayback
https://github.com/semantic-release/semantic-release,stars,2021-03-06,11613,github
https://github.com/semantic-release/semantic-release,stars,2021-03-13,11679,github
https://github.com/semantic-release/semantic-release,stars,2021-03-20,11738,github
https://github.com/semantic-release/semantic-release,stars,2021-03-27,11808,github
https://github.com/semantic-release/semantic-release,stars,2021-04-03,11854,github
https://github.com/semantic-release/semantic-release,stars,2021-04-10,11894,github
https://github.com/semantic-release/semantic-release,stars,2021-04-11,12398,wayback
https://github.com/semantic-release/semantic-release,stars,2021-04-17,11942,github
https://github.com/semantic-release/semantic-release,stars,2021-04-24,11993,github
https://github.com/semantic-release/semantic-release,stars,2021-05-01,12042,github
https://github.com/semantic-release/semantic-release,stars,2021-05-04,12560,wayback
https://github.com/semantic-release/semantic-release,stars,2021-05-08,12104,github
https://github.com/semantic-release/semantic-release,stars,2021-05-15,12177,github
https://github.com/semantic-release/semantic-release,stars,2021-05-22,12242,github
https://github.com/semantic-release/semantic-release,stars,2021-05-29,12310,github
https://github.com/semantic-release/semantic-release,stars,2021-06-05,12356,github
https://github.com/semantic-release/semantic-release,stars,2021-06-07,12870,wayback
https://github.com/semantic-release/semantic-release,stars,2021-06-12,12408,github
https://github.com/semantic-release/semantic-release,stars,2021-06-19,12456,github
https://github.com/semantic-release/semantic-release,stars,2021-06-26,12517,github
https://github.com/semantic-release/semantic-release,stars,2021-07-02,13082,wayback
https://github.com/semantic-release/semantic-release,stars,2021-07-03,12574,github
https://github.com/semantic-release/semantic-release,stars,2021-07-10,12623,github
https://github.com/semantic-release/semantic-release,stars,2021-07-17,12685,github
https://github.com/semantic-release/semantic-release,stars,2021-07-24,12733,github
https://github.com/semantic-release/semantic-release,stars,2021-07-31,12787,github
https://github.com/semantic-release/semantic-release,stars,2021-08-02,13308,wayback
https://github.com/semantic-release/semantic-release,stars,2021-08-07,12851,github
https://github.com/semantic-release/semantic-release,stars,2021-08-14,12902,github
https://github.com/semantic-release/semantic-release,stars,2021-08-21,12964,github
https://github.com/semantic-release/semantic-release,stars,2021-08-28,13032,github
https://github.com/semantic-release/semantic-release,stars,2021-09-01,13587,wayback
https://github.com/semantic-release/semantic-release,stars,2021-09-04,13087,github
https://github.com/semantic-release/semantic-release,stars,2021-09-11,13137,github
https://github.com/semantic-release/semantic-release,stars,2021-09-18,13183,github
https://github.com/semantic-release/semantic-release,stars,2021-09-25,13220,github
https://github.com/semantic-release/semantic-release,stars,2021-10-02,13265,github
https://github.com/semantic-release/semantic-release,stars,2021-10-06,13806,wayback
https://github.com/semantic-release/semantic-release,stars,2021-10-09,13329,github
https://github.com/semantic-release/semantic-release,stars,2021-10-16,13382,github
https://github.com/semantic-release/semantic-release,stars,2021-10-23,13420,github
https://github.com/semantic-release/semantic-release,stars,2021-10-30,13479,github
https://github.com/semantic-release/semantic-release,stars,2021-11-03,14037,wayback
https://github.com/semantic-release/semantic-release,stars,2021-11-06,13535,github
https://github.com/semantic-release/semantic-release,stars,2021-11-13,13584,github
https://github.com/semantic-release/semantic-release,stars,2021-11-20,13627,github
https://github.com/semantic-release/semantic-release,stars,2021-11-27,13680,github
https://github.com/semantic-release/semantic-release,stars,2021-12-04,13733,github
https://github.com/semantic-release/semantic-release,stars,2021-12-07,14283,wayback
https://github.com/semantic-release/semantic-release,stars,2021-12-11,13790,github
https://github.com/semantic-release/semantic-release,stars,2021-12-18,13843,github
https://github.com/semantic-release/semantic-release,stars,2021-12-25,13881,github
https://github.com/semantic-release/semantic-release,stars,2022-01-01,13917,github
https://github.com/semantic-release/semantic-release,stars,2022-01-08,13953,github
https://github.com/semantic-release/semantic-release,stars,2022-01-15,14021,github
https://github.com/semantic-release/semantic-release,stars,2022-01-22,14081,github
https://github.com/semantic-release/semantic-release,stars,2022-01-29,14128,github
https://github.com/semantic-release/semantic-release,stars,2022-02-02,14682,wayback
https://github.com/semantic-release/semantic-release,stars,2022-02-05,14189,github
https://github.com/semantic-release/semantic-release,stars,2022-02-12,14230,github
https://github.com/semantic-release/semantic-release,stars,2022-02-19,14285,github
https://github.com/semantic-release/semantic-release,stars,2022-02-26,14355,github
https://github.com/semantic-release/semantic-release,stars,2022-03-05,14399,github
https://github.com/semantic-release/semantic-release,stars,2022-03-12,14456,github
https://github.com/semantic-release/semantic-release,stars,2022-03-19,14511,github
https://github.com/semantic-release/semantic-release,stars,2022-03-26,14562,github
https://github.com/semantic-release/semantic-release,stars,2022-04-02,14640,github
https://github.com/semantic-release/semantic-release,stars,2022-04-09,14696,github
https://github.com/semantic-release/semantic-release,stars,2022-04-16,14745,github
https://github.com/semantic-release/semantic-release,stars,2022-04-23,14807,github
https://github.com/semantic-release/semantic-release,stars,2022-04-30,14861,github
https://github.com/semantic-release/semantic-release,stars,2022-05-03,15377,wayback
https://github.com/semantic-release/semantic-release,stars,2022-05-07,14909,github
https://github.com/semantic-release/semantic-release,stars,2022-05-14,14954,github
https://github.com/semantic-release/semantic-release,stars,2022-05-21,15012,github
https://github.com/semantic-release/semantic-release,stars,2022-05-28,15063,github
https://github.com/semantic-release/semantic-release,stars,2022-06-01,15590,wayback
https://github.com/semantic-release/semantic-release,stars,2022-06-04,15104,github
https://github.com/semantic-release/semantic-release,stars,2022-06-11,15160,github
https://github.com/semantic-release/semantic-release,stars,2022-06-18,15216,github
https://github.com/semantic-release/semantic-release,stars,2022-06-25,15265,github
https://github.com/semantic-release/semantic-release,stars,2022-07-02,15318,github
https://github.com/semantic-release/semantic-release,stars,2022-07-09,15367,github
https://github.com/semantic-release/semantic-release,stars,2022-07-13,15889,wayback
https://github.com/semantic-release/semantic-release,stars,2022-07-16,15422,github
https://github.com/semantic-release/semantic-release,stars,2022-07-23,15468,github
https://github.com/semantic-release/semantic-release,stars,2022-07-30,15526,github
https://github.com/semantic-release/semantic-release,stars,2022-08-06,15583,github
https://github.com/semantic-release/semantic-release,stars,2022-08-09,16096,wayback
https://github.com/semantic-release/semantic-release,stars,2022-08-13,15629,github
https://github.com/semantic-release/semantic-release,stars,2022-08-20,15672,github
https://github.com/semantic-release/semantic-release,stars,2022-08-27,15739,github
https://github.com/semantic-release/semantic-release,stars,2022-09-02,16273,wayback
https://github.com/semantic-release/semantic-release,stars,2022-09-03,15780,github
https://github.com/semantic-release/semantic-release,stars,2022-09-10,15838,github
https://github.com/semantic-release/semantic-release,stars,2022-09-17,15877,github
https://github.com/semantic-release/semantic-release,stars,2022-09-24,15923,github
https://github.com/semantic-release/semantic-release,stars,2022-10-01,15980,github
https://github.com/semantic-release/semantic-release,stars,2022-10-08,16025,github
https://github.com/semantic-release/semantic-release,stars,2022-10-15,16071,github
https://github.com/semantic-release/semantic-release,stars,2022-10-22,16108,github
https://github.com/semantic-release/semantic-release,stars,2022-10-29,16152,github
https://github.com/semantic-release/semantic-release,stars,2022-11-01,16659,wayback
https://github.com/semantic-release/semantic-release,stars,2022-11-05,16194,github
https://github.com/semantic-release/semantic-release,stars,2022-11-12,16242,github
https://github.com/semantic-release/semantic-release,stars,2022-11-19,16273,github
https://github.com/semantic-release/semantic-release,stars,2022-11-26,16303,github
https://github.com/semantic-release/semantic-release,stars,2022-12-03,16350,github
https://github.com/semantic-release/semantic-release,stars,2022-12-07,16843,wayback
https://github.com/semantic-release/semantic-release,stars,2022-12-10,16383,github
https://github.com/semantic-release/semantic-release,stars,2022-12-16,16423,github
https://github.com/semantic-release/semantic-release,stars,2022-12-24,16467,github
https://github.com/semantic-release/semantic-release,stars,2022-12-31,16505,github
https://github.com/semantic-release/semantic-release,stars,2023-01-01,16990,wayback
https://github.com/semantic-release/semantic-release,stars,2023-01-07,16542,github
https://github.com/semantic-release/semantic-release,stars,2023-01-14,16582,github
https://github.com/semantic-release/semantic-release,stars,2023-01-21,16634,github
https://github.com/semantic-release/semantic-release,stars,2023-01-28,16664,github
https://github.com/semantic-release/semantic-release,stars,2023-02-01,17170,wayback
https://github.com/semantic-release/semantic-release,stars,2023-02-04,16725,github
https://github.com/semantic-release/semantic-release,stars,2023-02-11,16771,github
https://github.com/semantic-release/semantic-release,stars,2023-02-18,16818,github
https://github.com/semantic-release/semantic-release,stars,2023-02-25,16872,github
https://github.com/semantic-release/semantic-release,stars,2023-03-04,16914,github
https://github.com/semantic-release/semantic-release,stars,2023-03-06,17404,wayback
https://github.com/semantic-release/semantic-release,stars,2023-03-11,16972,github
https://github.com/semantic-release/semantic-release,stars,2023-03-18,17019,github
https://github.com/semantic-release/semantic-release,stars,2023-03-25,17057,github
https://github.com/semantic-release/semantic-release,stars,2023-04-01,17106,github
https://github.com/semantic-release/semantic-release,stars,2023-04-04,17608,wayback
https://github.com/semantic-release/semantic-release,stars,2023-04-08,17143,github
https://github.com/semantic-release/semantic-release,stars,2023-04-15,17205,github
https://github.com/semantic-release/semantic-release,stars,2023-04-22,17252,github
https://github.com/semantic-release/semantic-release,stars,2023-04-29,17293,github
https://github.com/semantic-release/semantic-release,stars,2023-05-06,17342,github
https://github.com/semantic-release/semantic-release,stars,2023-05-13,17382,github
https://github.com/semantic-release/semantic-release,stars,2023-05-20,17424,github
https://github.com/semantic-release/semantic-release,stars,2023-05-27,17473,github
https://github.com/semantic-release/semantic-release,stars,2023-06-01,17985,wayback
https://github.com/semantic-release/semantic-release,stars,2023-06-03,17511,github
https://github.com/semantic-release/semantic-release,stars,2023-06-10,17551,github
https://github.com/semantic-release/semantic-release,stars,2023-06-17,17586,github
https://github.com/semantic-release/semantic-release,stars,2023-06-24,17622,github
https://github.com/semantic-release/semantic-release,stars,2023-07-01,17675,github
https://github.com/semantic-release/semantic-release,stars,2023-07-04,18164,wayback
https://github.com/semantic-release/semantic-release,stars,2023-07-08,17727,github
https://github.com/semantic-release/semantic-release,stars,2023-07-15,17775,github
https://github.com/semantic-release/semantic-release,stars,2023-07-22,17807,github
https://github.com/semantic-release/semantic-release,stars,2023-07-29,17859,github
https://github.com/semantic-release/semantic-release,stars,2023-08-01,18342,wayback
https://github.com/semantic-release/semantic-release,stars,2023-08-05,17905,github
https://github.com/semantic-release/semantic-release,stars,2023-08-12,17950,github
https://github.com/semantic-release/semantic-release,stars,2023-08-19,18003,github
https://github.com/semantic-release/semantic-release,stars,2023-08-25,18035,github
https://github.com/semantic-release/semantic-release,stars,2023-09-02,18082,github
https://github.com/semantic-release/semantic-release,stars,2023-09-09,18129,github
https://github.com/semantic-release/semantic-release,stars,2023-09-16,18174,github
https://github.com/semantic-release/semantic-release,stars,2023-09-17,18621,wayback
https://github.com/semantic-release/semantic-release,stars,2023-09-23,18209,github
https://github.com/semantic-release/semantic-release,stars,2023-09-30,18253,github
https://github.com/semantic-release/semantic-release,stars,2023-10-07,18297,github
https://github.com/semantic-release/semantic-release,stars,2023-10-10,18738,wayback
https://github.com/semantic-release/semantic-release,stars,2023-10-14,18331,github
https://github.com/semantic-release/semantic-release,stars,2023-10-21,18357,github
https://github.com/semantic-release/semantic-release,stars,2023-10-28,18401,github
https://github.com/semantic-release/semantic-release,stars,2023-11-04,18448,github
https://github.com/semantic-release/semantic-release,stars,2023-11-11,18487,github
https://github.com/semantic-release/semantic-release,stars,2023-11-18,18530,github
https://github.com/semantic-release/semantic-release,stars,2023-11-25,18580,github
https://github.com/semantic-release/semantic-release,stars,2023-12-01,19046,wayback
https://github.com/semantic-release/semantic-release,stars,2023-12-02,18625,github
https://github.com/semantic-release/semantic-release,stars,2023-12-09,18654,github
https://github.com/semantic-release/semantic-release,stars,2023-12-16,18698,github
https://github.com/semantic-release/semantic-release,stars,2023-12-23,18736,github
https://github.com/semantic-release/semantic-release,stars,2023-12-30,18764,github
https://github.com/semantic-release/semantic-release,stars,2024-01-01,19185,wayback
https://github.com/semantic-release/semantic-release,stars,2024-01-06,18801,github
https://github.com/semantic-release/semantic-release,stars,2024-01-13,18840,github
https://github.com/semantic-release/semantic-release,stars,2024-01-20,18880,github
https://github.com/semantic-release/semantic-release,stars,2024-01-27,18913,github
https://github.com/semantic-release/semantic-release,stars,2024-02-02,19354,wayback
https://github.com/semantic-release/semantic-release,stars,2024-02-03,18956,github
https://github.com/semantic-release/semantic-release,stars,2024-02-10,18992,github
https://github.com/semantic-release/semantic-release,stars,2024-02-17,19034,github
https://github.com/semantic-release/semantic-release,stars,2024-02-24,19070,github
https://github.com/semantic-release/semantic-release,stars,2024-03-02,19109,github
https://github.com/semantic-release/semantic-release,stars,2024-03-09,19135,github
https://github.com/semantic-release/semantic-release,stars,2024-03-16,19171,github
https://github.com/semantic-release/semantic-release,stars,2024-03-23,19224,github
https://github.com/semantic-release/semantic-release,stars,2024-03-24,19608,wayback
https://github.com/semantic-release/semantic-release,stars,2024-03-30,19266,github
https://github.com/semantic-release/semantic-release,stars,2024-04-04,19665,wayback
https://github.com/semantic-release/semantic-release,stars,2024-04-06,19300,github
https://github.com/semantic-release/semantic-release,stars,2024-04-13,19353,github
https://github.com/semantic-release/semantic-release,stars,2024-04-20,19394,github
https://github.com/semantic-release/semantic-release,stars,2024-04-27,19433,github
https://github.com/semantic-release/semantic-release,stars,2024-05-01,19818,wayback
https://github.com/semantic-release/semantic-release,stars,2024-05-03,19468,github
https://github.com/semantic-release/semantic-release,stars,2024-05-11,19507,github
https://github.com/semantic-release/semantic-release,stars,2024-05-18,19547,github
https://github.com/semantic-release/semantic-release,stars,2024-05-25,19580,github
https://github.com/semantic-release/semantic-release,stars,2024-06-01,19615,github
https://github.com/semantic-release/semantic-release,stars,2024-06-06,19992,wayback
https://github.com/semantic-release/semantic-release,stars,2024-06-08,19652,github
https://github.com/semantic-release/semantic-release,stars,2024-06-15,19695,github
https://github.com/semantic-release/semantic-release,stars,2024-06-22,19735,github
https://github.com/semantic-release/semantic-release,stars,2024-06-28,19772,github
https://github.com/semantic-release/semantic-release,stars,2024-07-06,19811,github
https://github.com/semantic-release/semantic-release,stars,2024-07-08,20160,wayback
https://github.com/semantic-release/semantic-release,stars,2024-07-13,19861,github
https://github.com/semantic-release/semantic-release,stars,2024-07-20,19904,github
https://github.com/semantic-release/semantic-release,stars,2024-07-27,19936,github
https://github.com/semantic-release/semantic-release,stars,2024-08-03,19971,github
https://github.com/semantic-release/semantic-release,stars,2024-08-04,20305,wayback
https://github.com/semantic-release/semantic-release,stars,2024-08-10,20003,github
https://github.com/semantic-release/semantic-release,stars,2024-08-17,20032,github
https://github.com/semantic-release/semantic-release,stars,2024-08-24,20076,github
https://github.com/semantic-release/semantic-release,stars,2024-08-31,20123,github
https://github.com/semantic-release/semantic-release,stars,2024-09-05,20467,wayback
https://github.com/semantic-release/semantic-release,stars,2024-09-07,20161,github
https://github.com/semantic-release/semantic-release,stars,2024-09-14,20216,github
https://github.com/semantic-release/semantic-release,stars,2024-09-21,20254,github
https://github.com/semantic-release/semantic-release,stars,2024-09-28,20290,github
https://github.com/semantic-release/semantic-release,stars,2024-10-02,20636,wayback
https://github.com/semantic-release/semantic-release,stars,2024-10-05,20336,github
https://github.com/semantic-release/semantic-release,stars,2024-10-12,20375,github
https://github.com/semantic-release/semantic-release,stars,2024-10-19,20409,github
https://github.com/semantic-release/semantic-release,stars,2024-10-26,20452,github
https://github.com/semantic-release/semantic-release,stars,2024-11-02,20489,github
https://github.com/semantic-release/semantic-release,stars,2024-11-04,20804,wayback
https://github.com/semantic-release/semantic-release,stars,2024-11-09,20528,github
https://github.com/semantic-release/semantic-release,stars,2024-11-16,20571,github
https://github.com/semantic-release/semantic-release,stars,2024-11-23,20620,github
https://github.com/semantic-release/semantic-release,stars,2024-11-30,20660,github
https://github.com/semantic-release/semantic-release,stars,2024-12-02,20968,wayback
https://github.com/semantic-release/semantic-release,stars,2024-12-07,20696,github
https://github.com/semantic-release/semantic-release,stars,2024-12-14,20733,github
https://github.com/semantic-release/semantic-release,stars,2024-12-21,20766,github
https://github.com/semantic-release/semantic-release,stars,2024-12-28,20828,github
https://github.com/semantic-release/semantic-release,stars,2025-01-03,21176,wayback
https://github.com/semantic-release/semantic-release,stars,2025-01-04,20895,github
https://github.com/semantic-release/semantic-release,stars,2025-01-11,20937,github
https://github.com/semantic-release/semantic-release,stars,2025-01-18,20984,github
https://github.com/semantic-release/semantic-release,stars,2025-01-25,21029,github
https://github.com/semantic-release/semantic-release,stars,2025-02-01,21064,github
https://github.com/semantic-release/semantic-release,stars,2025-02-08,21095,github
https://github.com/semantic-release/semantic-release,stars,2025-02-15,21167,github
https://github.com/semantic-release/semantic-release,stars,2025-02-22,21214,github
https://github.com/semantic-release/semantic-release,stars,2025-03-01,21250,github
https://github.com/semantic-release/semantic-release,stars,2025-03-04,21528,wayback
https://github.com/semantic-release/semantic-release,stars,2025-03-08,21287,github
https://github.com/semantic-release/semantic-release,stars,2025-03-15,21326,github
https://github.com/semantic-release/semantic-release,stars,2025-03-22,21362,github
https://github.com/semantic-release/semantic-release,stars,2025-03-29,21400,github
https://github.com/semantic-release/semantic-release,stars,2025-04-01,21670,wayback
https://github.com/semantic-release/semantic-release,stars,2025-04-05,21438,github
https://github.com/semantic-release/semantic-release,stars,2025-04-12,21476,github
https://github.com/semantic-release/semantic-release,stars,2025-04-19,21510,github
https://github.com/semantic-release/semantic-release,stars,2025-04-26,21565,github
https://github.com/semantic-release/semantic-release,stars,2025-05-01,21850,wayback
https://github.com/semantic-release/semantic-release,stars,2025-05-03,21607,github
https://github.com/semantic-release/semantic-release,stars,2025-05-10,21651,github
https://github.com/semantic-release/semantic-release,stars,2025-05-17,21687,github
https://github.com/semantic-release/semantic-release,stars,2025-05-24,21740,github
https://github.com/semantic-release/semantic-release,stars,2025-05-31,21777,github
https://github.com/semantic-release/semantic-release,stars,2025-06-02,22017,wayback
https://github.com/semantic-release/semantic-release,stars,2025-06-07,21820,github
https://github.com/semantic-release/semantic-release,stars,2025-06-14,21842,github
https://github.com/semantic-release/semantic-release,stars,2025-06-21,21880,github
https://github.com/semantic-release/semantic-release,stars,2025-06-28,21925,github
https://github.com/semantic-release/semantic-release,stars,2025-07-05,21961,github
https://github.com/semantic-release/semantic-release,stars,2025-07-11,22219,wayback
https://github.com/semantic-release/semantic-release,stars,2025-07-12,21991,github
https://github.com/semantic-release/semantic-release,stars,2025-07-19,22029,github
https://github.com/semantic-release/semantic-release,stars,2025-07-26,22074,github
https://github.com/semantic-release/semantic-release,stars,2025-08-02,22112,github
https://github.com/semantic-release/semantic-release,stars,2025-08-06,22351,wayback
https://github.com/semantic-release/semantic-release,stars,2025-08-09,22166,github
https://github.com/semantic-release/semantic-release,stars,2025-08-16,22201,github
https://github.com/semantic-release/semantic-release,stars,2025-08-23,22238,github
https://github.com/semantic-release/semantic-release,stars,2025-08-30,22272,github
https://github.com/semantic-release/semantic-release,stars,2025-09-02,22485,wayback
https://github.com/semantic-release/semantic-release,stars,2025-09-06,22296,github
https://github.com/semantic-release/semantic-release,stars,2025-09-13,22333,github
https://github.com/semantic-release/semantic-release,stars,2025-09-20,22374,github
https://github.com/semantic-release/semantic-release,stars,2025-09-27,22408,github
https://github.com/semantic-release/semantic-release,stars,2025-10-04,22449,github
https://github.com/semantic-release/semantic-release,stars,2025-10-11,22522,github
https://github.com/semantic-release/semantic-release,stars,2025-10-18,22570,github
https://github.com/semantic-release/semantic-release,stars,2025-10-25,22616,github
https://github.com/semantic-release/semantic-release,stars,2025-11-01,22661,github
https://github.com/semantic-release/semantic-release,stars,2025-11-08,22696,github
https://github.com/semantic-release/semantic-release,stars,2025-11-15,22741,github
https://github.com/semantic-release/semantic-release,stars,2025-11-16,22911,wayback
https://github.com/semantic-release/semantic-release,stars,2025-11-22,22771,github
https://github.com/semantic-release/semantic-release,stars,2025-11-29,22811,github
https://github.com/semantic-release/semantic-release,stars,2025-12-02,22983,wayback
https://github.com/semantic-release/semantic-release,stars,2025-12-06,22844,github
https://github.com/semantic-release/semantic-release,stars,2025-12-13,22883,github
https://github.com/semantic-release/semantic-release,stars,2025-12-20,22913,github
https://github.com/semantic-release/semantic-release,stars,2025-12-27,22946,github
https://github.com/semantic-release/semantic-release,stars,2026-01-01,23127,wayback
https://github.com/semantic-release/semantic-release,stars,2026-01-03,22989,github
https://github.com/semantic-release/semantic-release,stars,2026-01-10,23013,github
https://github.com/semantic-release/semantic-release,stars,2026-01-17,23044,github
https://github.com/semantic-release/semantic-release,stars,2026-01-24,23078,github
https://github.com/semantic-release/semantic-release,stars,2026-01-31,23112,github
https://github.com/semantic-release/semantic-release,stars,2026-02-02,23253,wayback
https://github.com/semantic-release/semantic-release,stars,2026-02-07,23138,github
https://github.com/semantic-release/semantic-release,stars,2026-02-14,23172,github
https://github.com/semantic-release/semantic-release,stars,2026-02-21,23205,github
https://github.com/semantic-release/semantic-release,stars,2026-02-28,23240,github
https://github.com/semantic-release/semantic-release,stars,2026-03-01,23369,wayback
https://github.com/semantic-release/semantic-release,stars,2026-03-07,23270,github
https://github.com/semantic-release/semantic-release,stars,2026-03-14,23305,github
https://github.com/semantic-release/semantic-release,stars,2026-03-21,23334,github
https://github.com/semantic-release/semantic-release,stars,2026-03-28,23373,github
https://github.com/semantic-release/semantic-release,stars,2026-04-04,23407,github
https://github.com/semantic-release/semantic-release,stars,2026-04-09,23534,wayback
https://github.com/semantic-release/semantic-release,stars,2026-04-11,23436,github
https://github.com/semantic-release/semantic-release,stars,2026-04-18,23459,github
https://github.com/semantic-release/semantic-release,stars,2026-04-25,23492,github
https://github.com/semantic-release/semantic-release,stars,2026-05-02,23523,github
https://github.com/semantic-release/semantic-release,stars,2026-05-04,23621,wayback
https://github.com/semantic-release/semantic-release,stars,2026-05-09,23556,github
https://github.com/semantic-release/semantic-release,stars,2026-05-16,23588,github
https://github.com/semantic-release/semantic-release,stars,2026-05-23,23621,github
https://github.com/semantic-release/semantic-release,stars,2026-05-30,23649,github
https://github.com/semantic-release/semantic-release,stars,2026-06-01,23731,wayback
https://github.com/semantic-release/semantic-release,stars,2026-06-06,23677,github
https://github.com/semantic-release/semantic-release,stars,2026-06-13,23698,github
https://github.com/semantic-release/semantic-release,stars,2026-06-20,23752,github
https://github.com/semantic-release/semantic-release,stars,2026-06-27,23779,github
https://github.com/semantic-release/semantic-release,stars,2026-07-03,23809,github
https://github.com/semantic-release/semantic-release,stars,2026-07-11,23842,github
https://github.com/semantic-release/semantic-release,stars,2026-07-18,23853,github
https://github.com/semantic-release/semantic-release,stars,2026-07-25,23878,github
https://github.com/semantic-release/semantic-release,stars,2026-08-01,23904,github
https://github.com/semantic-release/semantic-release,stars,2026-08-05,23945,wayback
https://github.com/semantic-release/semantic-release,stars,2026-08-08,23934,github
https://github.com/semantic-release/semantic-release,stars,2026-08-15,23958,github
https://github.com/semantic-release/semantic-release,stars,2026-08-16,23977,sample
https://github.com/semantic-release/semantic-release,stars,2026-08-18,23988,sample
https://github.com/semantic-release/semantic-release,stars,2026-08-22,23979,github
https://github.com/semantic-release/semantic-release,stars,2026-08-25,24003,sample
https://github.com/semantic-release/semantic-release,stars,2026-08-28,23999,github
https://github.com/semantic-release/semantic-release,stars,2026-09-01,24012,sample
https://github.com/semantic-release/semantic-release,stars,2026-09-05,24014,github
https://github.com/semantic-release/semantic-release,stars,2026-09-08,24028,sample
https://github.com/semantic-release/semantic-release,stars,2026-09-12,24032,github
https://github.com/semantic-release/semantic-release,stars,2026-09-15,24037,sample
https://github.com/semantic-release/semantic-release,stars,2026-09-19,24049,github
https://github.com/semantic-release/semantic-release,stars,2026-09-21,24057,github
https://github.com/semantic-release/semantic-release,stars,2026-09-22,24057,sample
